kind,type,name,age,ability_name,ability_trait,ability_description,ability_description_clean,modifier_type,modifier_args
civilization,CIVILIZATION_AKSUM,Aksum,8d4c8700-frontendcopy,,,,,,
civilization,CIVILIZATION_AKSUM,Aksum,35994bc7-gameplaycopy,,TRAIT_ANTIQUITY_CIV,,,TRAIT_MOD_MARKET_RESOURCE_CAP_TYPE; TRAIT_MOD_LIGHTHOUSE_RESOURCE_CAP_TYPE; TRAIT_MOD_CAPITAL_RESOURCE_CAP_TYPE; TRAIT_MOD_CITY_RESOURCE_CAP_TYPE; TRAIT_MOD_CAPITAL_FREE_FOOD_TYPE; TRAIT_MOD_PENALTY_OVER_SETTLEMENT_CAP_SETTLEMENTS_TYPE; TRAIT_INITIAL_SETTLEMENT_CAP_TYPE; TRAIT_MOD_CHIEFDOM_UNLOCKS_GOVERNMENT_TYPE; TRAIT_MOD_DEFAULT_YIELD_5_TYPE; TRAIT_MOD_DEFAULT_YIELD_10_TYPE; TRAIT_MOD_NEGATIVE_INFLUENCE_CONQUERED_SETTLEMENTS_TYPE; TRAIT_MOD_NEGATIVE_INFLUENCE_RAZED_SETTLEMENTS_TYPE; TRAIT_MOD_GOLD_UNASSIGNED_RESOURCE_TYPE; TRAIT_MOD_HAPPINESS_UNASSIGNED_RESOURCE_TYPE; TRAIT_MOD_TOWN_FARMING_PROJECT_TYPE; TRAIT_MOD_TOWN_FISHING_PROJECT_TYPE; TRAIT_MOD_TOWN_URBAN_CENTER_PROJECT_TYPE; TRAIT_MOD_TOWN_GROWTH_PROJECT_TYPE; MOD_DEFAULT_CIV_RIVER_EMBARKATION_NOT_TEHINA_TYPE,"Amount=1; Amount=2; Amount=2; Amount=1; Amount=1; YieldTypes=YIELD_HAPPINESS; Amount=5; MaxReduction=1000; Amount=3; YieldType=YIELD_GOLD; Amount=5; Tooltip=LOC_DEFAULT_YIELD; YieldType=YIELD_SCIENCE,YIELD_CULTURE,YIELD_DIPLOMACY; Amount=10; Tooltip=LOC_DEFAULT_YIELD; YieldType=YIELD_DIPLOMACY; Amount=-2; Tooltip=LOC_TRAIT_MOD_NEGATIVE_INFLUENCE_CONQUERED_SETTLEMENTS; YieldType=YIELD_DIPLOMACY; Amount=-2; Tooltip=LOC_TRAIT_MOD_NEGATIVE_INFLUENCE_RAZED_SETTLEMENTS; YieldType=YIELD_GOLD; Amount=1; Unassigned=true; YieldType=YIELD_HAPPINESS; Amount=1; Unassigned=true; ProjectType=PROJECT_TOWN_GRANARY; ProjectType=PROJECT_TOWN_FISHING; ProjectType=PROJECT_TOWN_URBAN_CENTER; Percent=50; EmbarkationType=UNIT_EMBARKATION_INLAND_WATER"
civilization,CIVILIZATION_AKSUM,Aksum,35994bc7-gameplaycopy,,TRAIT_AKSUM,,,,
civilization,CIVILIZATION_AKSUM,Aksum,35994bc7-gameplaycopy,Kingdom of Natural Wealth,TRAIT_AKSUM_ABILITY,"[BLIST][LI]+3 [icon:YIELD_GOLD] Gold on [icon:RADIAL_RESOURCES] [TIP:LOC_PEDIA_CONCEPTS_RESOURCES_TOOLTIP]Resources[/TIP] in [TIP:LOC_PEDIA_CONCEPTS_SETTLEMENT_TOOLTIP]Settlements[/TIP] adjacent to Coast.[LI]+1 [icon:TRADE_ROUTE] [TIP:LOC_PEDIA_CONCEPTS_TRADE_ROUTE_TOOLTIP]Trade Route[/TIP] Limit with other Civilizations, and all Civilizations have +1 [icon:TRADE_ROUTE] Trade Route Limit with you.[LI][icon:TRADE_ROUTE] Trade Routes to or from your Settlements have unlimited [TIP:LOC_PEDIA_CONCEPTS_TRADE_RANGE_TOOLTIP]Range[/TIP].[LI]+30% [icon:YIELD_PRODUCTION] Production towards constructing the Great Stele.[/BLIST]","• +3 Gold on Resources in Settlements adjacent to Coast.
• +1 Trade Route Limit with other Civilizations, and all Civilizations have +1 Trade Route Limit with you.
• Trade Routes to or from your Settlements have unlimited Range.
• +30% Production towards constructing the Great Stele.",TRAIT_MOD_KINGDOM_OF_NATURAL_WEALTH_RESOURCE_TYPE; TRAIT_MOD_KINGDOM_OF_NATURAL_WEALTH_TRADE_ROUTE_CAP_SELF_TYPE; TRAIT_MOD_KINGDOM_OF_NATURAL_WEALTH_TRADE_ROUTE_CAP_OTHERS_TYPE; TRAIT_MOD_KINGDOM_OF_NATURAL_WEALTH_TRADE_ROUTE_UNLIMITED_RANGE_TYPE; MOD_CIV_WONDER_PRODUCTION_AKSUM_TYPE,WarehouseYieldChange=AksumKingdomOfNaturalWealthResourceGold; Tooltip=LOC_TRAIT_AKSUM_ABILITY_NAME; Amount=1; MajorsOnly=true; Amount=1; MajorsOnly=true; RoutesToPlayer=true; UnlimitedRange=true; Percent=30
civilization,CIVILIZATION_AKSUM,Aksum,35994bc7-gameplaycopy,,TRAIT_ATTRIBUTE_CULTURAL,,,,
civilization,CIVILIZATION_AKSUM,Aksum,35994bc7-gameplaycopy,,TRAIT_ATTRIBUTE_CULTURAL_TOT_EX,,,,
civilization,CIVILIZATION_AKSUM,Aksum,35994bc7-gameplaycopy,,TRAIT_ATTRIBUTE_CULTURAL_TOT_MO,,,,
civilization,CIVILIZATION_AKSUM,Aksum,35994bc7-gameplaycopy,,TRAIT_ATTRIBUTE_ECONOMIC,,,,
civilization,CIVILIZATION_AKSUM,Aksum,35994bc7-gameplaycopy,,TRAIT_ATTRIBUTE_ECONOMIC_TOT_EX,,,,
civilization,CIVILIZATION_AKSUM,Aksum,35994bc7-gameplaycopy,,TRAIT_ATTRIBUTE_ECONOMIC_TOT_MO,,,,
civilization,CIVILIZATION_EGYPT,Egypt,8d4c8700-frontendcopy,,,,,,
civilization,CIVILIZATION_EGYPT,Egypt,35994bc7-gameplaycopy,,TRAIT_ANTIQUITY_CIV,,,TRAIT_MOD_MARKET_RESOURCE_CAP_TYPE; TRAIT_MOD_LIGHTHOUSE_RESOURCE_CAP_TYPE; TRAIT_MOD_CAPITAL_RESOURCE_CAP_TYPE; TRAIT_MOD_CITY_RESOURCE_CAP_TYPE; TRAIT_MOD_CAPITAL_FREE_FOOD_TYPE; TRAIT_MOD_PENALTY_OVER_SETTLEMENT_CAP_SETTLEMENTS_TYPE; TRAIT_INITIAL_SETTLEMENT_CAP_TYPE; TRAIT_MOD_CHIEFDOM_UNLOCKS_GOVERNMENT_TYPE; TRAIT_MOD_DEFAULT_YIELD_5_TYPE; TRAIT_MOD_DEFAULT_YIELD_10_TYPE; TRAIT_MOD_NEGATIVE_INFLUENCE_CONQUERED_SETTLEMENTS_TYPE; TRAIT_MOD_NEGATIVE_INFLUENCE_RAZED_SETTLEMENTS_TYPE; TRAIT_MOD_GOLD_UNASSIGNED_RESOURCE_TYPE; TRAIT_MOD_HAPPINESS_UNASSIGNED_RESOURCE_TYPE; TRAIT_MOD_TOWN_FARMING_PROJECT_TYPE; TRAIT_MOD_TOWN_FISHING_PROJECT_TYPE; TRAIT_MOD_TOWN_URBAN_CENTER_PROJECT_TYPE; TRAIT_MOD_TOWN_GROWTH_PROJECT_TYPE; MOD_DEFAULT_CIV_RIVER_EMBARKATION_NOT_TEHINA_TYPE,"Amount=1; Amount=2; Amount=2; Amount=1; Amount=1; YieldTypes=YIELD_HAPPINESS; Amount=5; MaxReduction=1000; Amount=3; YieldType=YIELD_GOLD; Amount=5; Tooltip=LOC_DEFAULT_YIELD; YieldType=YIELD_SCIENCE,YIELD_CULTURE,YIELD_DIPLOMACY; Amount=10; Tooltip=LOC_DEFAULT_YIELD; YieldType=YIELD_DIPLOMACY; Amount=-2; Tooltip=LOC_TRAIT_MOD_NEGATIVE_INFLUENCE_CONQUERED_SETTLEMENTS; YieldType=YIELD_DIPLOMACY; Amount=-2; Tooltip=LOC_TRAIT_MOD_NEGATIVE_INFLUENCE_RAZED_SETTLEMENTS; YieldType=YIELD_GOLD; Amount=1; Unassigned=true; YieldType=YIELD_HAPPINESS; Amount=1; Unassigned=true; ProjectType=PROJECT_TOWN_GRANARY; ProjectType=PROJECT_TOWN_FISHING; ProjectType=PROJECT_TOWN_URBAN_CENTER; Percent=50; EmbarkationType=UNIT_EMBARKATION_INLAND_WATER"
civilization,CIVILIZATION_EGYPT,Egypt,35994bc7-gameplaycopy,,TRAIT_EGYPT,,,,
civilization,CIVILIZATION_EGYPT,Egypt,35994bc7-gameplaycopy,Gifts of Osiris,TRAIT_EGYPT_ABILITY,[BLIST][LI]+2 [icon:YIELD_PRODUCTION] Production on [icon:CITY_RURAL] [TIP:LOC_PEDIA_CONCEPTS_IMPROVEMENT_TOOLTIP]Improvements[/TIP] and [icon:CITY_URBAN] [TIP:LOC_PEDIA_CONCEPTS_DISTRICT_TOOLTIP]Districts[/TIP] on [TIP:LOC_PEDIA_CONCEPTS_NAVIGABLE_RIVER_TOOLTIP]Navigable Rivers[/TIP].[LI][B]Minor Rivers[/B] do not end [B]Unit [icon:Action_Move] Movement[/B].[LI]+30% [icon:YIELD_PRODUCTION] Production towards constructing the Pyramids.[/BLIST],"• +2 Production on Improvements and Districts on Navigable Rivers.
• Minor Rivers do not end Unit Movement.
• +30% Production towards constructing the Pyramids.",TRAIT_MOD_GIFTS_OF_OSIRIS_NAVIGABLE_RIVER_TYPE; TRAIT_MOD_GIFTS_OF_OSIRIS_UNITS_IGNORE_MINOR_RIVER_TYPE; MOD_CIV_WONDER_PRODUCTION_EGYPT_TYPE,YieldType=YIELD_PRODUCTION; Amount=2; Tooltip=LOC_TRAIT_EGYPT_ABILITY_NAME; Obstacle=RIVER_MINOR; Percent=30
civilization,CIVILIZATION_EGYPT,Egypt,35994bc7-gameplaycopy,,TRAIT_ATTRIBUTE_CULTURAL,,,,
civilization,CIVILIZATION_EGYPT,Egypt,35994bc7-gameplaycopy,,TRAIT_ATTRIBUTE_CULTURAL_TOT_EX,,,,
civilization,CIVILIZATION_EGYPT,Egypt,35994bc7-gameplaycopy,,TRAIT_ATTRIBUTE_CULTURAL_TOT_MO,,,,
civilization,CIVILIZATION_EGYPT,Egypt,35994bc7-gameplaycopy,,TRAIT_ATTRIBUTE_ECONOMIC,,,,
civilization,CIVILIZATION_EGYPT,Egypt,35994bc7-gameplaycopy,,TRAIT_ATTRIBUTE_ECONOMIC_TOT_EX,,,,
civilization,CIVILIZATION_EGYPT,Egypt,35994bc7-gameplaycopy,,TRAIT_ATTRIBUTE_ECONOMIC_TOT_MO,,,,
civilization,CIVILIZATION_GREECE,Greece,8d4c8700-frontendcopy,,,,,,
civilization,CIVILIZATION_GREECE,Greece,35994bc7-gameplaycopy,,TRAIT_ANTIQUITY_CIV,,,TRAIT_MOD_MARKET_RESOURCE_CAP_TYPE; TRAIT_MOD_LIGHTHOUSE_RESOURCE_CAP_TYPE; TRAIT_MOD_CAPITAL_RESOURCE_CAP_TYPE; TRAIT_MOD_CITY_RESOURCE_CAP_TYPE; TRAIT_MOD_CAPITAL_FREE_FOOD_TYPE; TRAIT_MOD_PENALTY_OVER_SETTLEMENT_CAP_SETTLEMENTS_TYPE; TRAIT_INITIAL_SETTLEMENT_CAP_TYPE; TRAIT_MOD_CHIEFDOM_UNLOCKS_GOVERNMENT_TYPE; TRAIT_MOD_DEFAULT_YIELD_5_TYPE; TRAIT_MOD_DEFAULT_YIELD_10_TYPE; TRAIT_MOD_NEGATIVE_INFLUENCE_CONQUERED_SETTLEMENTS_TYPE; TRAIT_MOD_NEGATIVE_INFLUENCE_RAZED_SETTLEMENTS_TYPE; TRAIT_MOD_GOLD_UNASSIGNED_RESOURCE_TYPE; TRAIT_MOD_HAPPINESS_UNASSIGNED_RESOURCE_TYPE; TRAIT_MOD_TOWN_FARMING_PROJECT_TYPE; TRAIT_MOD_TOWN_FISHING_PROJECT_TYPE; TRAIT_MOD_TOWN_URBAN_CENTER_PROJECT_TYPE; TRAIT_MOD_TOWN_GROWTH_PROJECT_TYPE; MOD_DEFAULT_CIV_RIVER_EMBARKATION_NOT_TEHINA_TYPE,"Amount=1; Amount=2; Amount=2; Amount=1; Amount=1; YieldTypes=YIELD_HAPPINESS; Amount=5; MaxReduction=1000; Amount=3; YieldType=YIELD_GOLD; Amount=5; Tooltip=LOC_DEFAULT_YIELD; YieldType=YIELD_SCIENCE,YIELD_CULTURE,YIELD_DIPLOMACY; Amount=10; Tooltip=LOC_DEFAULT_YIELD; YieldType=YIELD_DIPLOMACY; Amount=-2; Tooltip=LOC_TRAIT_MOD_NEGATIVE_INFLUENCE_CONQUERED_SETTLEMENTS; YieldType=YIELD_DIPLOMACY; Amount=-2; Tooltip=LOC_TRAIT_MOD_NEGATIVE_INFLUENCE_RAZED_SETTLEMENTS; YieldType=YIELD_GOLD; Amount=1; Unassigned=true; YieldType=YIELD_HAPPINESS; Amount=1; Unassigned=true; ProjectType=PROJECT_TOWN_GRANARY; ProjectType=PROJECT_TOWN_FISHING; ProjectType=PROJECT_TOWN_URBAN_CENTER; Percent=50; EmbarkationType=UNIT_EMBARKATION_INLAND_WATER"
civilization,CIVILIZATION_GREECE,Greece,35994bc7-gameplaycopy,,TRAIT_GREECE,,,,
civilization,CIVILIZATION_GREECE,Greece,35994bc7-gameplaycopy,Demokratia,TRAIT_GREECE_ABILITY,"[BLIST][LI][B]+3 [icon:YIELD_DIPLOMACY] Influence[/B] on the [B]Palace[/B].[LI][B]+2 [icon:YIELD_CULTURE] Culture[/B] for active [icon:ENDEAVOR] [B][TIP:LOC_PEDIA_CONCEPTS_ENDEAVOR_TOOLTIP]Endeavors[/TIP][/B], [icon:SANCTIONS] [B][TIP:LOC_PEDIA_CONCEPTS_SANCTION_TOOLTIP]Sanctions[/TIP][/B], and [icon:PROJECT] [B][TIP:LOC_PEDIA_CONCEPTS_DIPLOMATIC_PROJECTS_TOOLTIP]Diplomatic Projects[/TIP][/B] you started or supported.[LI]+3 [icon:CULTURE_VP] [TIP:LOC_PEDIA_CONCEPTS_TOURISTS_TOOLTIP]Tourism[/TIP] for every [TIP:LOC_PEDIA_CONCEPTS_CITY_STATE_TOOLTIP]City-State[/TIP] you are [TIP:LOC_PEDIA_CONCEPTS_SUZERAIN_TOOLTIP]Suzerain[/TIP] of.[LI][B]+30% [icon:YIELD_PRODUCTION] Production [/B]towards constructing the [B]Oracle[/B].[/BLIST]","• +3 Influence on the Palace.
• +2 Culture for active Endeavors, Sanctions, and Diplomatic Projects you started or supported.
• +3 Tourism for every City-State you are Suzerain of.
• +30% Production towards constructing the Oracle.",TRAIT_MOD_DEMOKRATIA_INFLUENCE_TYPE; TRAIT_MOD_DEMOKRATIA_CULTURE_ENDEAVOR_TYPE; TRAIT_MOD_DEMOKRATIA_CULTURE_SANCTION_TYPE; TRAIT_MOD_DEMOKRATIA_CULTURE_PROJECT_TYPE; TRAIT_MOD_DEMOKRATIA_CITY_STATE_TOURISM_TYPE; MOD_CIV_WONDER_PRODUCTION_GREECE_TYPE,YieldType=YIELD_DIPLOMACY; Amount=3; ConstructibleType=BUILDING_PALACE; Tooltip=LOC_TRAIT_GREECE_ABILITY_NAME; ActionGroupType=DIPLOMACY_ACTION_GROUP_ENDEAVOR; YieldType=YIELD_CULTURE; Amount=2; Tooltip=LOC_TRAIT_GREECE_ABILITY_NAME; ActionGroupType=DIPLOMACY_ACTION_GROUP_SANCTION; YieldType=YIELD_CULTURE; Amount=2; Tooltip=LOC_TRAIT_GREECE_ABILITY_NAME; ActionGroupType=DIPLOMACY_ACTION_GROUP_PROJECT; YieldType=YIELD_CULTURE; Amount=2; Tooltip=LOC_TRAIT_GREECE_ABILITY_NAME; TrackerName=VICTORY_TRACKER_GREECE_SUZERAIN; Percent=30
civilization,CIVILIZATION_GREECE,Greece,35994bc7-gameplaycopy,,TRAIT_ATTRIBUTE_CULTURAL,,,,
civilization,CIVILIZATION_GREECE,Greece,35994bc7-gameplaycopy,,TRAIT_ATTRIBUTE_CULTURAL_TOT_EX,,,,
civilization,CIVILIZATION_GREECE,Greece,35994bc7-gameplaycopy,,TRAIT_ATTRIBUTE_CULTURAL_TOT_MO,,,,
civilization,CIVILIZATION_GREECE,Greece,35994bc7-gameplaycopy,,TRAIT_ATTRIBUTE_POLITICAL,,,,
civilization,CIVILIZATION_GREECE,Greece,35994bc7-gameplaycopy,,TRAIT_ATTRIBUTE_POLITICAL_TOT_EX,,,,
civilization,CIVILIZATION_GREECE,Greece,35994bc7-gameplaycopy,,TRAIT_ATTRIBUTE_POLITICAL_TOT_EX_INFLUENCE,,,,
civilization,CIVILIZATION_GREECE,Greece,35994bc7-gameplaycopy,,TRAIT_ATTRIBUTE_POLITICAL_TOT_MO,,,,
civilization,CIVILIZATION_GREECE,Greece,35994bc7-gameplaycopy,,TRAIT_ATTRIBUTE_POLITICAL_TOT_MO_INFLUENCE,,,,
civilization,CIVILIZATION_HAN,Han,8d4c8700-frontendcopy,,,,,,
civilization,CIVILIZATION_HAN,Han,35994bc7-gameplaycopy,,TRAIT_ANTIQUITY_CIV,,,TRAIT_MOD_MARKET_RESOURCE_CAP_TYPE; TRAIT_MOD_LIGHTHOUSE_RESOURCE_CAP_TYPE; TRAIT_MOD_CAPITAL_RESOURCE_CAP_TYPE; TRAIT_MOD_CITY_RESOURCE_CAP_TYPE; TRAIT_MOD_CAPITAL_FREE_FOOD_TYPE; TRAIT_MOD_PENALTY_OVER_SETTLEMENT_CAP_SETTLEMENTS_TYPE; TRAIT_INITIAL_SETTLEMENT_CAP_TYPE; TRAIT_MOD_CHIEFDOM_UNLOCKS_GOVERNMENT_TYPE; TRAIT_MOD_DEFAULT_YIELD_5_TYPE; TRAIT_MOD_DEFAULT_YIELD_10_TYPE; TRAIT_MOD_NEGATIVE_INFLUENCE_CONQUERED_SETTLEMENTS_TYPE; TRAIT_MOD_NEGATIVE_INFLUENCE_RAZED_SETTLEMENTS_TYPE; TRAIT_MOD_GOLD_UNASSIGNED_RESOURCE_TYPE; TRAIT_MOD_HAPPINESS_UNASSIGNED_RESOURCE_TYPE; TRAIT_MOD_TOWN_FARMING_PROJECT_TYPE; TRAIT_MOD_TOWN_FISHING_PROJECT_TYPE; TRAIT_MOD_TOWN_URBAN_CENTER_PROJECT_TYPE; TRAIT_MOD_TOWN_GROWTH_PROJECT_TYPE; MOD_DEFAULT_CIV_RIVER_EMBARKATION_NOT_TEHINA_TYPE,"Amount=1; Amount=2; Amount=2; Amount=1; Amount=1; YieldTypes=YIELD_HAPPINESS; Amount=5; MaxReduction=1000; Amount=3; YieldType=YIELD_GOLD; Amount=5; Tooltip=LOC_DEFAULT_YIELD; YieldType=YIELD_SCIENCE,YIELD_CULTURE,YIELD_DIPLOMACY; Amount=10; Tooltip=LOC_DEFAULT_YIELD; YieldType=YIELD_DIPLOMACY; Amount=-2; Tooltip=LOC_TRAIT_MOD_NEGATIVE_INFLUENCE_CONQUERED_SETTLEMENTS; YieldType=YIELD_DIPLOMACY; Amount=-2; Tooltip=LOC_TRAIT_MOD_NEGATIVE_INFLUENCE_RAZED_SETTLEMENTS; YieldType=YIELD_GOLD; Amount=1; Unassigned=true; YieldType=YIELD_HAPPINESS; Amount=1; Unassigned=true; ProjectType=PROJECT_TOWN_GRANARY; ProjectType=PROJECT_TOWN_FISHING; ProjectType=PROJECT_TOWN_URBAN_CENTER; Percent=50; EmbarkationType=UNIT_EMBARKATION_INLAND_WATER"
civilization,CIVILIZATION_HAN,Han,35994bc7-gameplaycopy,,TRAIT_HAN,,,,
civilization,CIVILIZATION_HAN,Han,35994bc7-gameplaycopy,Nine Provinces,TRAIT_HAN_ABILITY,[BLIST][LI][B]The [icon:NOTIFICATION_SELECT_CAPITAL] Capital[/B] gains [B]a [icon:YIELD_POPULATION] Population[/B] when it completes [B][icon:YIELD_SCIENCE] Science [TIP:LOC_PEDIA_CONCEPTS_BUILDINGS_TOOLTIP]Buildings[/TIP][/B].[LI][B]The [icon:NOTIFICATION_SELECT_CAPITAL] Capital[/B] and new [B][icon:YIELD_TOWNS] [TIP:LOC_PEDIA_CONCEPTS_TOWN_TOOLTIP]Towns[/TIP][/B] gain an [B]additional [icon:YIELD_POPULATION] Population[/B] with their first growth event.[LI][B]+30% [icon:YIELD_PRODUCTION] Production[/B] towards constructing [B]Weiyang Palace[/B].[/BLIST],"• The Capital gains a Population when it completes Science Buildings.
• The Capital and new Towns gain an additional Population with their first growth event.
• +30% Production towards constructing Weiyang Palace.",TRAIT_MOD_NINE_PROVINCES_CAPITAL_TYPE; TRAIT_MOD_NINE_PROVINCES_TOWN_TYPE; TRAIT_MOD_NINE_PROVINCES_POP_IN_CAPITAL_ON_SCIENCE_BUILDING_TYPE; MOD_CIV_WONDER_PRODUCTION_HAN_TYPE,Amount=1; Amount=1; Amount=1; Percent=30
civilization,CIVILIZATION_HAN,Han,35994bc7-gameplaycopy,,TRAIT_ATTRIBUTE_POLITICAL,,,,
civilization,CIVILIZATION_HAN,Han,35994bc7-gameplaycopy,,TRAIT_ATTRIBUTE_POLITICAL_TOT_EX,,,,
civilization,CIVILIZATION_HAN,Han,35994bc7-gameplaycopy,,TRAIT_ATTRIBUTE_POLITICAL_TOT_EX_HAPPINESS,,,,
civilization,CIVILIZATION_HAN,Han,35994bc7-gameplaycopy,,TRAIT_ATTRIBUTE_POLITICAL_TOT_MO,,,,
civilization,CIVILIZATION_HAN,Han,35994bc7-gameplaycopy,,TRAIT_ATTRIBUTE_POLITICAL_TOT_MO_HAPPINESS,,,,
civilization,CIVILIZATION_HAN,Han,35994bc7-gameplaycopy,,TRAIT_ATTRIBUTE_SCIENTIFIC,,,,
civilization,CIVILIZATION_HAN,Han,35994bc7-gameplaycopy,,TRAIT_ATTRIBUTE_SCIENTIFIC_TOT_EX,,,,
civilization,CIVILIZATION_HAN,Han,35994bc7-gameplaycopy,,TRAIT_ATTRIBUTE_SCIENTIFIC_TOT_MO,,,,
civilization,CIVILIZATION_KHMER,Khmer,8d4c8700-frontendcopy,,,,,,
civilization,CIVILIZATION_KHMER,Khmer,35994bc7-gameplaycopy,,TRAIT_ANTIQUITY_CIV,,,TRAIT_MOD_MARKET_RESOURCE_CAP_TYPE; TRAIT_MOD_LIGHTHOUSE_RESOURCE_CAP_TYPE; TRAIT_MOD_CAPITAL_RESOURCE_CAP_TYPE; TRAIT_MOD_CITY_RESOURCE_CAP_TYPE; TRAIT_MOD_CAPITAL_FREE_FOOD_TYPE; TRAIT_MOD_PENALTY_OVER_SETTLEMENT_CAP_SETTLEMENTS_TYPE; TRAIT_INITIAL_SETTLEMENT_CAP_TYPE; TRAIT_MOD_CHIEFDOM_UNLOCKS_GOVERNMENT_TYPE; TRAIT_MOD_DEFAULT_YIELD_5_TYPE; TRAIT_MOD_DEFAULT_YIELD_10_TYPE; TRAIT_MOD_NEGATIVE_INFLUENCE_CONQUERED_SETTLEMENTS_TYPE; TRAIT_MOD_NEGATIVE_INFLUENCE_RAZED_SETTLEMENTS_TYPE; TRAIT_MOD_GOLD_UNASSIGNED_RESOURCE_TYPE; TRAIT_MOD_HAPPINESS_UNASSIGNED_RESOURCE_TYPE; TRAIT_MOD_TOWN_FARMING_PROJECT_TYPE; TRAIT_MOD_TOWN_FISHING_PROJECT_TYPE; TRAIT_MOD_TOWN_URBAN_CENTER_PROJECT_TYPE; TRAIT_MOD_TOWN_GROWTH_PROJECT_TYPE; MOD_DEFAULT_CIV_RIVER_EMBARKATION_NOT_TEHINA_TYPE,"Amount=1; Amount=2; Amount=2; Amount=1; Amount=1; YieldTypes=YIELD_HAPPINESS; Amount=5; MaxReduction=1000; Amount=3; YieldType=YIELD_GOLD; Amount=5; Tooltip=LOC_DEFAULT_YIELD; YieldType=YIELD_SCIENCE,YIELD_CULTURE,YIELD_DIPLOMACY; Amount=10; Tooltip=LOC_DEFAULT_YIELD; YieldType=YIELD_DIPLOMACY; Amount=-2; Tooltip=LOC_TRAIT_MOD_NEGATIVE_INFLUENCE_CONQUERED_SETTLEMENTS; YieldType=YIELD_DIPLOMACY; Amount=-2; Tooltip=LOC_TRAIT_MOD_NEGATIVE_INFLUENCE_RAZED_SETTLEMENTS; YieldType=YIELD_GOLD; Amount=1; Unassigned=true; YieldType=YIELD_HAPPINESS; Amount=1; Unassigned=true; ProjectType=PROJECT_TOWN_GRANARY; ProjectType=PROJECT_TOWN_FISHING; ProjectType=PROJECT_TOWN_URBAN_CENTER; Percent=50; EmbarkationType=UNIT_EMBARKATION_INLAND_WATER"
civilization,CIVILIZATION_KHMER,Khmer,35994bc7-gameplaycopy,,TRAIT_KHMER,,,,
civilization,CIVILIZATION_KHMER,Khmer,35994bc7-gameplaycopy,Ksekam Chamnon,TRAIT_KHMER_ABILITY,"[BLIST][LI][B][TIP:LOC_PEDIA_CONCEPTS_DISTRICT_TOOLTIP]Districts[/TIP][/B] on [B][TIP:LOC_PEDIA_CONCEPTS_RIVER_TOOLTIP]Rivers[/TIP][/B] do not remove the natural yield of the tile.[LI][B]+50% [icon:GROWTH_RATE] [TIP:LOC_PEDIA_CONCEPTS_GROWTH_RATE_TOOLTIP]Growth Rate[/TIP][/B] in the [B][icon:NOTIFICATION_SELECT_CAPITAL] [TIP:LOC_PEDIA_CONCEPTS_CAPITAL_TOOLTIP]Capital[/TIP][/B], but [B]-5 [icon:YIELD_HAPPINESS] Happiness[/B] for [B]every other [icon:YIELD_CITIES] [TIP:LOC_PEDIA_CONCEPTS_CITIES_TOOLTIP]City[/TIP][/B].[LI][B]+30% [icon:YIELD_PRODUCTION] Production[/B] towards constructing [B]Angkor Wat[/B].[/BLIST]","• Districts on Rivers do not remove the natural yield of the tile.
• +50% Growth Rate in the Capital, but -5 Happiness for every other City.
• +30% Production towards constructing Angkor Wat.",TRAIT_MOD_KSEKAM_CHAMNON_MINOR_RIVER_TYPE; TRAIT_MOD_KSEKAM_CHAMNON_NAVIGABLE_RIVER_TYPE; TRAIT_MOD_KSEKAM_CHAMNON_CAPITAL_GROWTH_TYPE; TRAIT_MOD_KSEKAM_CHAMNON_CITY_HAPPINESS_PENALTY_TYPE; MOD_CIV_WONDER_PRODUCTION_KHMER_TYPE,MinorRivers=true; Tooltip=LOC_TRAIT_KHMER_ABILITY_NAME; TerrainTypes=TERRAIN_NAVIGABLE_RIVER; Tooltip=LOC_TRAIT_KHMER_ABILITY_NAME; Percent=50; Tooltip=LOC_TRAIT_KHMER_ABILITY_NAME; YieldType=YIELD_HAPPINESS; Amount=-5; Tooltip=LOC_TRAIT_KHMER_ABILITY_NAME; Percent=30
civilization,CIVILIZATION_KHMER,Khmer,35994bc7-gameplaycopy,,TRAIT_ATTRIBUTE_EXPANSIONIST,,,,
civilization,CIVILIZATION_KHMER,Khmer,35994bc7-gameplaycopy,,TRAIT_ATTRIBUTE_EXPANSIONIST_TALL,,,,
civilization,CIVILIZATION_KHMER,Khmer,35994bc7-gameplaycopy,,TRAIT_ATTRIBUTE_EXPANSIONIST_TOT_EX,,,,
civilization,CIVILIZATION_KHMER,Khmer,35994bc7-gameplaycopy,,TRAIT_ATTRIBUTE_EXPANSIONIST_TOT_EX_TALL,,,,
civilization,CIVILIZATION_KHMER,Khmer,35994bc7-gameplaycopy,,TRAIT_ATTRIBUTE_EXPANSIONIST_TOT_MO,,,,
civilization,CIVILIZATION_KHMER,Khmer,35994bc7-gameplaycopy,,TRAIT_ATTRIBUTE_EXPANSIONIST_TOT_MO_TALL,,,,
civilization,CIVILIZATION_KHMER,Khmer,35994bc7-gameplaycopy,,TRAIT_ATTRIBUTE_SCIENTIFIC,,,,
civilization,CIVILIZATION_KHMER,Khmer,35994bc7-gameplaycopy,,TRAIT_ATTRIBUTE_SCIENTIFIC_TOT_EX,,,,
civilization,CIVILIZATION_KHMER,Khmer,35994bc7-gameplaycopy,,TRAIT_ATTRIBUTE_SCIENTIFIC_TOT_MO,,,,
civilization,CIVILIZATION_MAURYA,Maurya,8d4c8700-frontendcopy,,,,,,
civilization,CIVILIZATION_MAURYA,Maurya,35994bc7-gameplaycopy,,TRAIT_ANTIQUITY_CIV,,,TRAIT_MOD_MARKET_RESOURCE_CAP_TYPE; TRAIT_MOD_LIGHTHOUSE_RESOURCE_CAP_TYPE; TRAIT_MOD_CAPITAL_RESOURCE_CAP_TYPE; TRAIT_MOD_CITY_RESOURCE_CAP_TYPE; TRAIT_MOD_CAPITAL_FREE_FOOD_TYPE; TRAIT_MOD_PENALTY_OVER_SETTLEMENT_CAP_SETTLEMENTS_TYPE; TRAIT_INITIAL_SETTLEMENT_CAP_TYPE; TRAIT_MOD_CHIEFDOM_UNLOCKS_GOVERNMENT_TYPE; TRAIT_MOD_DEFAULT_YIELD_5_TYPE; TRAIT_MOD_DEFAULT_YIELD_10_TYPE; TRAIT_MOD_NEGATIVE_INFLUENCE_CONQUERED_SETTLEMENTS_TYPE; TRAIT_MOD_NEGATIVE_INFLUENCE_RAZED_SETTLEMENTS_TYPE; TRAIT_MOD_GOLD_UNASSIGNED_RESOURCE_TYPE; TRAIT_MOD_HAPPINESS_UNASSIGNED_RESOURCE_TYPE; TRAIT_MOD_TOWN_FARMING_PROJECT_TYPE; TRAIT_MOD_TOWN_FISHING_PROJECT_TYPE; TRAIT_MOD_TOWN_URBAN_CENTER_PROJECT_TYPE; TRAIT_MOD_TOWN_GROWTH_PROJECT_TYPE; MOD_DEFAULT_CIV_RIVER_EMBARKATION_NOT_TEHINA_TYPE,"Amount=1; Amount=2; Amount=2; Amount=1; Amount=1; YieldTypes=YIELD_HAPPINESS; Amount=5; MaxReduction=1000; Amount=3; YieldType=YIELD_GOLD; Amount=5; Tooltip=LOC_DEFAULT_YIELD; YieldType=YIELD_SCIENCE,YIELD_CULTURE,YIELD_DIPLOMACY; Amount=10; Tooltip=LOC_DEFAULT_YIELD; YieldType=YIELD_DIPLOMACY; Amount=-2; Tooltip=LOC_TRAIT_MOD_NEGATIVE_INFLUENCE_CONQUERED_SETTLEMENTS; YieldType=YIELD_DIPLOMACY; Amount=-2; Tooltip=LOC_TRAIT_MOD_NEGATIVE_INFLUENCE_RAZED_SETTLEMENTS; YieldType=YIELD_GOLD; Amount=1; Unassigned=true; YieldType=YIELD_HAPPINESS; Amount=1; Unassigned=true; ProjectType=PROJECT_TOWN_GRANARY; ProjectType=PROJECT_TOWN_FISHING; ProjectType=PROJECT_TOWN_URBAN_CENTER; Percent=50; EmbarkationType=UNIT_EMBARKATION_INLAND_WATER"
civilization,CIVILIZATION_MAURYA,Maurya,35994bc7-gameplaycopy,,TRAIT_MAURYA,,,,
civilization,CIVILIZATION_MAURYA,Maurya,35994bc7-gameplaycopy,Dhamma Thambhā,TRAIT_MAURYA_ABILITY,"[BLIST][LI]+2 [icon:YIELD_HAPPINESS] Happiness on [icon:YIELD_HAPPINESS] Happiness, [icon:MILITARY] Military, and [icon:YIELD_SCIENCE] Science [TIP:LOC_PEDIA_CONCEPTS_BUILDINGS_TOOLTIP]Buildings[/TIP].[LI]Land Units are fully [icon:Action_Heal] Healed when you enter a [icon:CELEBRATION] [TIP:LOC_PEDIA_CONCEPTS_CELEBRATIONS_TOOLTIP]Celebration[/TIP].[LI]+30% [icon:YIELD_PRODUCTION] Production towards constructing Sanchi Stupa.[/BLIST]","• +2 Happiness on Happiness, Military, and Science Buildings.
• Land Units are fully Healed when you enter a Celebration.
• +30% Production towards constructing Sanchi Stupa.",TRAIT_MOD_DHAMMA_THAMBHA_AQ_HAPPINESS_BUILDING_HAPPINESS_TYPE; TRAIT_MOD_DHAMMA_THAMBHA_AQ_MILITARY_BUILDING_HAPPINESS_TYPE; TRAIT_MOD_DHAMMA_THAMBHA_AQ_SCIENCE_BUILDING_HAPPINESS_TYPE; TRAIT_MOD_DHAMMA_THAMBHA_CELEBRATION_HEAL_TYPE; TRAIT_MOD_NAGARIKA_ALTAR_PURCHASE_TYPE; MOD_CIV_WONDER_PRODUCTION_MAURYA_TYPE,Tag=HAPPINESS; YieldType=YIELD_HAPPINESS; Amount=2; Tag=MILITARY; YieldType=YIELD_HAPPINESS; Amount=2; Tag=SCIENCE; YieldType=YIELD_HAPPINESS; Amount=2; DomainType=DOMAIN_LAND; Amount=100; BuildingType=BUILDING_ALTAR; Amount=1; Percent=30
civilization,CIVILIZATION_MAURYA,Maurya,35994bc7-gameplaycopy,,TRAIT_ATTRIBUTE_MILITARISTIC,,,,
civilization,CIVILIZATION_MAURYA,Maurya,35994bc7-gameplaycopy,,TRAIT_ATTRIBUTE_MILITARISTIC_TOT_EX,,,,
civilization,CIVILIZATION_MAURYA,Maurya,35994bc7-gameplaycopy,,TRAIT_ATTRIBUTE_MILITARISTIC_TOT_MO,,,,
civilization,CIVILIZATION_MAURYA,Maurya,35994bc7-gameplaycopy,,TRAIT_ATTRIBUTE_SCIENTIFIC,,,,
civilization,CIVILIZATION_MAURYA,Maurya,35994bc7-gameplaycopy,,TRAIT_ATTRIBUTE_SCIENTIFIC_TOT_EX,,,,
civilization,CIVILIZATION_MAURYA,Maurya,35994bc7-gameplaycopy,,TRAIT_ATTRIBUTE_SCIENTIFIC_TOT_MO,,,,
civilization,CIVILIZATION_MAYA,Maya,8d4c8700-frontendcopy,,,,,,
civilization,CIVILIZATION_MAYA,Maya,35994bc7-gameplaycopy,,TRAIT_ANTIQUITY_CIV,,,TRAIT_MOD_MARKET_RESOURCE_CAP_TYPE; TRAIT_MOD_LIGHTHOUSE_RESOURCE_CAP_TYPE; TRAIT_MOD_CAPITAL_RESOURCE_CAP_TYPE; TRAIT_MOD_CITY_RESOURCE_CAP_TYPE; TRAIT_MOD_CAPITAL_FREE_FOOD_TYPE; TRAIT_MOD_PENALTY_OVER_SETTLEMENT_CAP_SETTLEMENTS_TYPE; TRAIT_INITIAL_SETTLEMENT_CAP_TYPE; TRAIT_MOD_CHIEFDOM_UNLOCKS_GOVERNMENT_TYPE; TRAIT_MOD_DEFAULT_YIELD_5_TYPE; TRAIT_MOD_DEFAULT_YIELD_10_TYPE; TRAIT_MOD_NEGATIVE_INFLUENCE_CONQUERED_SETTLEMENTS_TYPE; TRAIT_MOD_NEGATIVE_INFLUENCE_RAZED_SETTLEMENTS_TYPE; TRAIT_MOD_GOLD_UNASSIGNED_RESOURCE_TYPE; TRAIT_MOD_HAPPINESS_UNASSIGNED_RESOURCE_TYPE; TRAIT_MOD_TOWN_FARMING_PROJECT_TYPE; TRAIT_MOD_TOWN_FISHING_PROJECT_TYPE; TRAIT_MOD_TOWN_URBAN_CENTER_PROJECT_TYPE; TRAIT_MOD_TOWN_GROWTH_PROJECT_TYPE; MOD_DEFAULT_CIV_RIVER_EMBARKATION_NOT_TEHINA_TYPE,"Amount=1; Amount=2; Amount=2; Amount=1; Amount=1; YieldTypes=YIELD_HAPPINESS; Amount=5; MaxReduction=1000; Amount=3; YieldType=YIELD_GOLD; Amount=5; Tooltip=LOC_DEFAULT_YIELD; YieldType=YIELD_SCIENCE,YIELD_CULTURE,YIELD_DIPLOMACY; Amount=10; Tooltip=LOC_DEFAULT_YIELD; YieldType=YIELD_DIPLOMACY; Amount=-2; Tooltip=LOC_TRAIT_MOD_NEGATIVE_INFLUENCE_CONQUERED_SETTLEMENTS; YieldType=YIELD_DIPLOMACY; Amount=-2; Tooltip=LOC_TRAIT_MOD_NEGATIVE_INFLUENCE_RAZED_SETTLEMENTS; YieldType=YIELD_GOLD; Amount=1; Unassigned=true; YieldType=YIELD_HAPPINESS; Amount=1; Unassigned=true; ProjectType=PROJECT_TOWN_GRANARY; ProjectType=PROJECT_TOWN_FISHING; ProjectType=PROJECT_TOWN_URBAN_CENTER; Percent=50; EmbarkationType=UNIT_EMBARKATION_INLAND_WATER"
civilization,CIVILIZATION_MAYA,Maya,35994bc7-gameplaycopy,,TRAIT_MAYA,,,,
civilization,CIVILIZATION_MAYA,Maya,35994bc7-gameplaycopy,Skies of Itzamna,TRAIT_MAYA_ABILITY,"[BLIST][LI]After researching a [icon:RADIAL_TECH] [TIP:LOC_PEDIA_CONCEPTS_TECH_TOOLTIP]Technology[/TIP], gain [icon:YIELD_CULTURE] Culture equal to 10% of its cost.[LI]After studying a [icon:RADIAL_CIVICS] [TIP:LOC_PEDIA_CONCEPTS_CIVIC_TOOLTIP]Civic[/TIP], gain [icon:YIELD_SCIENCE] Science equal to 10% of its cost.[LI]+30% [icon:YIELD_PRODUCTION] Production towards constructing Mundo Perdido.[/BLIST]","• After researching a Technology, gain Culture equal to 10% of its cost.
• After studying a Civic, gain Science equal to 10% of its cost.
• +30% Production towards constructing Mundo Perdido.",TRAIT_MOD_SKIES_OF_ITZAMNA_CULTURE_FOR_TECH_TYPE; TRAIT_MOD_SKIES_OF_ITZAMNA_SCIENCE_FOR_CIVIC_TYPE; MOD_CIV_WONDER_PRODUCTION_MAYA_TYPE,SystemType=SYSTEM_TECH; YieldType=YIELD_CULTURE; PercentCost=10; Tooltip=LOC_TRAIT_MAYA_ABILITY_NAME; SystemType=SYSTEM_CULTURE; YieldType=YIELD_SCIENCE; PercentCost=10; Tooltip=LOC_TRAIT_MAYA_ABILITY_NAME; Percent=30
civilization,CIVILIZATION_MAYA,Maya,35994bc7-gameplaycopy,,TRAIT_ATTRIBUTE_CULTURAL,,,,
civilization,CIVILIZATION_MAYA,Maya,35994bc7-gameplaycopy,,TRAIT_ATTRIBUTE_CULTURAL_TOT_EX,,,,
civilization,CIVILIZATION_MAYA,Maya,35994bc7-gameplaycopy,,TRAIT_ATTRIBUTE_CULTURAL_TOT_MO,,,,
civilization,CIVILIZATION_MAYA,Maya,35994bc7-gameplaycopy,,TRAIT_ATTRIBUTE_SCIENTIFIC,,,,
civilization,CIVILIZATION_MAYA,Maya,35994bc7-gameplaycopy,,TRAIT_ATTRIBUTE_SCIENTIFIC_TOT_EX,,,,
civilization,CIVILIZATION_MAYA,Maya,35994bc7-gameplaycopy,,TRAIT_ATTRIBUTE_SCIENTIFIC_TOT_MO,,,,
civilization,CIVILIZATION_MISSISSIPPIAN,Mississippian,8d4c8700-frontendcopy,,,,,,
civilization,CIVILIZATION_MISSISSIPPIAN,Mississippian,35994bc7-gameplaycopy,,TRAIT_ANTIQUITY_CIV,,,TRAIT_MOD_MARKET_RESOURCE_CAP_TYPE; TRAIT_MOD_LIGHTHOUSE_RESOURCE_CAP_TYPE; TRAIT_MOD_CAPITAL_RESOURCE_CAP_TYPE; TRAIT_MOD_CITY_RESOURCE_CAP_TYPE; TRAIT_MOD_CAPITAL_FREE_FOOD_TYPE; TRAIT_MOD_PENALTY_OVER_SETTLEMENT_CAP_SETTLEMENTS_TYPE; TRAIT_INITIAL_SETTLEMENT_CAP_TYPE; TRAIT_MOD_CHIEFDOM_UNLOCKS_GOVERNMENT_TYPE; TRAIT_MOD_DEFAULT_YIELD_5_TYPE; TRAIT_MOD_DEFAULT_YIELD_10_TYPE; TRAIT_MOD_NEGATIVE_INFLUENCE_CONQUERED_SETTLEMENTS_TYPE; TRAIT_MOD_NEGATIVE_INFLUENCE_RAZED_SETTLEMENTS_TYPE; TRAIT_MOD_GOLD_UNASSIGNED_RESOURCE_TYPE; TRAIT_MOD_HAPPINESS_UNASSIGNED_RESOURCE_TYPE; TRAIT_MOD_TOWN_FARMING_PROJECT_TYPE; TRAIT_MOD_TOWN_FISHING_PROJECT_TYPE; TRAIT_MOD_TOWN_URBAN_CENTER_PROJECT_TYPE; TRAIT_MOD_TOWN_GROWTH_PROJECT_TYPE; MOD_DEFAULT_CIV_RIVER_EMBARKATION_NOT_TEHINA_TYPE,"Amount=1; Amount=2; Amount=2; Amount=1; Amount=1; YieldTypes=YIELD_HAPPINESS; Amount=5; MaxReduction=1000; Amount=3; YieldType=YIELD_GOLD; Amount=5; Tooltip=LOC_DEFAULT_YIELD; YieldType=YIELD_SCIENCE,YIELD_CULTURE,YIELD_DIPLOMACY; Amount=10; Tooltip=LOC_DEFAULT_YIELD; YieldType=YIELD_DIPLOMACY; Amount=-2; Tooltip=LOC_TRAIT_MOD_NEGATIVE_INFLUENCE_CONQUERED_SETTLEMENTS; YieldType=YIELD_DIPLOMACY; Amount=-2; Tooltip=LOC_TRAIT_MOD_NEGATIVE_INFLUENCE_RAZED_SETTLEMENTS; YieldType=YIELD_GOLD; Amount=1; Unassigned=true; YieldType=YIELD_HAPPINESS; Amount=1; Unassigned=true; ProjectType=PROJECT_TOWN_GRANARY; ProjectType=PROJECT_TOWN_FISHING; ProjectType=PROJECT_TOWN_URBAN_CENTER; Percent=50; EmbarkationType=UNIT_EMBARKATION_INLAND_WATER"
civilization,CIVILIZATION_MISSISSIPPIAN,Mississippian,35994bc7-gameplaycopy,,TRAIT_MISSISSIPPIAN,,,,
civilization,CIVILIZATION_MISSISSIPPIAN,Mississippian,35994bc7-gameplaycopy,Goose Societies,TRAIT_MISSISSIPPIAN_ABILITY,[BLIST][LI]All [B][icon:CITY_BUILDING_LIST] [TIP:LOC_PEDIA_CONCEPTS_BUILDINGS_TOOLTIP]Buildings[/TIP][/B] receive a [B]+1 [icon:YIELD_FOOD] Food Adjacency[/B] for [B][icon:RADIAL_RESOURCES] [TIP:LOC_PEDIA_CONCEPTS_RESOURCES_TOOLTIP]Resources[/TIP][/B].[LI][B]+10% [icon:YIELD_PRODUCTION] Production[/B] towards constructing [B][icon:CITY_BUILDING_LIST] Buildings[/B].[LI][B]+30% [icon:YIELD_PRODUCTION] Production[/B] towards constructing the [B]Monks Mound[/B].[/BLIST],"• All Buildings receive a +1 Food Adjacency for Resources.
• +10% Production towards constructing Buildings.
• +30% Production towards constructing the Monks Mound.",TRAIT_MOD_GOOSE_SOCIETIES_TYPE; TRAIT_MOD_GOOSE_SOCIETIES_BUILDING_PRODUCTION_TYPE; MOD_CIV_WONDER_PRODUCTION_MISSISSIPPIAN_TYPE,ConstructibleAdjacency=GooseSocietiesWildcardResourceFood; ConstructibleClass=BUILDING; Percent=10; Tooltip=LOC_TRAIT_MISSISSIPPIAN_ABILITY_NAME; Percent=30
civilization,CIVILIZATION_MISSISSIPPIAN,Mississippian,35994bc7-gameplaycopy,,TRAIT_ATTRIBUTE_ECONOMIC,,,,
civilization,CIVILIZATION_MISSISSIPPIAN,Mississippian,35994bc7-gameplaycopy,,TRAIT_ATTRIBUTE_ECONOMIC_TOT_EX,,,,
civilization,CIVILIZATION_MISSISSIPPIAN,Mississippian,35994bc7-gameplaycopy,,TRAIT_ATTRIBUTE_ECONOMIC_TOT_MO,,,,
civilization,CIVILIZATION_MISSISSIPPIAN,Mississippian,35994bc7-gameplaycopy,,TRAIT_ATTRIBUTE_EXPANSIONIST,,,,
civilization,CIVILIZATION_MISSISSIPPIAN,Mississippian,35994bc7-gameplaycopy,,TRAIT_ATTRIBUTE_EXPANSIONIST_WIDE,,,,
civilization,CIVILIZATION_MISSISSIPPIAN,Mississippian,35994bc7-gameplaycopy,,TRAIT_ATTRIBUTE_EXPANSIONIST_TOT_EX,,,,
civilization,CIVILIZATION_MISSISSIPPIAN,Mississippian,35994bc7-gameplaycopy,,TRAIT_ATTRIBUTE_EXPANSIONIST_TOT_EX_WIDE,,,,
civilization,CIVILIZATION_MISSISSIPPIAN,Mississippian,35994bc7-gameplaycopy,,TRAIT_ATTRIBUTE_EXPANSIONIST_TOT_MO,,,,
civilization,CIVILIZATION_MISSISSIPPIAN,Mississippian,35994bc7-gameplaycopy,,TRAIT_ATTRIBUTE_EXPANSIONIST_TOT_MO_WIDE,,,,
civilization,CIVILIZATION_PERSIA,Achaemenid Persia,8d4c8700-frontendcopy,,,,,,
civilization,CIVILIZATION_PERSIA,Achaemenid Persia,35994bc7-gameplaycopy,,TRAIT_ANTIQUITY_CIV,,,TRAIT_MOD_MARKET_RESOURCE_CAP_TYPE; TRAIT_MOD_LIGHTHOUSE_RESOURCE_CAP_TYPE; TRAIT_MOD_CAPITAL_RESOURCE_CAP_TYPE; TRAIT_MOD_CITY_RESOURCE_CAP_TYPE; TRAIT_MOD_CAPITAL_FREE_FOOD_TYPE; TRAIT_MOD_PENALTY_OVER_SETTLEMENT_CAP_SETTLEMENTS_TYPE; TRAIT_INITIAL_SETTLEMENT_CAP_TYPE; TRAIT_MOD_CHIEFDOM_UNLOCKS_GOVERNMENT_TYPE; TRAIT_MOD_DEFAULT_YIELD_5_TYPE; TRAIT_MOD_DEFAULT_YIELD_10_TYPE; TRAIT_MOD_NEGATIVE_INFLUENCE_CONQUERED_SETTLEMENTS_TYPE; TRAIT_MOD_NEGATIVE_INFLUENCE_RAZED_SETTLEMENTS_TYPE; TRAIT_MOD_GOLD_UNASSIGNED_RESOURCE_TYPE; TRAIT_MOD_HAPPINESS_UNASSIGNED_RESOURCE_TYPE; TRAIT_MOD_TOWN_FARMING_PROJECT_TYPE; TRAIT_MOD_TOWN_FISHING_PROJECT_TYPE; TRAIT_MOD_TOWN_URBAN_CENTER_PROJECT_TYPE; TRAIT_MOD_TOWN_GROWTH_PROJECT_TYPE; MOD_DEFAULT_CIV_RIVER_EMBARKATION_NOT_TEHINA_TYPE,"Amount=1; Amount=2; Amount=2; Amount=1; Amount=1; YieldTypes=YIELD_HAPPINESS; Amount=5; MaxReduction=1000; Amount=3; YieldType=YIELD_GOLD; Amount=5; Tooltip=LOC_DEFAULT_YIELD; YieldType=YIELD_SCIENCE,YIELD_CULTURE,YIELD_DIPLOMACY; Amount=10; Tooltip=LOC_DEFAULT_YIELD; YieldType=YIELD_DIPLOMACY; Amount=-2; Tooltip=LOC_TRAIT_MOD_NEGATIVE_INFLUENCE_CONQUERED_SETTLEMENTS; YieldType=YIELD_DIPLOMACY; Amount=-2; Tooltip=LOC_TRAIT_MOD_NEGATIVE_INFLUENCE_RAZED_SETTLEMENTS; YieldType=YIELD_GOLD; Amount=1; Unassigned=true; YieldType=YIELD_HAPPINESS; Amount=1; Unassigned=true; ProjectType=PROJECT_TOWN_GRANARY; ProjectType=PROJECT_TOWN_FISHING; ProjectType=PROJECT_TOWN_URBAN_CENTER; Percent=50; EmbarkationType=UNIT_EMBARKATION_INLAND_WATER"
civilization,CIVILIZATION_PERSIA,Achaemenid Persia,35994bc7-gameplaycopy,,TRAIT_PERSIA,,,,
civilization,CIVILIZATION_PERSIA,Achaemenid Persia,35994bc7-gameplaycopy,Hamarana Council,TRAIT_PERSIA_ABILITY,[BLIST][LI][B]+3 [icon:NAR_REW_COMBAT] [TIP:LOC_PEDIA_CONCEPTS_COMBAT_STRENGTH_TOOLTIP]Combat Strength[/TIP][/B] for [B][TIP:LOC_PEDIA_CONCEPTS_INFANTRY_UNITS_TOOLTIP]Infantry Units[/TIP][/B] when attacking.[LI][B][icon:UNIT_ARMY_COMMANDER] [TIP:LOC_PEDIA_CONCEPTS_COMMANDER_TOOLTIP]Army Commanders[/TIP][/B] start with a free [B][icon:NAR_REW_PROMOTION] [TIP:LOC_PEDIA_CONCEPTS_PROMOTION_TOOLTIP]Promotion[/TIP][/B].[LI][B]+30% [icon:YIELD_PRODUCTION] Production[/B] towards constructing the [B]Gate of All Nations[/B].[/BLIST],"• +3 Combat Strength for Infantry Units when attacking.
• Army Commanders start with a free Promotion.
• +30% Production towards constructing the Gate of All Nations.",TRAIT_MOD_HAMARANA_COUNCIL_TYPE; TRAIT_MOD_HAMARANA_COMMANDER_PROMOTION_TYPE; MOD_CIV_WONDER_PRODUCTION_PERSIA_TYPE,AbilityType=ABILITY_HAMARANA_COUNCIL; Amount=1; Percent=30
civilization,CIVILIZATION_PERSIA,Achaemenid Persia,35994bc7-gameplaycopy,,TRAIT_ATTRIBUTE_ECONOMIC,,,,
civilization,CIVILIZATION_PERSIA,Achaemenid Persia,35994bc7-gameplaycopy,,TRAIT_ATTRIBUTE_ECONOMIC_TOT_EX,,,,
civilization,CIVILIZATION_PERSIA,Achaemenid Persia,35994bc7-gameplaycopy,,TRAIT_ATTRIBUTE_ECONOMIC_TOT_MO,,,,
civilization,CIVILIZATION_PERSIA,Achaemenid Persia,35994bc7-gameplaycopy,,TRAIT_ATTRIBUTE_MILITARISTIC,,,,
civilization,CIVILIZATION_PERSIA,Achaemenid Persia,35994bc7-gameplaycopy,,TRAIT_ATTRIBUTE_MILITARISTIC_TOT_EX,,,,
civilization,CIVILIZATION_PERSIA,Achaemenid Persia,35994bc7-gameplaycopy,,TRAIT_ATTRIBUTE_MILITARISTIC_TOT_MO,,,,
civilization,CIVILIZATION_ROME,Rome,8d4c8700-frontendcopy,,,,,,
civilization,CIVILIZATION_ROME,Rome,35994bc7-gameplaycopy,,TRAIT_ANTIQUITY_CIV,,,TRAIT_MOD_MARKET_RESOURCE_CAP_TYPE; TRAIT_MOD_LIGHTHOUSE_RESOURCE_CAP_TYPE; TRAIT_MOD_CAPITAL_RESOURCE_CAP_TYPE; TRAIT_MOD_CITY_RESOURCE_CAP_TYPE; TRAIT_MOD_CAPITAL_FREE_FOOD_TYPE; TRAIT_MOD_PENALTY_OVER_SETTLEMENT_CAP_SETTLEMENTS_TYPE; TRAIT_INITIAL_SETTLEMENT_CAP_TYPE; TRAIT_MOD_CHIEFDOM_UNLOCKS_GOVERNMENT_TYPE; TRAIT_MOD_DEFAULT_YIELD_5_TYPE; TRAIT_MOD_DEFAULT_YIELD_10_TYPE; TRAIT_MOD_NEGATIVE_INFLUENCE_CONQUERED_SETTLEMENTS_TYPE; TRAIT_MOD_NEGATIVE_INFLUENCE_RAZED_SETTLEMENTS_TYPE; TRAIT_MOD_GOLD_UNASSIGNED_RESOURCE_TYPE; TRAIT_MOD_HAPPINESS_UNASSIGNED_RESOURCE_TYPE; TRAIT_MOD_TOWN_FARMING_PROJECT_TYPE; TRAIT_MOD_TOWN_FISHING_PROJECT_TYPE; TRAIT_MOD_TOWN_URBAN_CENTER_PROJECT_TYPE; TRAIT_MOD_TOWN_GROWTH_PROJECT_TYPE; MOD_DEFAULT_CIV_RIVER_EMBARKATION_NOT_TEHINA_TYPE,"Amount=1; Amount=2; Amount=2; Amount=1; Amount=1; YieldTypes=YIELD_HAPPINESS; Amount=5; MaxReduction=1000; Amount=3; YieldType=YIELD_GOLD; Amount=5; Tooltip=LOC_DEFAULT_YIELD; YieldType=YIELD_SCIENCE,YIELD_CULTURE,YIELD_DIPLOMACY; Amount=10; Tooltip=LOC_DEFAULT_YIELD; YieldType=YIELD_DIPLOMACY; Amount=-2; Tooltip=LOC_TRAIT_MOD_NEGATIVE_INFLUENCE_CONQUERED_SETTLEMENTS; YieldType=YIELD_DIPLOMACY; Amount=-2; Tooltip=LOC_TRAIT_MOD_NEGATIVE_INFLUENCE_RAZED_SETTLEMENTS; YieldType=YIELD_GOLD; Amount=1; Unassigned=true; YieldType=YIELD_HAPPINESS; Amount=1; Unassigned=true; ProjectType=PROJECT_TOWN_GRANARY; ProjectType=PROJECT_TOWN_FISHING; ProjectType=PROJECT_TOWN_URBAN_CENTER; Percent=50; EmbarkationType=UNIT_EMBARKATION_INLAND_WATER"
civilization,CIVILIZATION_ROME,Rome,35994bc7-gameplaycopy,,TRAIT_ROME,,,,
civilization,CIVILIZATION_ROME,Rome,35994bc7-gameplaycopy,Twelve Tables,TRAIT_ROME_ABILITY,[BLIST][LI]+1 [icon:YIELD_CULTURE] Culture on [icon:CITY_URBAN] [TIP:LOC_PEDIA_CONCEPTS_DISTRICT_TOOLTIP]Districts[/TIP] in the [icon:NOTIFICATION_SELECT_CAPITAL] Capital and City Centers in [icon:YIELD_TOWNS] [TIP:LOC_PEDIA_CONCEPTS_TOWN_TOOLTIP]Towns[/TIP].[LI]Gain a free [B]Infantry Unit[/B] in new [icon:YIELD_TOWNS] [B][TIP:LOC_PEDIA_CONCEPTS_TOWN_TOOLTIP]Towns[/TIP][/B] that you found.[LI]+30% [icon:YIELD_PRODUCTION] Production towards constructing the Colosseum.[/BLIST],"• +1 Culture on Districts in the Capital and City Centers in Towns.
• Gain a free Infantry Unit in new Towns that you found.
• +30% Production towards constructing the Colosseum.",TRAIT_MOD_TWELVE_TABLES_CAPITAL_TYPE; TRAIT_MOD_TWELVE_TABLES_TOWNS_TYPE; TRAIT_MOD_TWELVE_TABLES_TOWN_INFANTRY_TYPE; MOD_CIV_WONDER_PRODUCTION_ROME_TYPE,ModifierId=ATTACH_MOD_TWELVE_TABLES_CAPITAL; ModifierId=ATTACH_MOD_TWELVE_TABLES_TOWNS; UnitTag=UNIT_CLASS_INFANTRY; Amount=1; AllowUniqueOverride=true; Percent=30
civilization,CIVILIZATION_ROME,Rome,35994bc7-gameplaycopy,,TRAIT_ATTRIBUTE_CULTURAL,,,,
civilization,CIVILIZATION_ROME,Rome,35994bc7-gameplaycopy,,TRAIT_ATTRIBUTE_CULTURAL_TOT_EX,,,,
civilization,CIVILIZATION_ROME,Rome,35994bc7-gameplaycopy,,TRAIT_ATTRIBUTE_CULTURAL_TOT_MO,,,,
civilization,CIVILIZATION_ROME,Rome,35994bc7-gameplaycopy,,TRAIT_ATTRIBUTE_MILITARISTIC,,,,
civilization,CIVILIZATION_ROME,Rome,35994bc7-gameplaycopy,,TRAIT_ATTRIBUTE_MILITARISTIC_TOT_EX,,,,
civilization,CIVILIZATION_ROME,Rome,35994bc7-gameplaycopy,,TRAIT_ATTRIBUTE_MILITARISTIC_TOT_MO,,,,
civilization,CIVILIZATION_ABBASID,Abbasid,8d4c8700-frontendcopy,,,,,,
civilization,CIVILIZATION_ABBASID,Abbasid,35994bc7-gameplaycopy,,TRAIT_EXPLORATION_CIV,,,,
civilization,CIVILIZATION_ABBASID,Abbasid,35994bc7-gameplaycopy,,TRAIT_ABBASID,,,,
civilization,CIVILIZATION_ABBASID,Abbasid,35994bc7-gameplaycopy,Madina,TRAIT_ABBASID_ABILITY,[BLIST][LI]Receive [B]30 [icon:YIELD_GOLD] Gold[/B] for each [B][icon:YIELD_POPULATION] [TIP:LOC_PEDIA_CONCEPTS_IMPROVEMENT_TOOLTIP]Rural Population[/TIP][/B] of the City when you create a [B][icon:SPECIALIST][TIP:LOC_PEDIA_CONCEPTS_SPECIALIST_TOOLTIP]Specialist[/TIP][/B]. (Scales by Game Speed)[LI][B]+20% [icon:YIELD_PRODUCTION] Production[/B] towards constructing [B][icon:CITY_BUILDING_LIST] [TIP:LOC_PEDIA_CONCEPTS_BUILDINGS_TOOLTIP]Buildings[/TIP][/B] in [B][icon:YIELD_CITIES] [TIP:LOC_PEDIA_CONCEPTS_CITIES_TOOLTIP]Cities[/TIP][/B] with at least [B]5 [icon:SPECIALIST][TIP:LOC_PEDIA_CONCEPTS_SPECIALIST_TOOLTIP]Specialists[/TIP][/B].[LI][B]+30% [icon:YIELD_PRODUCTION] Production[/B] towards constructing the [B]House of Wisdom[/B].[/BLIST],"• Receive 30 Gold for each Population Rural Population of the City when you create a Specialist. (Scales by Game Speed)
• +20% Production towards constructing Buildings in Cities with at least 5 Specialists.
• +30% Production towards constructing the House of Wisdom.",TRAIT_MOD_TOT_AQ_GOLD_SPECIALISTS_TYPE,Worker=true; Rural=true; Amount=10; YieldType=YIELD_GOLD; Tooltip=LOC_TRAIT_ABBASID_ABILITY_NAME
civilization,CIVILIZATION_ABBASID,Abbasid,35994bc7-gameplaycopy,,TRAIT_ATTRIBUTE_EXPANSIONIST,,,,
civilization,CIVILIZATION_ABBASID,Abbasid,35994bc7-gameplaycopy,,TRAIT_ATTRIBUTE_EXPANSIONIST_TALL,,,,
civilization,CIVILIZATION_ABBASID,Abbasid,35994bc7-gameplaycopy,,TRAIT_ATTRIBUTE_EXPANSIONIST_TOT_AQ,,,,
civilization,CIVILIZATION_ABBASID,Abbasid,35994bc7-gameplaycopy,,TRAIT_ATTRIBUTE_EXPANSIONIST_TOT_AQ_TALL,,,,
civilization,CIVILIZATION_ABBASID,Abbasid,35994bc7-gameplaycopy,,TRAIT_ATTRIBUTE_EXPANSIONIST_TOT_MO,,,,
civilization,CIVILIZATION_ABBASID,Abbasid,35994bc7-gameplaycopy,,TRAIT_ATTRIBUTE_EXPANSIONIST_TOT_MO_TALL,,,,
civilization,CIVILIZATION_ABBASID,Abbasid,35994bc7-gameplaycopy,,TRAIT_ATTRIBUTE_SCIENTIFIC,,,,
civilization,CIVILIZATION_ABBASID,Abbasid,35994bc7-gameplaycopy,,TRAIT_ATTRIBUTE_SCIENTIFIC_TOT_AQ,,,,
civilization,CIVILIZATION_ABBASID,Abbasid,35994bc7-gameplaycopy,,TRAIT_ATTRIBUTE_SCIENTIFIC_TOT_MO,,,,
civilization,CIVILIZATION_ABBASID,Abbasid,35994bc7-gameplaycopy,,TRAIT_ANACHRONISTIC_CIV,,,TRAIT_MOD_MARKET_RESOURCE_CAP_TYPE; TRAIT_MOD_LIGHTHOUSE_RESOURCE_CAP_TYPE; TRAIT_MOD_CAPITAL_RESOURCE_CAP_TYPE; TRAIT_MOD_CITY_RESOURCE_CAP_TYPE; MOD_DEFAULT_CIV_RIVER_EMBARKATION_TYPE; TRAIT_MOD_CAPITAL_FREE_FOOD_TYPE; TRAIT_MOD_PENALTY_OVER_SETTLEMENT_CAP_SETTLEMENTS_TYPE; TRAIT_INITIAL_SETTLEMENT_CAP_TYPE; TRAIT_MOD_CHIEFDOM_UNLOCKS_GOVERNMENT_TYPE; TRAIT_MOD_DEFAULT_YIELD_5_TYPE; TRAIT_MOD_DEFAULT_YIELD_10_TYPE; TRAIT_MOD_NEGATIVE_INFLUENCE_CONQUERED_SETTLEMENTS_TYPE; TRAIT_MOD_NEGATIVE_INFLUENCE_RAZED_SETTLEMENTS_TYPE; TRAIT_MOD_GOLD_UNASSIGNED_RESOURCE_TYPE; TRAIT_MOD_HAPPINESS_UNASSIGNED_RESOURCE_TYPE; TRAIT_MOD_TOWN_FARMING_PROJECT_TYPE; TRAIT_MOD_TOWN_FISHING_PROJECT_TYPE; TRAIT_MOD_TOWN_URBAN_CENTER_PROJECT_TYPE; TRAIT_MOD_TOWN_GROWTH_PROJECT_TYPE,"Amount=1; Amount=2; Amount=2; Amount=1; EmbarkationType=UNIT_EMBARKATION_INLAND_WATER; Amount=1; YieldTypes=YIELD_HAPPINESS; Amount=5; MaxReduction=1000; Amount=3; YieldType=YIELD_GOLD; Amount=5; Tooltip=LOC_DEFAULT_YIELD; YieldType=YIELD_SCIENCE,YIELD_CULTURE,YIELD_DIPLOMACY; Amount=10; Tooltip=LOC_DEFAULT_YIELD; YieldType=YIELD_DIPLOMACY; Amount=-2; Tooltip=LOC_TRAIT_MOD_NEGATIVE_INFLUENCE_CONQUERED_SETTLEMENTS; YieldType=YIELD_DIPLOMACY; Amount=-2; Tooltip=LOC_TRAIT_MOD_NEGATIVE_INFLUENCE_RAZED_SETTLEMENTS; YieldType=YIELD_GOLD; Amount=1; Unassigned=true; YieldType=YIELD_HAPPINESS; Amount=1; Unassigned=true; ProjectType=PROJECT_TOWN_GRANARY; ProjectType=PROJECT_TOWN_FISHING; ProjectType=PROJECT_TOWN_URBAN_CENTER; Percent=50"
civilization,CIVILIZATION_CHOLA,Chola,8d4c8700-frontendcopy,,,,,,
civilization,CIVILIZATION_CHOLA,Chola,35994bc7-gameplaycopy,,TRAIT_EXPLORATION_CIV,,,,
civilization,CIVILIZATION_CHOLA,Chola,35994bc7-gameplaycopy,,TRAIT_CHOLA,,,,
civilization,CIVILIZATION_CHOLA,Chola,35994bc7-gameplaycopy,Samayam,TRAIT_CHOLA_ABILITY,[BLIST][LI][B]+1 [icon:TRADE_ROUTE] Trade Route[/B] from the [icon:DIPLOMATIC_ACTION] [B]Improve Trade Relations[/B] Action.[LI][B]+3 [icon:YIELD_GOLD] Gold[/B] and [B]+2 [icon:YIELD_DIPLOMACY] Influence[/B] for every active [icon:TRADE_ROUTE] [B]Trade Route[/B].[LI][B]+1 [icon:Action_Move] Movement[/B] for [icon:UNIT_MERCHANT] [B]Merchants[/B].[LI][B]+1 [icon:ECONOMIC_VP] GDP per turn[/B] for imported [icon:RADIAL_RESOURCES] [B]Resources[/B] assigned to [icon:YIELD_CITIES] [B]Cities[/B].[LI][B]+30% [icon:YIELD_PRODUCTION] Production[/B] towards constructing the [B]Brihadeeswarar Temple[/B].[/BLIST],"• +1 Trade Route from the Improve Trade Relations Action.
• +3 Gold and +2 Influence for every active Trade Route.
• +1 Movement for Merchants.
• +1 GDP per turn for imported Resources assigned to Cities.
• +30% Production towards constructing the Brihadeeswarar Temple.",MOD_TOT_CHANGE_TRADE_ROUTE_CAPACITY_TYPE; TRAIT_MOD_TOT_AQ_TRADE_ROUTE_GOLD_TYPE; TRAIT_MOD_TOT_AQ_TRADE_ROUTE_INFLUENCE_TYPE; TRAIT_MOD_CHOLA_MERCHANT_MOVEMENT_TYPE,Amount=1; YieldType=YIELD_GOLD; Amount=2; Tooltip=LOC_TRAIT_CHOLA_ABILITY_NAME; YieldType=YIELD_DIPLOMACY; Amount=1; Tooltip=LOC_TRAIT_CHOLA_ABILITY_NAME; Amount=1
civilization,CIVILIZATION_CHOLA,Chola,35994bc7-gameplaycopy,,TRAIT_ATTRIBUTE_ECONOMIC,,,,
civilization,CIVILIZATION_CHOLA,Chola,35994bc7-gameplaycopy,,TRAIT_ATTRIBUTE_ECONOMIC_TOT_AQ,,,,
civilization,CIVILIZATION_CHOLA,Chola,35994bc7-gameplaycopy,,TRAIT_ATTRIBUTE_ECONOMIC_TOT_MO,,,,
civilization,CIVILIZATION_CHOLA,Chola,35994bc7-gameplaycopy,,TRAIT_ATTRIBUTE_POLITICAL,,,,
civilization,CIVILIZATION_CHOLA,Chola,35994bc7-gameplaycopy,,TRAIT_ATTRIBUTE_POLITICAL_TOT_AQ,,,,
civilization,CIVILIZATION_CHOLA,Chola,35994bc7-gameplaycopy,,TRAIT_ATTRIBUTE_POLITICAL_TOT_AQ_INFLUENCE,,,,
civilization,CIVILIZATION_CHOLA,Chola,35994bc7-gameplaycopy,,TRAIT_ATTRIBUTE_POLITICAL_TOT_MO,,,,
civilization,CIVILIZATION_CHOLA,Chola,35994bc7-gameplaycopy,,TRAIT_ATTRIBUTE_POLITICAL_TOT_MO_INFLUENCE,,,,
civilization,CIVILIZATION_CHOLA,Chola,35994bc7-gameplaycopy,,TRAIT_ANACHRONISTIC_CIV,,,TRAIT_MOD_MARKET_RESOURCE_CAP_TYPE; TRAIT_MOD_LIGHTHOUSE_RESOURCE_CAP_TYPE; TRAIT_MOD_CAPITAL_RESOURCE_CAP_TYPE; TRAIT_MOD_CITY_RESOURCE_CAP_TYPE; MOD_DEFAULT_CIV_RIVER_EMBARKATION_TYPE; TRAIT_MOD_CAPITAL_FREE_FOOD_TYPE; TRAIT_MOD_PENALTY_OVER_SETTLEMENT_CAP_SETTLEMENTS_TYPE; TRAIT_INITIAL_SETTLEMENT_CAP_TYPE; TRAIT_MOD_CHIEFDOM_UNLOCKS_GOVERNMENT_TYPE; TRAIT_MOD_DEFAULT_YIELD_5_TYPE; TRAIT_MOD_DEFAULT_YIELD_10_TYPE; TRAIT_MOD_NEGATIVE_INFLUENCE_CONQUERED_SETTLEMENTS_TYPE; TRAIT_MOD_NEGATIVE_INFLUENCE_RAZED_SETTLEMENTS_TYPE; TRAIT_MOD_GOLD_UNASSIGNED_RESOURCE_TYPE; TRAIT_MOD_HAPPINESS_UNASSIGNED_RESOURCE_TYPE; TRAIT_MOD_TOWN_FARMING_PROJECT_TYPE; TRAIT_MOD_TOWN_FISHING_PROJECT_TYPE; TRAIT_MOD_TOWN_URBAN_CENTER_PROJECT_TYPE; TRAIT_MOD_TOWN_GROWTH_PROJECT_TYPE,"Amount=1; Amount=2; Amount=2; Amount=1; EmbarkationType=UNIT_EMBARKATION_INLAND_WATER; Amount=1; YieldTypes=YIELD_HAPPINESS; Amount=5; MaxReduction=1000; Amount=3; YieldType=YIELD_GOLD; Amount=5; Tooltip=LOC_DEFAULT_YIELD; YieldType=YIELD_SCIENCE,YIELD_CULTURE,YIELD_DIPLOMACY; Amount=10; Tooltip=LOC_DEFAULT_YIELD; YieldType=YIELD_DIPLOMACY; Amount=-2; Tooltip=LOC_TRAIT_MOD_NEGATIVE_INFLUENCE_CONQUERED_SETTLEMENTS; YieldType=YIELD_DIPLOMACY; Amount=-2; Tooltip=LOC_TRAIT_MOD_NEGATIVE_INFLUENCE_RAZED_SETTLEMENTS; YieldType=YIELD_GOLD; Amount=1; Unassigned=true; YieldType=YIELD_HAPPINESS; Amount=1; Unassigned=true; ProjectType=PROJECT_TOWN_GRANARY; ProjectType=PROJECT_TOWN_FISHING; ProjectType=PROJECT_TOWN_URBAN_CENTER; Percent=50"
civilization,CIVILIZATION_HAWAII,Hawai'i,8d4c8700-frontendcopy,,,,,,
civilization,CIVILIZATION_HAWAII,Hawai'i,35994bc7-gameplaycopy,,TRAIT_EXPLORATION_CIV,,,,
civilization,CIVILIZATION_HAWAII,Hawai'i,35994bc7-gameplaycopy,,TRAIT_HAWAII,,,,
civilization,CIVILIZATION_HAWAII,Hawai'i,35994bc7-gameplaycopy,,TRAIT_HAWAII_2,,,,
civilization,CIVILIZATION_HAWAII,Hawai'i,35994bc7-gameplaycopy,Moananuiākea,TRAIT_HAWAII_ABILITY,[BLIST][LI]Can work [icon:CITY_UNIMPROVED] Ocean Terrain.[LI]+1 [icon:YIELD_HAPPINESS] Happiness and +2 [icon:YIELD_CULTURE] Culture on all [icon:CITY_UNIMPROVED] Marine Terrain.[LI]+30% [icon:YIELD_PRODUCTION] Production towards constructing Hale o Keawe.[/BLIST],"• Can work Ocean Terrain.
• +1 Happiness and +2 Culture on all Marine Terrain.
• +30% Production towards constructing Hale o Keawe.",TRAIT_MOD_HAWAII_IMPROVE_OCEAN_TYPE; TRAIT_MOD_HAWAII_TOT_AQ_CULTURE_ON_MARINE_TYPE; TRAIT_MOD_HAWAII_TOT_AQ_CULTURE_WAREHOUSE_TYPE,"ConstructibleType=IMPROVEMENT_HAWAII_FISHING_BOAT; Amount=1; YieldType=YIELD_CULTURE; WarehouseYieldChange=HawaiiAQ_FishingBoatResourceCulture, HawaiiAQ_AtollFeatureCulture, HawaiiAQ_LotusFeatureCulture, HawaiiAQ_ReefFeatureCulture, HawaiiAQ_ColdReefFeatureCulture"
civilization,CIVILIZATION_HAWAII,Hawai'i,35994bc7-gameplaycopy,,TRAIT_ATTRIBUTE_CULTURAL,,,,
civilization,CIVILIZATION_HAWAII,Hawai'i,35994bc7-gameplaycopy,,TRAIT_ATTRIBUTE_CULTURAL_TOT_AQ,,,,
civilization,CIVILIZATION_HAWAII,Hawai'i,35994bc7-gameplaycopy,,TRAIT_ATTRIBUTE_CULTURAL_TOT_MO,,,,
civilization,CIVILIZATION_HAWAII,Hawai'i,35994bc7-gameplaycopy,,TRAIT_ATTRIBUTE_EXPANSIONIST,,,,
civilization,CIVILIZATION_HAWAII,Hawai'i,35994bc7-gameplaycopy,,TRAIT_ATTRIBUTE_EXPANSIONIST_WIDE,,,,
civilization,CIVILIZATION_HAWAII,Hawai'i,35994bc7-gameplaycopy,,TRAIT_ATTRIBUTE_EXPANSIONIST_TOT_AQ,,,,
civilization,CIVILIZATION_HAWAII,Hawai'i,35994bc7-gameplaycopy,,TRAIT_ATTRIBUTE_EXPANSIONIST_TOT_AQ_WIDE,,,,
civilization,CIVILIZATION_HAWAII,Hawai'i,35994bc7-gameplaycopy,,TRAIT_ATTRIBUTE_EXPANSIONIST_TOT_MO,,,,
civilization,CIVILIZATION_HAWAII,Hawai'i,35994bc7-gameplaycopy,,TRAIT_ATTRIBUTE_EXPANSIONIST_TOT_MO_WIDE,,,,
civilization,CIVILIZATION_HAWAII,Hawai'i,35994bc7-gameplaycopy,,TRAIT_ANACHRONISTIC_CIV,,,TRAIT_MOD_MARKET_RESOURCE_CAP_TYPE; TRAIT_MOD_LIGHTHOUSE_RESOURCE_CAP_TYPE; TRAIT_MOD_CAPITAL_RESOURCE_CAP_TYPE; TRAIT_MOD_CITY_RESOURCE_CAP_TYPE; MOD_DEFAULT_CIV_RIVER_EMBARKATION_TYPE; TRAIT_MOD_CAPITAL_FREE_FOOD_TYPE; TRAIT_MOD_PENALTY_OVER_SETTLEMENT_CAP_SETTLEMENTS_TYPE; TRAIT_INITIAL_SETTLEMENT_CAP_TYPE; TRAIT_MOD_CHIEFDOM_UNLOCKS_GOVERNMENT_TYPE; TRAIT_MOD_DEFAULT_YIELD_5_TYPE; TRAIT_MOD_DEFAULT_YIELD_10_TYPE; TRAIT_MOD_NEGATIVE_INFLUENCE_CONQUERED_SETTLEMENTS_TYPE; TRAIT_MOD_NEGATIVE_INFLUENCE_RAZED_SETTLEMENTS_TYPE; TRAIT_MOD_GOLD_UNASSIGNED_RESOURCE_TYPE; TRAIT_MOD_HAPPINESS_UNASSIGNED_RESOURCE_TYPE; TRAIT_MOD_TOWN_FARMING_PROJECT_TYPE; TRAIT_MOD_TOWN_FISHING_PROJECT_TYPE; TRAIT_MOD_TOWN_URBAN_CENTER_PROJECT_TYPE; TRAIT_MOD_TOWN_GROWTH_PROJECT_TYPE,"Amount=1; Amount=2; Amount=2; Amount=1; EmbarkationType=UNIT_EMBARKATION_INLAND_WATER; Amount=1; YieldTypes=YIELD_HAPPINESS; Amount=5; MaxReduction=1000; Amount=3; YieldType=YIELD_GOLD; Amount=5; Tooltip=LOC_DEFAULT_YIELD; YieldType=YIELD_SCIENCE,YIELD_CULTURE,YIELD_DIPLOMACY; Amount=10; Tooltip=LOC_DEFAULT_YIELD; YieldType=YIELD_DIPLOMACY; Amount=-2; Tooltip=LOC_TRAIT_MOD_NEGATIVE_INFLUENCE_CONQUERED_SETTLEMENTS; YieldType=YIELD_DIPLOMACY; Amount=-2; Tooltip=LOC_TRAIT_MOD_NEGATIVE_INFLUENCE_RAZED_SETTLEMENTS; YieldType=YIELD_GOLD; Amount=1; Unassigned=true; YieldType=YIELD_HAPPINESS; Amount=1; Unassigned=true; ProjectType=PROJECT_TOWN_GRANARY; ProjectType=PROJECT_TOWN_FISHING; ProjectType=PROJECT_TOWN_URBAN_CENTER; Percent=50"
civilization,CIVILIZATION_INCA,Inca,8d4c8700-frontendcopy,,,,,,
civilization,CIVILIZATION_INCA,Inca,35994bc7-gameplaycopy,,TRAIT_EXPLORATION_CIV,,,,
civilization,CIVILIZATION_INCA,Inca,35994bc7-gameplaycopy,,TRAIT_INCA,,,,
civilization,CIVILIZATION_INCA,Inca,35994bc7-gameplaycopy,,TRAIT_INCA_2,,,,
civilization,CIVILIZATION_INCA,Inca,35994bc7-gameplaycopy,Apus,TRAIT_INCA_ABILITY,[BLIST][LI]Can work [icon:CITY_UNIMPROVED] Mountain Terrain.[LI]+2 [icon:YIELD_FOOD] Food and +1 [icon:YIELD_PRODUCTION] Production on [icon:CITY_UNIMPROVED] Mountain Terrain.[LI]Can generate [icon:UNIT_TREASURE_FLEET] [TIP:LOC_PEDIA_CONCEPTS_HOMELANDS_TOOLTIP]Homelands[/TIP] [TIP:LOC_PEDIA_CONCEPTS_TREASURE_CONVOY_TOOLTIP]Treasure Convoys[/TIP] in [TIP:LOC_PEDIA_CONCEPTS_CITIES_TOOLTIP]Cities[/TIP] with 3 Worked Mountains after completing the [icon:RADIAL_CIVICS] Qhapaq Ñan Civic.[LI]+30% [icon:YIELD_PRODUCTION] Production towards constructing Machu Pikchu.[/BLIST],"• Can work Mountain Terrain.
• +2 Food and +1 Production on Mountain Terrain.
• Can generate Homelands Treasure Convoys in Cities with 3 Worked Mountains after completing the Qhapaq Ñan Civic.
• +30% Production towards constructing Machu Pikchu.",TRAIT_MOD_APUS_IMPROVE_MOUNTAINS_TYPE; TRAIT_MOD_TOT_AQ_APUS_MOUNTAIN_FOOD_TYPE; TRAIT_MOD_APUS_MOUNTAIN_PRODUCTION_TYPE,ConstructibleType=IMPROVEMENT_INCA_MOUNTAIN; Amount=1; YieldType=YIELD_FOOD; Amount=1; YieldType=YIELD_PRODUCTION
civilization,CIVILIZATION_INCA,Inca,35994bc7-gameplaycopy,,TRAIT_ATTRIBUTE_ECONOMIC,,,,
civilization,CIVILIZATION_INCA,Inca,35994bc7-gameplaycopy,,TRAIT_ATTRIBUTE_ECONOMIC_TOT_AQ,,,,
civilization,CIVILIZATION_INCA,Inca,35994bc7-gameplaycopy,,TRAIT_ATTRIBUTE_ECONOMIC_TOT_MO,,,,
civilization,CIVILIZATION_INCA,Inca,35994bc7-gameplaycopy,,TRAIT_ATTRIBUTE_EXPANSIONIST,,,,
civilization,CIVILIZATION_INCA,Inca,35994bc7-gameplaycopy,,TRAIT_ATTRIBUTE_EXPANSIONIST_TALL,,,,
civilization,CIVILIZATION_INCA,Inca,35994bc7-gameplaycopy,,TRAIT_ATTRIBUTE_EXPANSIONIST_TOT_AQ,,,,
civilization,CIVILIZATION_INCA,Inca,35994bc7-gameplaycopy,,TRAIT_ATTRIBUTE_EXPANSIONIST_TOT_AQ_TALL,,,,
civilization,CIVILIZATION_INCA,Inca,35994bc7-gameplaycopy,,TRAIT_ATTRIBUTE_EXPANSIONIST_TOT_MO,,,,
civilization,CIVILIZATION_INCA,Inca,35994bc7-gameplaycopy,,TRAIT_ATTRIBUTE_EXPANSIONIST_TOT_MO_TALL,,,,
civilization,CIVILIZATION_INCA,Inca,35994bc7-gameplaycopy,,TRAIT_ANACHRONISTIC_CIV,,,TRAIT_MOD_MARKET_RESOURCE_CAP_TYPE; TRAIT_MOD_LIGHTHOUSE_RESOURCE_CAP_TYPE; TRAIT_MOD_CAPITAL_RESOURCE_CAP_TYPE; TRAIT_MOD_CITY_RESOURCE_CAP_TYPE; MOD_DEFAULT_CIV_RIVER_EMBARKATION_TYPE; TRAIT_MOD_CAPITAL_FREE_FOOD_TYPE; TRAIT_MOD_PENALTY_OVER_SETTLEMENT_CAP_SETTLEMENTS_TYPE; TRAIT_INITIAL_SETTLEMENT_CAP_TYPE; TRAIT_MOD_CHIEFDOM_UNLOCKS_GOVERNMENT_TYPE; TRAIT_MOD_DEFAULT_YIELD_5_TYPE; TRAIT_MOD_DEFAULT_YIELD_10_TYPE; TRAIT_MOD_NEGATIVE_INFLUENCE_CONQUERED_SETTLEMENTS_TYPE; TRAIT_MOD_NEGATIVE_INFLUENCE_RAZED_SETTLEMENTS_TYPE; TRAIT_MOD_GOLD_UNASSIGNED_RESOURCE_TYPE; TRAIT_MOD_HAPPINESS_UNASSIGNED_RESOURCE_TYPE; TRAIT_MOD_TOWN_FARMING_PROJECT_TYPE; TRAIT_MOD_TOWN_FISHING_PROJECT_TYPE; TRAIT_MOD_TOWN_URBAN_CENTER_PROJECT_TYPE; TRAIT_MOD_TOWN_GROWTH_PROJECT_TYPE,"Amount=1; Amount=2; Amount=2; Amount=1; EmbarkationType=UNIT_EMBARKATION_INLAND_WATER; Amount=1; YieldTypes=YIELD_HAPPINESS; Amount=5; MaxReduction=1000; Amount=3; YieldType=YIELD_GOLD; Amount=5; Tooltip=LOC_DEFAULT_YIELD; YieldType=YIELD_SCIENCE,YIELD_CULTURE,YIELD_DIPLOMACY; Amount=10; Tooltip=LOC_DEFAULT_YIELD; YieldType=YIELD_DIPLOMACY; Amount=-2; Tooltip=LOC_TRAIT_MOD_NEGATIVE_INFLUENCE_CONQUERED_SETTLEMENTS; YieldType=YIELD_DIPLOMACY; Amount=-2; Tooltip=LOC_TRAIT_MOD_NEGATIVE_INFLUENCE_RAZED_SETTLEMENTS; YieldType=YIELD_GOLD; Amount=1; Unassigned=true; YieldType=YIELD_HAPPINESS; Amount=1; Unassigned=true; ProjectType=PROJECT_TOWN_GRANARY; ProjectType=PROJECT_TOWN_FISHING; ProjectType=PROJECT_TOWN_URBAN_CENTER; Percent=50"
civilization,CIVILIZATION_MAJAPAHIT,Majapahit,8d4c8700-frontendcopy,,,,,,
civilization,CIVILIZATION_MAJAPAHIT,Majapahit,35994bc7-gameplaycopy,,TRAIT_EXPLORATION_CIV,,,,
civilization,CIVILIZATION_MAJAPAHIT,Majapahit,35994bc7-gameplaycopy,,TRAIT_MAJAPAHIT,,,,
civilization,CIVILIZATION_MAJAPAHIT,Majapahit,35994bc7-gameplaycopy,Negara,TRAIT_MAJAPAHIT_ABILITY,"[BLIST][LI][B][icon:YIELD_CULTURE] Culture [TIP:LOC_PEDIA_CONCEPTS_BUILDINGS_TOOLTIP]Buildings[/TIP][B] gain an adjacency for [icon:CITY_UNIMPROVED] [B]Coast[/B].[LI][B]+1 [icon:SPECIALIST] [TIP:LOC_PEDIA_CONCEPTS_SPECIALIST_LIMIT_TOOLTIP]Specialist Limit[/TIP][/B] in [icon:CITY_URBAN] [TIP:LOC_PEDIA_CONCEPTS_DISTRICT_TOOLTIP]Districts[/TIP] on or adjacent to [icon:CITY_UNIMPROVED] [B]Coast[B].[LI]If you transition away from [B]the Majapahit[/B], the [B][icon:SPECIALIST] [TIP:LOC_PEDIA_CONCEPTS_SPECIALIST_LIMIT_TOOLTIP]Specialist Limit[/TIP][/B] increase goes away. [B][icon:SPECIALIST][TIP:LOC_PEDIA_CONCEPTS_SPECIALIST_TOOLTIP]Specialists[/TIP][/B] over the Limit become inactive until you increase the Limit.[LI][B]+30% [icon:YIELD_PRODUCTION] Production[/B] towards constructing [B]Borobudur[/B].[/BLIST]","• Culture Buildings gain an adjacency for Coast.
• +1 Specialist Limit in Districts on or adjacent to Coast.
• If you transition away from the Majapahit, the Specialist Limit increase goes away. Specialists over the Limit become inactive until you increase the Limit.
• +30% Production towards constructing Borobudur.",TRAIT_MOD_NEGARA_CULTURE_BUILDING_ADJACENCY_TYPE; TRAIT_MOD_NEGARA_SPECIALIST_CAP_INCREASE_TYPE,ConstructibleAdjacency=NegaraCultureBuildingCoastCulture; Amount=1
civilization,CIVILIZATION_MAJAPAHIT,Majapahit,35994bc7-gameplaycopy,,TRAIT_ATTRIBUTE_CULTURAL,,,,
civilization,CIVILIZATION_MAJAPAHIT,Majapahit,35994bc7-gameplaycopy,,TRAIT_ATTRIBUTE_CULTURAL_TOT_AQ,,,,
civilization,CIVILIZATION_MAJAPAHIT,Majapahit,35994bc7-gameplaycopy,,TRAIT_ATTRIBUTE_CULTURAL_TOT_MO,,,,
civilization,CIVILIZATION_MAJAPAHIT,Majapahit,35994bc7-gameplaycopy,,TRAIT_ATTRIBUTE_EXPANSIONIST,,,,
civilization,CIVILIZATION_MAJAPAHIT,Majapahit,35994bc7-gameplaycopy,,TRAIT_ATTRIBUTE_EXPANSIONIST_TALL,,,,
civilization,CIVILIZATION_MAJAPAHIT,Majapahit,35994bc7-gameplaycopy,,TRAIT_ATTRIBUTE_EXPANSIONIST_TOT_AQ,,,,
civilization,CIVILIZATION_MAJAPAHIT,Majapahit,35994bc7-gameplaycopy,,TRAIT_ATTRIBUTE_EXPANSIONIST_TOT_AQ_TALL,,,,
civilization,CIVILIZATION_MAJAPAHIT,Majapahit,35994bc7-gameplaycopy,,TRAIT_ATTRIBUTE_EXPANSIONIST_TOT_MO,,,,
civilization,CIVILIZATION_MAJAPAHIT,Majapahit,35994bc7-gameplaycopy,,TRAIT_ATTRIBUTE_EXPANSIONIST_TOT_MO_TALL,,,,
civilization,CIVILIZATION_MAJAPAHIT,Majapahit,35994bc7-gameplaycopy,,TRAIT_ANACHRONISTIC_CIV,,,TRAIT_MOD_MARKET_RESOURCE_CAP_TYPE; TRAIT_MOD_LIGHTHOUSE_RESOURCE_CAP_TYPE; TRAIT_MOD_CAPITAL_RESOURCE_CAP_TYPE; TRAIT_MOD_CITY_RESOURCE_CAP_TYPE; MOD_DEFAULT_CIV_RIVER_EMBARKATION_TYPE; TRAIT_MOD_CAPITAL_FREE_FOOD_TYPE; TRAIT_MOD_PENALTY_OVER_SETTLEMENT_CAP_SETTLEMENTS_TYPE; TRAIT_INITIAL_SETTLEMENT_CAP_TYPE; TRAIT_MOD_CHIEFDOM_UNLOCKS_GOVERNMENT_TYPE; TRAIT_MOD_DEFAULT_YIELD_5_TYPE; TRAIT_MOD_DEFAULT_YIELD_10_TYPE; TRAIT_MOD_NEGATIVE_INFLUENCE_CONQUERED_SETTLEMENTS_TYPE; TRAIT_MOD_NEGATIVE_INFLUENCE_RAZED_SETTLEMENTS_TYPE; TRAIT_MOD_GOLD_UNASSIGNED_RESOURCE_TYPE; TRAIT_MOD_HAPPINESS_UNASSIGNED_RESOURCE_TYPE; TRAIT_MOD_TOWN_FARMING_PROJECT_TYPE; TRAIT_MOD_TOWN_FISHING_PROJECT_TYPE; TRAIT_MOD_TOWN_URBAN_CENTER_PROJECT_TYPE; TRAIT_MOD_TOWN_GROWTH_PROJECT_TYPE,"Amount=1; Amount=2; Amount=2; Amount=1; EmbarkationType=UNIT_EMBARKATION_INLAND_WATER; Amount=1; YieldTypes=YIELD_HAPPINESS; Amount=5; MaxReduction=1000; Amount=3; YieldType=YIELD_GOLD; Amount=5; Tooltip=LOC_DEFAULT_YIELD; YieldType=YIELD_SCIENCE,YIELD_CULTURE,YIELD_DIPLOMACY; Amount=10; Tooltip=LOC_DEFAULT_YIELD; YieldType=YIELD_DIPLOMACY; Amount=-2; Tooltip=LOC_TRAIT_MOD_NEGATIVE_INFLUENCE_CONQUERED_SETTLEMENTS; YieldType=YIELD_DIPLOMACY; Amount=-2; Tooltip=LOC_TRAIT_MOD_NEGATIVE_INFLUENCE_RAZED_SETTLEMENTS; YieldType=YIELD_GOLD; Amount=1; Unassigned=true; YieldType=YIELD_HAPPINESS; Amount=1; Unassigned=true; ProjectType=PROJECT_TOWN_GRANARY; ProjectType=PROJECT_TOWN_FISHING; ProjectType=PROJECT_TOWN_URBAN_CENTER; Percent=50"
civilization,CIVILIZATION_MING,Ming,8d4c8700-frontendcopy,,,,,,
civilization,CIVILIZATION_MING,Ming,35994bc7-gameplaycopy,,TRAIT_EXPLORATION_CIV,,,,
civilization,CIVILIZATION_MING,Ming,35994bc7-gameplaycopy,,TRAIT_MING,,,,
civilization,CIVILIZATION_MING,Ming,35994bc7-gameplaycopy,Great Canon of Yongle,TRAIT_MING_ABILITY,"[BLIST][LI]+50% [icon:YIELD_SCIENCE] Science in the [icon:NOTIFICATION_SELECT_CAPITAL] Capital.[LI]-15 [icon:YIELD_SCIENCE] Science per turn for each [icon:SOCIAL_POLICY] [TIP:LOC_PEDIA_CONCEPTS_SOCIAL_POLICY_TOOLTIP]Social Policy[/TIP], but not [icon:TRADITION] [TIP:LOC_PEDIA_CONCEPTS_TRADITION_TOOLTIP]Tradition[/TIP], slotted in the [icon:GOVERNMENT] Government.[LI]+1 [icon:TRADITION] Tradition Slot.[LI]+30% [icon:YIELD_PRODUCTION] Production towards constructing the Forbidden City.[/BLIST]","• +50% Science in the Capital.
• -15 Science per turn for each Social Policy, but not Tradition, slotted in the Government.
• +1 Tradition Slot.
• +30% Production towards constructing the Forbidden City.",TRAIT_MOD_CAPITAL_EXTRA_SCIENCE_TYPE; TRAIT_MOD_TOT_AQ_LOSE_SCIENCE_PER_NON_UNIQUE_TRADITION_TYPE; TRAIT_MOD_TOT_MING_TRADITION_SLOT_TYPE; MANDARIN_MOD_NAVAL_TRADE_ATTACH_HOMELANDS_TYPE; MANDARIN_MOD_NAVAL_TRADE_ATTACH_DISTANT_TYPE,"YieldType=YIELD_SCIENCE; Percent=50; YieldType=YIELD_SCIENCE; Amount=-2; CivUnique=true; Invert=true; SlotType=TRADITION_CULTURE_SLOT; Amount=1; ModifierId=MANDARIN_MOD_NAVAL_TRADE_TARGET_CULTURE, MANDARIN_MOD_NAVAL_TRADE_TREASURE_FLEET_HOMELANDS; ModifierId=MANDARIN_MOD_NAVAL_TRADE_TARGET_CULTURE, MANDARIN_MOD_NAVAL_TRADE_TREASURE_FLEET_DISTANT"
civilization,CIVILIZATION_MING,Ming,35994bc7-gameplaycopy,,TRAIT_ATTRIBUTE_ECONOMIC,,,,
civilization,CIVILIZATION_MING,Ming,35994bc7-gameplaycopy,,TRAIT_ATTRIBUTE_ECONOMIC_TOT_AQ,,,,
civilization,CIVILIZATION_MING,Ming,35994bc7-gameplaycopy,,TRAIT_ATTRIBUTE_ECONOMIC_TOT_MO,,,,
civilization,CIVILIZATION_MING,Ming,35994bc7-gameplaycopy,,TRAIT_ATTRIBUTE_SCIENTIFIC,,,,
civilization,CIVILIZATION_MING,Ming,35994bc7-gameplaycopy,,TRAIT_ATTRIBUTE_SCIENTIFIC_TOT_AQ,,,,
civilization,CIVILIZATION_MING,Ming,35994bc7-gameplaycopy,,TRAIT_ATTRIBUTE_SCIENTIFIC_TOT_MO,,,,
civilization,CIVILIZATION_MING,Ming,35994bc7-gameplaycopy,,TRAIT_ANACHRONISTIC_CIV,,,TRAIT_MOD_MARKET_RESOURCE_CAP_TYPE; TRAIT_MOD_LIGHTHOUSE_RESOURCE_CAP_TYPE; TRAIT_MOD_CAPITAL_RESOURCE_CAP_TYPE; TRAIT_MOD_CITY_RESOURCE_CAP_TYPE; MOD_DEFAULT_CIV_RIVER_EMBARKATION_TYPE; TRAIT_MOD_CAPITAL_FREE_FOOD_TYPE; TRAIT_MOD_PENALTY_OVER_SETTLEMENT_CAP_SETTLEMENTS_TYPE; TRAIT_INITIAL_SETTLEMENT_CAP_TYPE; TRAIT_MOD_CHIEFDOM_UNLOCKS_GOVERNMENT_TYPE; TRAIT_MOD_DEFAULT_YIELD_5_TYPE; TRAIT_MOD_DEFAULT_YIELD_10_TYPE; TRAIT_MOD_NEGATIVE_INFLUENCE_CONQUERED_SETTLEMENTS_TYPE; TRAIT_MOD_NEGATIVE_INFLUENCE_RAZED_SETTLEMENTS_TYPE; TRAIT_MOD_GOLD_UNASSIGNED_RESOURCE_TYPE; TRAIT_MOD_HAPPINESS_UNASSIGNED_RESOURCE_TYPE; TRAIT_MOD_TOWN_FARMING_PROJECT_TYPE; TRAIT_MOD_TOWN_FISHING_PROJECT_TYPE; TRAIT_MOD_TOWN_URBAN_CENTER_PROJECT_TYPE; TRAIT_MOD_TOWN_GROWTH_PROJECT_TYPE,"Amount=1; Amount=2; Amount=2; Amount=1; EmbarkationType=UNIT_EMBARKATION_INLAND_WATER; Amount=1; YieldTypes=YIELD_HAPPINESS; Amount=5; MaxReduction=1000; Amount=3; YieldType=YIELD_GOLD; Amount=5; Tooltip=LOC_DEFAULT_YIELD; YieldType=YIELD_SCIENCE,YIELD_CULTURE,YIELD_DIPLOMACY; Amount=10; Tooltip=LOC_DEFAULT_YIELD; YieldType=YIELD_DIPLOMACY; Amount=-2; Tooltip=LOC_TRAIT_MOD_NEGATIVE_INFLUENCE_CONQUERED_SETTLEMENTS; YieldType=YIELD_DIPLOMACY; Amount=-2; Tooltip=LOC_TRAIT_MOD_NEGATIVE_INFLUENCE_RAZED_SETTLEMENTS; YieldType=YIELD_GOLD; Amount=1; Unassigned=true; YieldType=YIELD_HAPPINESS; Amount=1; Unassigned=true; ProjectType=PROJECT_TOWN_GRANARY; ProjectType=PROJECT_TOWN_FISHING; ProjectType=PROJECT_TOWN_URBAN_CENTER; Percent=50"
civilization,CIVILIZATION_MONGOLIA,Mongolia,8d4c8700-frontendcopy,,,,,,
civilization,CIVILIZATION_MONGOLIA,Mongolia,35994bc7-gameplaycopy,,TRAIT_EXPLORATION_CIV,,,,
civilization,CIVILIZATION_MONGOLIA,Mongolia,35994bc7-gameplaycopy,,TRAIT_MONGOLIA,,,,
civilization,CIVILIZATION_MONGOLIA,Mongolia,35994bc7-gameplaycopy,Bokh,TRAIT_MONGOLIA_ABILITY,[BLIST][LI]When you capture an opposing [TIP:LOC_PEDIA_CONCEPTS_SETTLEMENT_TOOLTIP]Settlement[/TIP] gain the strongest [TIP:LOC_PEDIA_CONCEPTS_CAVALRY_UNITS_TOOLTIP]Cavalry Unit[/TIP] you can currently train.[LI][B]-50% [icon:YIELD_PRODUCTION] Production[/B] towards training [icon:UNIT_SETTLER] Settlers.[LI]+30% [icon:YIELD_PRODUCTION] Production towards constructing Erdene Zuu.[/BLIST],"• When you capture an opposing Settlement gain the strongest Cavalry Unit you can currently train.
• -50% Production towards training Settlers.
• +30% Production towards constructing Erdene Zuu.",TRAIT_MOD_CONQUER_UNIT_TYPE; TRAIT_MOD_EXPENSIVE_SETTLER_TYPE,UnitTag=UNIT_CLASS_CAVALRY; Percent=-50; UnitType=UNIT_SETTLER
civilization,CIVILIZATION_MONGOLIA,Mongolia,35994bc7-gameplaycopy,,TRAIT_ATTRIBUTE_EXPANSIONIST,,,,
civilization,CIVILIZATION_MONGOLIA,Mongolia,35994bc7-gameplaycopy,,TRAIT_ATTRIBUTE_EXPANSIONIST_WIDE,,,,
civilization,CIVILIZATION_MONGOLIA,Mongolia,35994bc7-gameplaycopy,,TRAIT_ATTRIBUTE_EXPANSIONIST_TOT_AQ,,,,
civilization,CIVILIZATION_MONGOLIA,Mongolia,35994bc7-gameplaycopy,,TRAIT_ATTRIBUTE_EXPANSIONIST_TOT_AQ_WIDE,,,,
civilization,CIVILIZATION_MONGOLIA,Mongolia,35994bc7-gameplaycopy,,TRAIT_ATTRIBUTE_EXPANSIONIST_TOT_MO,,,,
civilization,CIVILIZATION_MONGOLIA,Mongolia,35994bc7-gameplaycopy,,TRAIT_ATTRIBUTE_EXPANSIONIST_TOT_MO_WIDE,,,,
civilization,CIVILIZATION_MONGOLIA,Mongolia,35994bc7-gameplaycopy,,TRAIT_ATTRIBUTE_MILITARISTIC,,,,
civilization,CIVILIZATION_MONGOLIA,Mongolia,35994bc7-gameplaycopy,,TRAIT_ATTRIBUTE_MILITARISTIC_TOT_AQ,,,,
civilization,CIVILIZATION_MONGOLIA,Mongolia,35994bc7-gameplaycopy,,TRAIT_ATTRIBUTE_MILITARISTIC_TOT_MO,,,,
civilization,CIVILIZATION_MONGOLIA,Mongolia,35994bc7-gameplaycopy,,TRAIT_ATTRIBUTE_MILITARISTIC_EXPANSIONIST,,,,
civilization,CIVILIZATION_MONGOLIA,Mongolia,35994bc7-gameplaycopy,,TRAIT_ANACHRONISTIC_CIV,,,TRAIT_MOD_MARKET_RESOURCE_CAP_TYPE; TRAIT_MOD_LIGHTHOUSE_RESOURCE_CAP_TYPE; TRAIT_MOD_CAPITAL_RESOURCE_CAP_TYPE; TRAIT_MOD_CITY_RESOURCE_CAP_TYPE; MOD_DEFAULT_CIV_RIVER_EMBARKATION_TYPE; TRAIT_MOD_CAPITAL_FREE_FOOD_TYPE; TRAIT_MOD_PENALTY_OVER_SETTLEMENT_CAP_SETTLEMENTS_TYPE; TRAIT_INITIAL_SETTLEMENT_CAP_TYPE; TRAIT_MOD_CHIEFDOM_UNLOCKS_GOVERNMENT_TYPE; TRAIT_MOD_DEFAULT_YIELD_5_TYPE; TRAIT_MOD_DEFAULT_YIELD_10_TYPE; TRAIT_MOD_NEGATIVE_INFLUENCE_CONQUERED_SETTLEMENTS_TYPE; TRAIT_MOD_NEGATIVE_INFLUENCE_RAZED_SETTLEMENTS_TYPE; TRAIT_MOD_GOLD_UNASSIGNED_RESOURCE_TYPE; TRAIT_MOD_HAPPINESS_UNASSIGNED_RESOURCE_TYPE; TRAIT_MOD_TOWN_FARMING_PROJECT_TYPE; TRAIT_MOD_TOWN_FISHING_PROJECT_TYPE; TRAIT_MOD_TOWN_URBAN_CENTER_PROJECT_TYPE; TRAIT_MOD_TOWN_GROWTH_PROJECT_TYPE,"Amount=1; Amount=2; Amount=2; Amount=1; EmbarkationType=UNIT_EMBARKATION_INLAND_WATER; Amount=1; YieldTypes=YIELD_HAPPINESS; Amount=5; MaxReduction=1000; Amount=3; YieldType=YIELD_GOLD; Amount=5; Tooltip=LOC_DEFAULT_YIELD; YieldType=YIELD_SCIENCE,YIELD_CULTURE,YIELD_DIPLOMACY; Amount=10; Tooltip=LOC_DEFAULT_YIELD; YieldType=YIELD_DIPLOMACY; Amount=-2; Tooltip=LOC_TRAIT_MOD_NEGATIVE_INFLUENCE_CONQUERED_SETTLEMENTS; YieldType=YIELD_DIPLOMACY; Amount=-2; Tooltip=LOC_TRAIT_MOD_NEGATIVE_INFLUENCE_RAZED_SETTLEMENTS; YieldType=YIELD_GOLD; Amount=1; Unassigned=true; YieldType=YIELD_HAPPINESS; Amount=1; Unassigned=true; ProjectType=PROJECT_TOWN_GRANARY; ProjectType=PROJECT_TOWN_FISHING; ProjectType=PROJECT_TOWN_URBAN_CENTER; Percent=50"
civilization,CIVILIZATION_NORMAN,Norman,8d4c8700-frontendcopy,,,,,,
civilization,CIVILIZATION_NORMAN,Norman,35994bc7-gameplaycopy,,TRAIT_EXPLORATION_CIV,,,,
civilization,CIVILIZATION_NORMAN,Norman,35994bc7-gameplaycopy,,TRAIT_NORMAN,,,,
civilization,CIVILIZATION_NORMAN,Norman,35994bc7-gameplaycopy,Normannitas,TRAIT_NORMAN_ABILITY,[BLIST][LI][B]+5[/B] [icon:NAR_REW_COMBAT] [TIP:LOC_PEDIA_CONCEPTS_COMBAT_STRENGTH_TOOLTIP]Combat Strength[/TIP] for [B]Land Units[/B] and [icon:CITY_FORTIFIED] [TIP:LOC_PEDIA_CONCEPTS_FORTIFIED_DISTRICTS_TOOLTIP]Fortified Districts[/TIP] adjacent to Coast.[LI]+25 [icon:Action_Heal] HP on [icon:CITY_FORTIFIED] Fortified Districts.[LI][B]+30% [icon:YIELD_PRODUCTION] Production[/B] towards constructing the [B]White Tower[/B].[/BLIST],"• +5 Combat Strength for Land Units and Fortified Districts adjacent to Coast.
• +25 HP on Fortified Districts.
• +30% Production towards constructing the White Tower.",TRAIT_MOD_ADJACENT_TO_COAST_COMBAT_TYPE; TRAIT_MOD_NORMANNITAS_DISTRICT_ADJACENT_TO_COAST_COMBAT_TYPE; TRAIT_MOD_NORMANNITAS_WALL_HEALTH_TYPE,ModifierId=ATTACH_TRAIT_MOD_ADJACENT_TO_COAST_COMBAT; Amount=5; Amount=25; Tooltip=LOC_TRAIT_NORMAN_ABILITY_NAME
civilization,CIVILIZATION_NORMAN,Norman,35994bc7-gameplaycopy,,TRAIT_ATTRIBUTE_POLITICAL,,,,
civilization,CIVILIZATION_NORMAN,Norman,35994bc7-gameplaycopy,,TRAIT_ATTRIBUTE_POLITICAL_TOT_AQ,,,,
civilization,CIVILIZATION_NORMAN,Norman,35994bc7-gameplaycopy,,TRAIT_ATTRIBUTE_POLITICAL_TOT_AQ_HAPPINESS,,,,
civilization,CIVILIZATION_NORMAN,Norman,35994bc7-gameplaycopy,,TRAIT_ATTRIBUTE_POLITICAL_TOT_MO,,,,
civilization,CIVILIZATION_NORMAN,Norman,35994bc7-gameplaycopy,,TRAIT_ATTRIBUTE_POLITICAL_TOT_MO_HAPPINESS,,,,
civilization,CIVILIZATION_NORMAN,Norman,35994bc7-gameplaycopy,,TRAIT_ATTRIBUTE_MILITARISTIC,,,,
civilization,CIVILIZATION_NORMAN,Norman,35994bc7-gameplaycopy,,TRAIT_ATTRIBUTE_MILITARISTIC_TOT_AQ,,,,
civilization,CIVILIZATION_NORMAN,Norman,35994bc7-gameplaycopy,,TRAIT_ATTRIBUTE_MILITARISTIC_TOT_MO,,,,
civilization,CIVILIZATION_NORMAN,Norman,35994bc7-gameplaycopy,,TRAIT_ANACHRONISTIC_CIV,,,TRAIT_MOD_MARKET_RESOURCE_CAP_TYPE; TRAIT_MOD_LIGHTHOUSE_RESOURCE_CAP_TYPE; TRAIT_MOD_CAPITAL_RESOURCE_CAP_TYPE; TRAIT_MOD_CITY_RESOURCE_CAP_TYPE; MOD_DEFAULT_CIV_RIVER_EMBARKATION_TYPE; TRAIT_MOD_CAPITAL_FREE_FOOD_TYPE; TRAIT_MOD_PENALTY_OVER_SETTLEMENT_CAP_SETTLEMENTS_TYPE; TRAIT_INITIAL_SETTLEMENT_CAP_TYPE; TRAIT_MOD_CHIEFDOM_UNLOCKS_GOVERNMENT_TYPE; TRAIT_MOD_DEFAULT_YIELD_5_TYPE; TRAIT_MOD_DEFAULT_YIELD_10_TYPE; TRAIT_MOD_NEGATIVE_INFLUENCE_CONQUERED_SETTLEMENTS_TYPE; TRAIT_MOD_NEGATIVE_INFLUENCE_RAZED_SETTLEMENTS_TYPE; TRAIT_MOD_GOLD_UNASSIGNED_RESOURCE_TYPE; TRAIT_MOD_HAPPINESS_UNASSIGNED_RESOURCE_TYPE; TRAIT_MOD_TOWN_FARMING_PROJECT_TYPE; TRAIT_MOD_TOWN_FISHING_PROJECT_TYPE; TRAIT_MOD_TOWN_URBAN_CENTER_PROJECT_TYPE; TRAIT_MOD_TOWN_GROWTH_PROJECT_TYPE,"Amount=1; Amount=2; Amount=2; Amount=1; EmbarkationType=UNIT_EMBARKATION_INLAND_WATER; Amount=1; YieldTypes=YIELD_HAPPINESS; Amount=5; MaxReduction=1000; Amount=3; YieldType=YIELD_GOLD; Amount=5; Tooltip=LOC_DEFAULT_YIELD; YieldType=YIELD_SCIENCE,YIELD_CULTURE,YIELD_DIPLOMACY; Amount=10; Tooltip=LOC_DEFAULT_YIELD; YieldType=YIELD_DIPLOMACY; Amount=-2; Tooltip=LOC_TRAIT_MOD_NEGATIVE_INFLUENCE_CONQUERED_SETTLEMENTS; YieldType=YIELD_DIPLOMACY; Amount=-2; Tooltip=LOC_TRAIT_MOD_NEGATIVE_INFLUENCE_RAZED_SETTLEMENTS; YieldType=YIELD_GOLD; Amount=1; Unassigned=true; YieldType=YIELD_HAPPINESS; Amount=1; Unassigned=true; ProjectType=PROJECT_TOWN_GRANARY; ProjectType=PROJECT_TOWN_FISHING; ProjectType=PROJECT_TOWN_URBAN_CENTER; Percent=50"
civilization,CIVILIZATION_SONGHAI,Songhai,8d4c8700-frontendcopy,,,,,,
civilization,CIVILIZATION_SONGHAI,Songhai,35994bc7-gameplaycopy,,TRAIT_EXPLORATION_CIV,,,,
civilization,CIVILIZATION_SONGHAI,Songhai,35994bc7-gameplaycopy,,TRAIT_SONGHAI,,,,
civilization,CIVILIZATION_SONGHAI,Songhai,35994bc7-gameplaycopy,Tarikh al-Sudan,TRAIT_SONGHAI_ABILITY,[BLIST][LI]+2 [icon:RADIAL_RESOURCES] [TIP:LOC_PEDIA_CONCEPTS_RESOURCE_CAPACITY_TOOLTIP]Resource Capacity[/TIP] in [icon:YIELD_CITIES] [TIP:LOC_PEDIA_CONCEPTS_CITIES_TOOLTIP]Cities[/TIP] on [TIP:LOC_PEDIA_CONCEPTS_NAVIGABLE_RIVER_TOOLTIP]Navigable Rivers[/TIP].[LI]+1 [icon:YIELD_PRODUCTION] Production in [icon:YIELD_CITIES] [TIP:LOC_PEDIA_CONCEPTS_CITIES_TOOLTIP]Cities[/TIP] on [TIP:LOC_PEDIA_CONCEPTS_NAVIGABLE_RIVER_TOOLTIP]Navigable Rivers[/TIP] for every [icon:RADIAL_RESOURCES] [TIP:LOC_PEDIA_CONCEPTS_RESOURCES_TOOLTIP]Resource[/TIP] assigned to them.[LI]Can generate [icon:UNIT_TREASURE_FLEET] [TIP:LOC_PEDIA_CONCEPTS_HOMELANDS_TOOLTIP]Homelands[/TIP] [TIP:LOC_PEDIA_CONCEPTS_TREASURE_CONVOY_TOOLTIP]Treasure Convoys[/TIP] on [TIP:LOC_PEDIA_CONCEPTS_NAVIGABLE_RIVER_TOOLTIP]Navigable Rivers[/TIP] after completing the [icon:RADIAL_CIVICS] Kanta Civic.[LI]+30% [icon:YIELD_PRODUCTION] Production towards constructing the Tomb of Askia.[/BLIST],"• +2 Resource Capacity in Cities on Navigable Rivers.
• +1 Production in Cities on Navigable Rivers for every Resource assigned to them.
• Can generate Homelands Treasure Convoys on Navigable Rivers after completing the Kanta Civic.
• +30% Production towards constructing the Tomb of Askia.",TRAIT_MOD_SONGHAI_TOT_AQ_NAVIGABLE_RIVER_RESOURCE_CAP_TYPE; TRAIT_MOD_RESOURCE_PRODUCTION_TYPE,Amount=1; Amount=1; PercentMultiplier=false; YieldType=YIELD_PRODUCTION; Tooltip=LOC_TRAIT_SONGHAI_ABILITY_NAME
civilization,CIVILIZATION_SONGHAI,Songhai,35994bc7-gameplaycopy,,TRAIT_ATTRIBUTE_ECONOMIC,,,,
civilization,CIVILIZATION_SONGHAI,Songhai,35994bc7-gameplaycopy,,TRAIT_ATTRIBUTE_ECONOMIC_TOT_AQ,,,,
civilization,CIVILIZATION_SONGHAI,Songhai,35994bc7-gameplaycopy,,TRAIT_ATTRIBUTE_ECONOMIC_TOT_MO,,,,
civilization,CIVILIZATION_SONGHAI,Songhai,35994bc7-gameplaycopy,,TRAIT_ATTRIBUTE_MILITARISTIC,,,,
civilization,CIVILIZATION_SONGHAI,Songhai,35994bc7-gameplaycopy,,TRAIT_ATTRIBUTE_MILITARISTIC_TOT_AQ,,,,
civilization,CIVILIZATION_SONGHAI,Songhai,35994bc7-gameplaycopy,,TRAIT_ATTRIBUTE_MILITARISTIC_TOT_MO,,,,
civilization,CIVILIZATION_SONGHAI,Songhai,35994bc7-gameplaycopy,,TRAIT_ANACHRONISTIC_CIV,,,TRAIT_MOD_MARKET_RESOURCE_CAP_TYPE; TRAIT_MOD_LIGHTHOUSE_RESOURCE_CAP_TYPE; TRAIT_MOD_CAPITAL_RESOURCE_CAP_TYPE; TRAIT_MOD_CITY_RESOURCE_CAP_TYPE; MOD_DEFAULT_CIV_RIVER_EMBARKATION_TYPE; TRAIT_MOD_CAPITAL_FREE_FOOD_TYPE; TRAIT_MOD_PENALTY_OVER_SETTLEMENT_CAP_SETTLEMENTS_TYPE; TRAIT_INITIAL_SETTLEMENT_CAP_TYPE; TRAIT_MOD_CHIEFDOM_UNLOCKS_GOVERNMENT_TYPE; TRAIT_MOD_DEFAULT_YIELD_5_TYPE; TRAIT_MOD_DEFAULT_YIELD_10_TYPE; TRAIT_MOD_NEGATIVE_INFLUENCE_CONQUERED_SETTLEMENTS_TYPE; TRAIT_MOD_NEGATIVE_INFLUENCE_RAZED_SETTLEMENTS_TYPE; TRAIT_MOD_GOLD_UNASSIGNED_RESOURCE_TYPE; TRAIT_MOD_HAPPINESS_UNASSIGNED_RESOURCE_TYPE; TRAIT_MOD_TOWN_FARMING_PROJECT_TYPE; TRAIT_MOD_TOWN_FISHING_PROJECT_TYPE; TRAIT_MOD_TOWN_URBAN_CENTER_PROJECT_TYPE; TRAIT_MOD_TOWN_GROWTH_PROJECT_TYPE,"Amount=1; Amount=2; Amount=2; Amount=1; EmbarkationType=UNIT_EMBARKATION_INLAND_WATER; Amount=1; YieldTypes=YIELD_HAPPINESS; Amount=5; MaxReduction=1000; Amount=3; YieldType=YIELD_GOLD; Amount=5; Tooltip=LOC_DEFAULT_YIELD; YieldType=YIELD_SCIENCE,YIELD_CULTURE,YIELD_DIPLOMACY; Amount=10; Tooltip=LOC_DEFAULT_YIELD; YieldType=YIELD_DIPLOMACY; Amount=-2; Tooltip=LOC_TRAIT_MOD_NEGATIVE_INFLUENCE_CONQUERED_SETTLEMENTS; YieldType=YIELD_DIPLOMACY; Amount=-2; Tooltip=LOC_TRAIT_MOD_NEGATIVE_INFLUENCE_RAZED_SETTLEMENTS; YieldType=YIELD_GOLD; Amount=1; Unassigned=true; YieldType=YIELD_HAPPINESS; Amount=1; Unassigned=true; ProjectType=PROJECT_TOWN_GRANARY; ProjectType=PROJECT_TOWN_FISHING; ProjectType=PROJECT_TOWN_URBAN_CENTER; Percent=50"
civilization,CIVILIZATION_SPAIN,Spain,8d4c8700-frontendcopy,,,,,,
civilization,CIVILIZATION_SPAIN,Spain,35994bc7-gameplaycopy,,TRAIT_EXPLORATION_CIV,,,,
civilization,CIVILIZATION_SPAIN,Spain,35994bc7-gameplaycopy,,TRAIT_SPAIN,,,,
civilization,CIVILIZATION_SPAIN,Spain,35994bc7-gameplaycopy,Siglo de Oro,TRAIT_SPAIN_ABILITY,"[BLIST][LI][B]+2 [icon:YIELD_FOOD] Food, +2 [icon:YIELD_GOLD] Gold and +2 [icon:YIELD_PRODUCTION] Production[/B] in Settlements adjacent to [B]Coast[/B] and in [TIP:LOC_PEDIA_CONCEPTS_SETTLEMENT_TOOLTIP]Settlements[/TIP] following your own [B][icon:NAR_REW_RELIGION] [TIP:LOC_PEDIA_CONCEPTS_RELIGION_TOOLTIP]Religion[/TIP][/B], or [B]+4[/B] if it is both. [B]Doubled[/B] in [TIP:LOC_PEDIA_CONCEPTS_SETTLEMENT_TOOLTIP]Settlements[/TIP] in [B][TIP:LOC_PEDIA_CONCEPTS_DISTANT_LANDS_TOOLTIP]Distant Lands[/TIP][/B].[LI][B]+15% [icon:YIELD_GOLD] Gold[/B] efficiency towards converting a [B][icon:YIELD_TOWNS] [TIP:LOC_PEDIA_CONCEPTS_TOWN_TOOLTIP]Town[/TIP][/B] to a [B][icon:YIELD_CITIES] [TIP:LOC_PEDIA_CONCEPTS_CITIES_TOOLTIP]City[/TIP][/B], or [B]+30% [icon:YIELD_GOLD] Gold[/B] in [TIP:LOC_PEDIA_CONCEPTS_SETTLEMENT_TOOLTIP]Settlements[/TIP] in [B][TIP:LOC_PEDIA_CONCEPTS_DISTANT_LANDS_TOOLTIP]Distant Lands[/TIP][/B].[LI][B]+30% [icon:YIELD_PRODUCTION] Production[/B] towards constructing [B]El Escorial[/B].[/BLIST]","• +2 Food, +2 Gold and +2 Production in Settlements adjacent to Coast and in Settlements following your own Religion, or +4 if it is both. Doubled in Settlements in Distant Lands.
• +15% Gold efficiency towards converting a Town to a City, or +30% Gold in Settlements in Distant Lands.
• +30% Production towards constructing El Escorial.",TRAIT_MOD_TOT_AQ_COASTAL_SETTLEMENT_YIELDS_TYPE; TRAIT_MOD_TOT_AQ_ALTAR_SETTLEMENT_YIELDS_TYPE,"YieldType=YIELD_FOOD, YIELD_GOLD, YIELD_PRODUCTION; Amount=1; Tooltip=LOC_TRAIT_SPAIN_ABILITY_PREVIEW_COASTAL; YieldType=YIELD_FOOD, YIELD_GOLD, YIELD_PRODUCTION; Amount=1; Tooltip=LOC_TRAIT_SPAIN_ABILITY_PREVIEW_ALTAR"
civilization,CIVILIZATION_SPAIN,Spain,35994bc7-gameplaycopy,,TRAIT_ATTRIBUTE_ECONOMIC,,,,
civilization,CIVILIZATION_SPAIN,Spain,35994bc7-gameplaycopy,,TRAIT_ATTRIBUTE_ECONOMIC_TOT_AQ,,,,
civilization,CIVILIZATION_SPAIN,Spain,35994bc7-gameplaycopy,,TRAIT_ATTRIBUTE_ECONOMIC_TOT_MO,,,,
civilization,CIVILIZATION_SPAIN,Spain,35994bc7-gameplaycopy,,TRAIT_ATTRIBUTE_MILITARISTIC,,,,
civilization,CIVILIZATION_SPAIN,Spain,35994bc7-gameplaycopy,,TRAIT_ATTRIBUTE_MILITARISTIC_TOT_AQ,,,,
civilization,CIVILIZATION_SPAIN,Spain,35994bc7-gameplaycopy,,TRAIT_ATTRIBUTE_MILITARISTIC_TOT_MO,,,,
civilization,CIVILIZATION_SPAIN,Spain,35994bc7-gameplaycopy,,TRAIT_ANACHRONISTIC_CIV,,,TRAIT_MOD_MARKET_RESOURCE_CAP_TYPE; TRAIT_MOD_LIGHTHOUSE_RESOURCE_CAP_TYPE; TRAIT_MOD_CAPITAL_RESOURCE_CAP_TYPE; TRAIT_MOD_CITY_RESOURCE_CAP_TYPE; MOD_DEFAULT_CIV_RIVER_EMBARKATION_TYPE; TRAIT_MOD_CAPITAL_FREE_FOOD_TYPE; TRAIT_MOD_PENALTY_OVER_SETTLEMENT_CAP_SETTLEMENTS_TYPE; TRAIT_INITIAL_SETTLEMENT_CAP_TYPE; TRAIT_MOD_CHIEFDOM_UNLOCKS_GOVERNMENT_TYPE; TRAIT_MOD_DEFAULT_YIELD_5_TYPE; TRAIT_MOD_DEFAULT_YIELD_10_TYPE; TRAIT_MOD_NEGATIVE_INFLUENCE_CONQUERED_SETTLEMENTS_TYPE; TRAIT_MOD_NEGATIVE_INFLUENCE_RAZED_SETTLEMENTS_TYPE; TRAIT_MOD_GOLD_UNASSIGNED_RESOURCE_TYPE; TRAIT_MOD_HAPPINESS_UNASSIGNED_RESOURCE_TYPE; TRAIT_MOD_TOWN_FARMING_PROJECT_TYPE; TRAIT_MOD_TOWN_FISHING_PROJECT_TYPE; TRAIT_MOD_TOWN_URBAN_CENTER_PROJECT_TYPE; TRAIT_MOD_TOWN_GROWTH_PROJECT_TYPE,"Amount=1; Amount=2; Amount=2; Amount=1; EmbarkationType=UNIT_EMBARKATION_INLAND_WATER; Amount=1; YieldTypes=YIELD_HAPPINESS; Amount=5; MaxReduction=1000; Amount=3; YieldType=YIELD_GOLD; Amount=5; Tooltip=LOC_DEFAULT_YIELD; YieldType=YIELD_SCIENCE,YIELD_CULTURE,YIELD_DIPLOMACY; Amount=10; Tooltip=LOC_DEFAULT_YIELD; YieldType=YIELD_DIPLOMACY; Amount=-2; Tooltip=LOC_TRAIT_MOD_NEGATIVE_INFLUENCE_CONQUERED_SETTLEMENTS; YieldType=YIELD_DIPLOMACY; Amount=-2; Tooltip=LOC_TRAIT_MOD_NEGATIVE_INFLUENCE_RAZED_SETTLEMENTS; YieldType=YIELD_GOLD; Amount=1; Unassigned=true; YieldType=YIELD_HAPPINESS; Amount=1; Unassigned=true; ProjectType=PROJECT_TOWN_GRANARY; ProjectType=PROJECT_TOWN_FISHING; ProjectType=PROJECT_TOWN_URBAN_CENTER; Percent=50"
civilization,CIVILIZATION_AMERICA,America,8d4c8700-frontendcopy,,,,,,
civilization,CIVILIZATION_AMERICA,America,35994bc7-gameplaycopy,,TRAIT_MODERN_CIV,,,,
civilization,CIVILIZATION_AMERICA,America,35994bc7-gameplaycopy,,TRAIT_AMERICA,,,,
civilization,CIVILIZATION_AMERICA,America,35994bc7-gameplaycopy,Frontier Expansion,TRAIT_AMERICA_ABILITY,[BLIST][LI]Gain [B]150 [icon:YIELD_GOLD] Gold[/B] every time you improve a [icon:RADIAL_RESOURCES] [TIP:LOC_PEDIA_CONCEPTS_RESOURCES_TOOLTIP]Resource[/TIP]. [LI]+1 [icon:YIELD_PRODUCTION] Production on [icon:RADIAL_RESOURCES] [B]Resources.[/B] [LI]+30% [icon:YIELD_PRODUCTION] Production towards constructing the Statue of Liberty.[/BLIST],"• Gain 150 Gold every time you improve a Resource.
• +1 Production on Resources.
• +30% Production towards constructing the Statue of Liberty.",TRAIT_MOD_FRONTIER_EXPANSION_GOLD_ON_IMPROVED_RESOURCES_TYPE; TRAIT_MOD_FRONTIER_EXPANSION_PRODUCTION_ON_RESOURCES_TYPE,Amount=50; YieldType=YIELD_GOLD; Amount=1; YieldType=YIELD_PRODUCTION
civilization,CIVILIZATION_AMERICA,America,35994bc7-gameplaycopy,,TRAIT_ATTRIBUTE_ECONOMIC,,,,
civilization,CIVILIZATION_AMERICA,America,35994bc7-gameplaycopy,,TRAIT_ATTRIBUTE_ECONOMIC_TOT_AQ,,,,
civilization,CIVILIZATION_AMERICA,America,35994bc7-gameplaycopy,,TRAIT_ATTRIBUTE_ECONOMIC_TOT_EX,,,,
civilization,CIVILIZATION_AMERICA,America,35994bc7-gameplaycopy,,TRAIT_ATTRIBUTE_POLITICAL,,,,
civilization,CIVILIZATION_AMERICA,America,35994bc7-gameplaycopy,,TRAIT_ATTRIBUTE_POLITICAL_TOT_AQ,,,,
civilization,CIVILIZATION_AMERICA,America,35994bc7-gameplaycopy,,TRAIT_ATTRIBUTE_POLITICAL_TOT_AQ_INFLUENCE,,,,
civilization,CIVILIZATION_AMERICA,America,35994bc7-gameplaycopy,,TRAIT_ATTRIBUTE_POLITICAL_TOT_EX,,,,
civilization,CIVILIZATION_AMERICA,America,35994bc7-gameplaycopy,,TRAIT_ATTRIBUTE_POLITICAL_TOT_EX_INFLUENCE,,,,
civilization,CIVILIZATION_AMERICA,America,35994bc7-gameplaycopy,,TRAIT_ANACHRONISTIC_CIV,,,TRAIT_MOD_MARKET_RESOURCE_CAP_TYPE; TRAIT_MOD_LIGHTHOUSE_RESOURCE_CAP_TYPE; TRAIT_MOD_CAPITAL_RESOURCE_CAP_TYPE; TRAIT_MOD_CITY_RESOURCE_CAP_TYPE; MOD_DEFAULT_CIV_RIVER_EMBARKATION_TYPE; TRAIT_MOD_CAPITAL_FREE_FOOD_TYPE; TRAIT_MOD_PENALTY_OVER_SETTLEMENT_CAP_SETTLEMENTS_TYPE; TRAIT_INITIAL_SETTLEMENT_CAP_TYPE; TRAIT_MOD_CHIEFDOM_UNLOCKS_GOVERNMENT_TYPE; TRAIT_MOD_DEFAULT_YIELD_5_TYPE; TRAIT_MOD_DEFAULT_YIELD_10_TYPE; TRAIT_MOD_NEGATIVE_INFLUENCE_CONQUERED_SETTLEMENTS_TYPE; TRAIT_MOD_NEGATIVE_INFLUENCE_RAZED_SETTLEMENTS_TYPE; TRAIT_MOD_GOLD_UNASSIGNED_RESOURCE_TYPE; TRAIT_MOD_HAPPINESS_UNASSIGNED_RESOURCE_TYPE; TRAIT_MOD_TOWN_FARMING_PROJECT_TYPE; TRAIT_MOD_TOWN_FISHING_PROJECT_TYPE; TRAIT_MOD_TOWN_URBAN_CENTER_PROJECT_TYPE; TRAIT_MOD_TOWN_GROWTH_PROJECT_TYPE,"Amount=1; Amount=2; Amount=2; Amount=1; EmbarkationType=UNIT_EMBARKATION_INLAND_WATER; Amount=1; YieldTypes=YIELD_HAPPINESS; Amount=5; MaxReduction=1000; Amount=3; YieldType=YIELD_GOLD; Amount=5; Tooltip=LOC_DEFAULT_YIELD; YieldType=YIELD_SCIENCE,YIELD_CULTURE,YIELD_DIPLOMACY; Amount=10; Tooltip=LOC_DEFAULT_YIELD; YieldType=YIELD_DIPLOMACY; Amount=-2; Tooltip=LOC_TRAIT_MOD_NEGATIVE_INFLUENCE_CONQUERED_SETTLEMENTS; YieldType=YIELD_DIPLOMACY; Amount=-2; Tooltip=LOC_TRAIT_MOD_NEGATIVE_INFLUENCE_RAZED_SETTLEMENTS; YieldType=YIELD_GOLD; Amount=1; Unassigned=true; YieldType=YIELD_HAPPINESS; Amount=1; Unassigned=true; ProjectType=PROJECT_TOWN_GRANARY; ProjectType=PROJECT_TOWN_FISHING; ProjectType=PROJECT_TOWN_URBAN_CENTER; Percent=50"
civilization,CIVILIZATION_BUGANDA,Buganda,8d4c8700-frontendcopy,,,,,,
civilization,CIVILIZATION_BUGANDA,Buganda,35994bc7-gameplaycopy,,TRAIT_MODERN_CIV,,,,
civilization,CIVILIZATION_BUGANDA,Buganda,35994bc7-gameplaycopy,,TRAIT_BUGANDA,,,,
civilization,CIVILIZATION_BUGANDA,Buganda,35994bc7-gameplaycopy,Omugongo,TRAIT_BUGANDA_ABILITY,"[BLIST][LI]Land Units gain [icon:YIELD_CULTURE] [B]Culture[/B] when [icon:Action_Pillage] Pillaging [TIP:LOC_PEDIA_CONCEPTS_BUILDINGS_TOOLTIP]Buildings[/TIP] or [TIP:LOC_PEDIA_CONCEPTS_IMPROVEMENT_TOOLTIP]Improvements[/TIP] equal to the Yield or [icon:Action_Heal] Healing gained.[LI]Land [TIP:LOC_PEDIA_CONCEPTS_MILITARY_UNIT_TOOLTIP]Military Units[/TIP] gain the [TIP:LOC_PEDIA_CONCEPTS_AMPHIBIOUS_TOOLTIP]Amphibious[/TIP] ability.[LI][B]+6 [icon:YIELD_CULTURE] Culture[/B] and [B][icon:YIELD_FOOD] Food[/B] on Lakes, and +1 [icon:CULTURE_VP]  [TIP:LOC_PEDIA_CONCEPTS_TOURISTS_TOOLTIP]Tourism[/TIP] from [icon:CITY_URBAN] [TIP:LOC_PEDIA_CONCEPTS_DISTRICT_TOOLTIP]Districts[/TIP] and [icon:CITY_RURAL] [TIP:LOC_PEDIA_CONCEPTS_IMPROVEMENT_TOOLTIP]Improvements[/TIP] on Lakes.[LI]+30% [icon:YIELD_PRODUCTION] Production towards constructing Muzibu Azaala Mpanga.[/BLIST]","• Land Units gain Culture when Pillaging Buildings or Improvements equal to the Yield or Healing gained.
• Land Military Units gain the Amphibious ability.
• +6 Culture and Food on Lakes, and +1 Tourism from Districts and Improvements on Lakes.
• +30% Production towards constructing Muzibu Azaala Mpanga.",TRAIT_MOD_AMPHIBIOUS_ABILITY_TYPE; TRAIT_MOD_RIVER_RAIDS_PILLAGING_ABILITY_TYPE; TRAIT_MOD_RIVER_RAIDS_LAKE_YIELDS_TYPE,"AbilityType=ABILITY_AMPHIBIOUS; AbilityType=ABILITY_RIVER_RAIDS; YieldType=YIELD_CULTURE,YIELD_FOOD; Amount=2"
civilization,CIVILIZATION_BUGANDA,Buganda,35994bc7-gameplaycopy,,TRAIT_ATTRIBUTE_CULTURAL,,,,
civilization,CIVILIZATION_BUGANDA,Buganda,35994bc7-gameplaycopy,,TRAIT_ATTRIBUTE_CULTURAL_TOT_AQ,,,,
civilization,CIVILIZATION_BUGANDA,Buganda,35994bc7-gameplaycopy,,TRAIT_ATTRIBUTE_CULTURAL_TOT_EX,,,,
civilization,CIVILIZATION_BUGANDA,Buganda,35994bc7-gameplaycopy,,TRAIT_ATTRIBUTE_EXPANSIONIST,,,,
civilization,CIVILIZATION_BUGANDA,Buganda,35994bc7-gameplaycopy,,TRAIT_ATTRIBUTE_EXPANSIONIST_TALL,,,,
civilization,CIVILIZATION_BUGANDA,Buganda,35994bc7-gameplaycopy,,TRAIT_ATTRIBUTE_EXPANSIONIST_TOT_AQ,,,,
civilization,CIVILIZATION_BUGANDA,Buganda,35994bc7-gameplaycopy,,TRAIT_ATTRIBUTE_EXPANSIONIST_TOT_AQ_TALL,,,,
civilization,CIVILIZATION_BUGANDA,Buganda,35994bc7-gameplaycopy,,TRAIT_ATTRIBUTE_EXPANSIONIST_TOT_EX,,,,
civilization,CIVILIZATION_BUGANDA,Buganda,35994bc7-gameplaycopy,,TRAIT_ATTRIBUTE_EXPANSIONIST_TOT_EX_TALL,,,,
civilization,CIVILIZATION_BUGANDA,Buganda,35994bc7-gameplaycopy,,TRAIT_ANACHRONISTIC_CIV,,,TRAIT_MOD_MARKET_RESOURCE_CAP_TYPE; TRAIT_MOD_LIGHTHOUSE_RESOURCE_CAP_TYPE; TRAIT_MOD_CAPITAL_RESOURCE_CAP_TYPE; TRAIT_MOD_CITY_RESOURCE_CAP_TYPE; MOD_DEFAULT_CIV_RIVER_EMBARKATION_TYPE; TRAIT_MOD_CAPITAL_FREE_FOOD_TYPE; TRAIT_MOD_PENALTY_OVER_SETTLEMENT_CAP_SETTLEMENTS_TYPE; TRAIT_INITIAL_SETTLEMENT_CAP_TYPE; TRAIT_MOD_CHIEFDOM_UNLOCKS_GOVERNMENT_TYPE; TRAIT_MOD_DEFAULT_YIELD_5_TYPE; TRAIT_MOD_DEFAULT_YIELD_10_TYPE; TRAIT_MOD_NEGATIVE_INFLUENCE_CONQUERED_SETTLEMENTS_TYPE; TRAIT_MOD_NEGATIVE_INFLUENCE_RAZED_SETTLEMENTS_TYPE; TRAIT_MOD_GOLD_UNASSIGNED_RESOURCE_TYPE; TRAIT_MOD_HAPPINESS_UNASSIGNED_RESOURCE_TYPE; TRAIT_MOD_TOWN_FARMING_PROJECT_TYPE; TRAIT_MOD_TOWN_FISHING_PROJECT_TYPE; TRAIT_MOD_TOWN_URBAN_CENTER_PROJECT_TYPE; TRAIT_MOD_TOWN_GROWTH_PROJECT_TYPE,"Amount=1; Amount=2; Amount=2; Amount=1; EmbarkationType=UNIT_EMBARKATION_INLAND_WATER; Amount=1; YieldTypes=YIELD_HAPPINESS; Amount=5; MaxReduction=1000; Amount=3; YieldType=YIELD_GOLD; Amount=5; Tooltip=LOC_DEFAULT_YIELD; YieldType=YIELD_SCIENCE,YIELD_CULTURE,YIELD_DIPLOMACY; Amount=10; Tooltip=LOC_DEFAULT_YIELD; YieldType=YIELD_DIPLOMACY; Amount=-2; Tooltip=LOC_TRAIT_MOD_NEGATIVE_INFLUENCE_CONQUERED_SETTLEMENTS; YieldType=YIELD_DIPLOMACY; Amount=-2; Tooltip=LOC_TRAIT_MOD_NEGATIVE_INFLUENCE_RAZED_SETTLEMENTS; YieldType=YIELD_GOLD; Amount=1; Unassigned=true; YieldType=YIELD_HAPPINESS; Amount=1; Unassigned=true; ProjectType=PROJECT_TOWN_GRANARY; ProjectType=PROJECT_TOWN_FISHING; ProjectType=PROJECT_TOWN_URBAN_CENTER; Percent=50"
civilization,CIVILIZATION_FRENCH_EMPIRE,French Empire,8d4c8700-frontendcopy,,,,,,
civilization,CIVILIZATION_FRENCH_EMPIRE,French Empire,35994bc7-gameplaycopy,,TRAIT_MODERN_CIV,,,,
civilization,CIVILIZATION_FRENCH_EMPIRE,French Empire,35994bc7-gameplaycopy,,TRAIT_FRENCH_EMPIRE,,,,
civilization,CIVILIZATION_FRENCH_EMPIRE,French Empire,35994bc7-gameplaycopy,"Liberté, Egalité, Fraternité",TRAIT_FRENCH_EMPIRE_ABILITY,[BLIST][LI]You can select the [B][icon:CELEBRATION] [TIP:LOC_PEDIA_CONCEPTS_CELEBRATIONS_TOOLTIP]Celebration[/TIP] effects[/B] of any [B]standard Modern [TIP:LOC_PEDIA_CONCEPTS_AGE_TOOLTIP]Age[/TIP] [icon:GOVERNMENT] Government[/B].[LI][B]+30% [icon:YIELD_PRODUCTION] Production[/B] towards constructing the [B]Eiffel Tower[/B].[/BLIST],"• You can select the Celebration effects of any standard Modern Age Government.
• +30% Production towards constructing the Eiffel Tower.",TRAIT_MOD_LIBERTE_AQ_GOVERNMENT_CHANGE_TYPE,"GoldenAgeType=GOLDEN_AGE_CLASSICAL_REPUBLIC_1,GOLDEN_AGE_CLASSICAL_REPUBLIC_2,GOLDEN_AGE_DESPOTISM_1,GOLDEN_AGE_DESPOTISM_2,GOLDEN_AGE_OLIGARCHY_1,GOLDEN_AGE_OLIGARCHY_2"
civilization,CIVILIZATION_FRENCH_EMPIRE,French Empire,35994bc7-gameplaycopy,,TRAIT_ATTRIBUTE_CULTURAL,,,,
civilization,CIVILIZATION_FRENCH_EMPIRE,French Empire,35994bc7-gameplaycopy,,TRAIT_ATTRIBUTE_CULTURAL_TOT_AQ,,,,
civilization,CIVILIZATION_FRENCH_EMPIRE,French Empire,35994bc7-gameplaycopy,,TRAIT_ATTRIBUTE_CULTURAL_TOT_EX,,,,
civilization,CIVILIZATION_FRENCH_EMPIRE,French Empire,35994bc7-gameplaycopy,,TRAIT_ATTRIBUTE_POLITICAL,,,,
civilization,CIVILIZATION_FRENCH_EMPIRE,French Empire,35994bc7-gameplaycopy,,TRAIT_ATTRIBUTE_POLITICAL_TOT_AQ,,,,
civilization,CIVILIZATION_FRENCH_EMPIRE,French Empire,35994bc7-gameplaycopy,,TRAIT_ATTRIBUTE_POLITICAL_TOT_AQ_HAPPINESS,,,,
civilization,CIVILIZATION_FRENCH_EMPIRE,French Empire,35994bc7-gameplaycopy,,TRAIT_ATTRIBUTE_POLITICAL_TOT_EX,,,,
civilization,CIVILIZATION_FRENCH_EMPIRE,French Empire,35994bc7-gameplaycopy,,TRAIT_ATTRIBUTE_POLITICAL_TOT_EX_HAPPINESS,,,,
civilization,CIVILIZATION_FRENCH_EMPIRE,French Empire,35994bc7-gameplaycopy,,TRAIT_ANACHRONISTIC_CIV,,,TRAIT_MOD_MARKET_RESOURCE_CAP_TYPE; TRAIT_MOD_LIGHTHOUSE_RESOURCE_CAP_TYPE; TRAIT_MOD_CAPITAL_RESOURCE_CAP_TYPE; TRAIT_MOD_CITY_RESOURCE_CAP_TYPE; MOD_DEFAULT_CIV_RIVER_EMBARKATION_TYPE; TRAIT_MOD_CAPITAL_FREE_FOOD_TYPE; TRAIT_MOD_PENALTY_OVER_SETTLEMENT_CAP_SETTLEMENTS_TYPE; TRAIT_INITIAL_SETTLEMENT_CAP_TYPE; TRAIT_MOD_CHIEFDOM_UNLOCKS_GOVERNMENT_TYPE; TRAIT_MOD_DEFAULT_YIELD_5_TYPE; TRAIT_MOD_DEFAULT_YIELD_10_TYPE; TRAIT_MOD_NEGATIVE_INFLUENCE_CONQUERED_SETTLEMENTS_TYPE; TRAIT_MOD_NEGATIVE_INFLUENCE_RAZED_SETTLEMENTS_TYPE; TRAIT_MOD_GOLD_UNASSIGNED_RESOURCE_TYPE; TRAIT_MOD_HAPPINESS_UNASSIGNED_RESOURCE_TYPE; TRAIT_MOD_TOWN_FARMING_PROJECT_TYPE; TRAIT_MOD_TOWN_FISHING_PROJECT_TYPE; TRAIT_MOD_TOWN_URBAN_CENTER_PROJECT_TYPE; TRAIT_MOD_TOWN_GROWTH_PROJECT_TYPE,"Amount=1; Amount=2; Amount=2; Amount=1; EmbarkationType=UNIT_EMBARKATION_INLAND_WATER; Amount=1; YieldTypes=YIELD_HAPPINESS; Amount=5; MaxReduction=1000; Amount=3; YieldType=YIELD_GOLD; Amount=5; Tooltip=LOC_DEFAULT_YIELD; YieldType=YIELD_SCIENCE,YIELD_CULTURE,YIELD_DIPLOMACY; Amount=10; Tooltip=LOC_DEFAULT_YIELD; YieldType=YIELD_DIPLOMACY; Amount=-2; Tooltip=LOC_TRAIT_MOD_NEGATIVE_INFLUENCE_CONQUERED_SETTLEMENTS; YieldType=YIELD_DIPLOMACY; Amount=-2; Tooltip=LOC_TRAIT_MOD_NEGATIVE_INFLUENCE_RAZED_SETTLEMENTS; YieldType=YIELD_GOLD; Amount=1; Unassigned=true; YieldType=YIELD_HAPPINESS; Amount=1; Unassigned=true; ProjectType=PROJECT_TOWN_GRANARY; ProjectType=PROJECT_TOWN_FISHING; ProjectType=PROJECT_TOWN_URBAN_CENTER; Percent=50"
civilization,CIVILIZATION_MEXICO,Mexico,8d4c8700-frontendcopy,,,,,,
civilization,CIVILIZATION_MEXICO,Mexico,35994bc7-gameplaycopy,,TRAIT_MODERN_CIV,,,,
civilization,CIVILIZATION_MEXICO,Mexico,35994bc7-gameplaycopy,,TRAIT_MEXICO,,,,
civilization,CIVILIZATION_MEXICO,Mexico,35994bc7-gameplaycopy,Revolución,TRAIT_MEXICO_ABILITY,"[BLIST][LI]Starts with a unique [icon:GOVERNMENT] [TIP:LOC_PEDIA_CONCEPTS_GOVERNMENT_TOOLTIP]Government[/TIP], Revolución. This Government has one [icon:CELEBRATION] [TIP:LOC_PEDIA_CONCEPTS_CELEBRATIONS_TOOLTIP]Celebration[/TIP] effect, +30% [icon:YIELD_CULTURE] Culture for 10 Turns. Cannot enter any other Government type.[LI]+100% [icon:CULTURE_VP] [TIP:LOC_PEDIA_CONCEPTS_TOURISTS_TOOLTIP]Tourism[/TIP] from [icon:CELEBRATION] [TIP:LOC_PEDIA_CONCEPTS_CELEBRATIONS_TOOLTIP]Celebrations[/TIP].[LI]+30% [icon:YIELD_PRODUCTION] Production towards constructing Palacio de Bellas Artes.[/BLIST]","• Starts with a unique Government, Revolución. This Government has one Celebration effect, +30% Culture for 10 Turns. Cannot enter any other Government type.
• +100% Tourism from Celebrations.
• +30% Production towards constructing Palacio de Bellas Artes.",TRAIT_MOD_REVOLUCION_GOVERNMENT_UNIQUE_TYPE,GovernmentType=GOVERNMENT_REVOLUCION
civilization,CIVILIZATION_MEXICO,Mexico,35994bc7-gameplaycopy,,TRAIT_ATTRIBUTE_CULTURAL,,,,
civilization,CIVILIZATION_MEXICO,Mexico,35994bc7-gameplaycopy,,TRAIT_ATTRIBUTE_CULTURAL_TOT_AQ,,,,
civilization,CIVILIZATION_MEXICO,Mexico,35994bc7-gameplaycopy,,TRAIT_ATTRIBUTE_CULTURAL_TOT_EX,,,,
civilization,CIVILIZATION_MEXICO,Mexico,35994bc7-gameplaycopy,,TRAIT_ATTRIBUTE_POLITICAL,,,,
civilization,CIVILIZATION_MEXICO,Mexico,35994bc7-gameplaycopy,,TRAIT_ATTRIBUTE_POLITICAL_TOT_AQ,,,,
civilization,CIVILIZATION_MEXICO,Mexico,35994bc7-gameplaycopy,,TRAIT_ATTRIBUTE_POLITICAL_TOT_AQ_HAPPINESS,,,,
civilization,CIVILIZATION_MEXICO,Mexico,35994bc7-gameplaycopy,,TRAIT_ATTRIBUTE_POLITICAL_TOT_EX,,,,
civilization,CIVILIZATION_MEXICO,Mexico,35994bc7-gameplaycopy,,TRAIT_ATTRIBUTE_POLITICAL_TOT_EX_HAPPINESS,,,,
civilization,CIVILIZATION_MEXICO,Mexico,35994bc7-gameplaycopy,,TRAIT_ANACHRONISTIC_CIV,,,TRAIT_MOD_MARKET_RESOURCE_CAP_TYPE; TRAIT_MOD_LIGHTHOUSE_RESOURCE_CAP_TYPE; TRAIT_MOD_CAPITAL_RESOURCE_CAP_TYPE; TRAIT_MOD_CITY_RESOURCE_CAP_TYPE; MOD_DEFAULT_CIV_RIVER_EMBARKATION_TYPE; TRAIT_MOD_CAPITAL_FREE_FOOD_TYPE; TRAIT_MOD_PENALTY_OVER_SETTLEMENT_CAP_SETTLEMENTS_TYPE; TRAIT_INITIAL_SETTLEMENT_CAP_TYPE; TRAIT_MOD_CHIEFDOM_UNLOCKS_GOVERNMENT_TYPE; TRAIT_MOD_DEFAULT_YIELD_5_TYPE; TRAIT_MOD_DEFAULT_YIELD_10_TYPE; TRAIT_MOD_NEGATIVE_INFLUENCE_CONQUERED_SETTLEMENTS_TYPE; TRAIT_MOD_NEGATIVE_INFLUENCE_RAZED_SETTLEMENTS_TYPE; TRAIT_MOD_GOLD_UNASSIGNED_RESOURCE_TYPE; TRAIT_MOD_HAPPINESS_UNASSIGNED_RESOURCE_TYPE; TRAIT_MOD_TOWN_FARMING_PROJECT_TYPE; TRAIT_MOD_TOWN_FISHING_PROJECT_TYPE; TRAIT_MOD_TOWN_URBAN_CENTER_PROJECT_TYPE; TRAIT_MOD_TOWN_GROWTH_PROJECT_TYPE,"Amount=1; Amount=2; Amount=2; Amount=1; EmbarkationType=UNIT_EMBARKATION_INLAND_WATER; Amount=1; YieldTypes=YIELD_HAPPINESS; Amount=5; MaxReduction=1000; Amount=3; YieldType=YIELD_GOLD; Amount=5; Tooltip=LOC_DEFAULT_YIELD; YieldType=YIELD_SCIENCE,YIELD_CULTURE,YIELD_DIPLOMACY; Amount=10; Tooltip=LOC_DEFAULT_YIELD; YieldType=YIELD_DIPLOMACY; Amount=-2; Tooltip=LOC_TRAIT_MOD_NEGATIVE_INFLUENCE_CONQUERED_SETTLEMENTS; YieldType=YIELD_DIPLOMACY; Amount=-2; Tooltip=LOC_TRAIT_MOD_NEGATIVE_INFLUENCE_RAZED_SETTLEMENTS; YieldType=YIELD_GOLD; Amount=1; Unassigned=true; YieldType=YIELD_HAPPINESS; Amount=1; Unassigned=true; ProjectType=PROJECT_TOWN_GRANARY; ProjectType=PROJECT_TOWN_FISHING; ProjectType=PROJECT_TOWN_URBAN_CENTER; Percent=50"
civilization,CIVILIZATION_MUGHAL,Mughal,8d4c8700-frontendcopy,,,,,,
civilization,CIVILIZATION_MUGHAL,Mughal,35994bc7-gameplaycopy,,TRAIT_MODERN_CIV,,,,
civilization,CIVILIZATION_MUGHAL,Mughal,35994bc7-gameplaycopy,,TRAIT_MUGHAL,,,,
civilization,CIVILIZATION_MUGHAL,Mughal,35994bc7-gameplaycopy,Paradise of Nations,TRAIT_MUGHAL_ABILITY,"[BLIST][LI][B]+100% [icon:YIELD_GOLD] Gold[/B] yields.[LI][B]-25%[/B] to [B]all other[/B] yields [B]except [icon:YIELD_FOOD] Food[/B].[LI]You can purchase [B][icon:WONDER] [TIP:LOC_PEDIA_CONCEPTS_WONDERS_TOOLTIP]Wonders[/TIP][/B] with [B][icon:YIELD_GOLD] Gold[/B], but they are [B]150%[/B] more expensive.[LI][B]+30% [icon:YIELD_PRODUCTION] Production [/B]towards constructing the [B]Red Fort[/B].[/BLIST]","• +100% Gold yields.
• -25% to all other yields except Food.
• You can purchase Wonders with Gold, but they are 150% more expensive.
• +30% Production towards constructing the Red Fort.",TRAIT_MOD_PARADISE_OF_NATIONS_GOLD_TYPE; TRAIT_MOD_PARADISE_OF_NATIONS_CITY_YIELD_PENALTY_TYPE; TRAIT_MOD_PARADISE_OF_NATIONS_YIELD_PENALTY_TYPE; TRAIT_MOD_PARADISE_OF_NATIONS_WONDER_PURCHASE_ABILITY_TYPE,"YieldType=YIELD_GOLD; Percent=100; YieldType=YIELD_PRODUCTION; Percent=-25; Tooltip=LOC_TRAIT_MUGHAL_ABILITY_NAME; YieldType=YIELD_CULTURE,YIELD_HAPPINESS,YIELD_SCIENCE,YIELD_DIPLOMACY; Percent=-25; Tooltip=LOC_TRAIT_MUGHAL_ABILITY_NAME; ConstructibleClass=WONDER; Percent=-150"
civilization,CIVILIZATION_MUGHAL,Mughal,35994bc7-gameplaycopy,,TRAIT_ATTRIBUTE_ECONOMIC,,,,
civilization,CIVILIZATION_MUGHAL,Mughal,35994bc7-gameplaycopy,,TRAIT_ATTRIBUTE_ECONOMIC_TOT_AQ,,,,
civilization,CIVILIZATION_MUGHAL,Mughal,35994bc7-gameplaycopy,,TRAIT_ATTRIBUTE_ECONOMIC_TOT_EX,,,,
civilization,CIVILIZATION_MUGHAL,Mughal,35994bc7-gameplaycopy,,TRAIT_ATTRIBUTE_EXPANSIONIST,,,,
civilization,CIVILIZATION_MUGHAL,Mughal,35994bc7-gameplaycopy,,TRAIT_ATTRIBUTE_EXPANSIONIST_WIDE,,,,
civilization,CIVILIZATION_MUGHAL,Mughal,35994bc7-gameplaycopy,,TRAIT_ATTRIBUTE_EXPANSIONIST_TOT_AQ,,,,
civilization,CIVILIZATION_MUGHAL,Mughal,35994bc7-gameplaycopy,,TRAIT_ATTRIBUTE_EXPANSIONIST_TOT_AQ_WIDE,,,,
civilization,CIVILIZATION_MUGHAL,Mughal,35994bc7-gameplaycopy,,TRAIT_ATTRIBUTE_EXPANSIONIST_TOT_EX,,,,
civilization,CIVILIZATION_MUGHAL,Mughal,35994bc7-gameplaycopy,,TRAIT_ATTRIBUTE_EXPANSIONIST_TOT_EX_WIDE,,,,
civilization,CIVILIZATION_MUGHAL,Mughal,35994bc7-gameplaycopy,,TRAIT_ANACHRONISTIC_CIV,,,TRAIT_MOD_MARKET_RESOURCE_CAP_TYPE; TRAIT_MOD_LIGHTHOUSE_RESOURCE_CAP_TYPE; TRAIT_MOD_CAPITAL_RESOURCE_CAP_TYPE; TRAIT_MOD_CITY_RESOURCE_CAP_TYPE; MOD_DEFAULT_CIV_RIVER_EMBARKATION_TYPE; TRAIT_MOD_CAPITAL_FREE_FOOD_TYPE; TRAIT_MOD_PENALTY_OVER_SETTLEMENT_CAP_SETTLEMENTS_TYPE; TRAIT_INITIAL_SETTLEMENT_CAP_TYPE; TRAIT_MOD_CHIEFDOM_UNLOCKS_GOVERNMENT_TYPE; TRAIT_MOD_DEFAULT_YIELD_5_TYPE; TRAIT_MOD_DEFAULT_YIELD_10_TYPE; TRAIT_MOD_NEGATIVE_INFLUENCE_CONQUERED_SETTLEMENTS_TYPE; TRAIT_MOD_NEGATIVE_INFLUENCE_RAZED_SETTLEMENTS_TYPE; TRAIT_MOD_GOLD_UNASSIGNED_RESOURCE_TYPE; TRAIT_MOD_HAPPINESS_UNASSIGNED_RESOURCE_TYPE; TRAIT_MOD_TOWN_FARMING_PROJECT_TYPE; TRAIT_MOD_TOWN_FISHING_PROJECT_TYPE; TRAIT_MOD_TOWN_URBAN_CENTER_PROJECT_TYPE; TRAIT_MOD_TOWN_GROWTH_PROJECT_TYPE,"Amount=1; Amount=2; Amount=2; Amount=1; EmbarkationType=UNIT_EMBARKATION_INLAND_WATER; Amount=1; YieldTypes=YIELD_HAPPINESS; Amount=5; MaxReduction=1000; Amount=3; YieldType=YIELD_GOLD; Amount=5; Tooltip=LOC_DEFAULT_YIELD; YieldType=YIELD_SCIENCE,YIELD_CULTURE,YIELD_DIPLOMACY; Amount=10; Tooltip=LOC_DEFAULT_YIELD; YieldType=YIELD_DIPLOMACY; Amount=-2; Tooltip=LOC_TRAIT_MOD_NEGATIVE_INFLUENCE_CONQUERED_SETTLEMENTS; YieldType=YIELD_DIPLOMACY; Amount=-2; Tooltip=LOC_TRAIT_MOD_NEGATIVE_INFLUENCE_RAZED_SETTLEMENTS; YieldType=YIELD_GOLD; Amount=1; Unassigned=true; YieldType=YIELD_HAPPINESS; Amount=1; Unassigned=true; ProjectType=PROJECT_TOWN_GRANARY; ProjectType=PROJECT_TOWN_FISHING; ProjectType=PROJECT_TOWN_URBAN_CENTER; Percent=50"
civilization,CIVILIZATION_MEIJI,Meiji Japan,8d4c8700-frontendcopy,,,,,,
civilization,CIVILIZATION_MEIJI,Meiji Japan,35994bc7-gameplaycopy,,TRAIT_MODERN_CIV,,,,
civilization,CIVILIZATION_MEIJI,Meiji Japan,35994bc7-gameplaycopy,,TRAIT_MEIJI,,,,
civilization,CIVILIZATION_MEIJI,Meiji Japan,35994bc7-gameplaycopy,Goisshin,TRAIT_MEIJI_ABILITY,"[BLIST][LI]When you Overbuild a [icon:CITY_BUILDING_LIST] [TIP:LOC_PEDIA_CONCEPTS_BUILDINGS_TOOLTIP]Building[/TIP], gain [icon:YIELD_SCIENCE] Science equal to 25% of the Building's [icon:YIELD_PRODUCTION] Production cost.[LI]+30% [icon:YIELD_PRODUCTION] Production towards constructing Dogo Onsen.[/BLIST]","• When you Overbuild a Building, gain Science equal to 25% of the Building's Production cost.
• +30% Production towards constructing Dogo Onsen.",TRAIT_MOD_GOISSHIN_AQ_SCIENCE_ON_BUILD_TYPE,ConstructibleClass=BUILDING; YieldType=YIELD_SCIENCE; PercentCost=25
civilization,CIVILIZATION_MEIJI,Meiji Japan,35994bc7-gameplaycopy,,TRAIT_ATTRIBUTE_MILITARISTIC,,,,
civilization,CIVILIZATION_MEIJI,Meiji Japan,35994bc7-gameplaycopy,,TRAIT_ATTRIBUTE_MILITARISTIC_TOT_AQ,,,,
civilization,CIVILIZATION_MEIJI,Meiji Japan,35994bc7-gameplaycopy,,TRAIT_ATTRIBUTE_MILITARISTIC_TOT_EX,,,,
civilization,CIVILIZATION_MEIJI,Meiji Japan,35994bc7-gameplaycopy,,TRAIT_ATTRIBUTE_SCIENTIFIC,,,,
civilization,CIVILIZATION_MEIJI,Meiji Japan,35994bc7-gameplaycopy,,TRAIT_ATTRIBUTE_SCIENTIFIC_TOT_AQ,,,,
civilization,CIVILIZATION_MEIJI,Meiji Japan,35994bc7-gameplaycopy,,TRAIT_ATTRIBUTE_SCIENTIFIC_TOT_EX,,,,
civilization,CIVILIZATION_MEIJI,Meiji Japan,35994bc7-gameplaycopy,,TRAIT_ANACHRONISTIC_CIV,,,TRAIT_MOD_MARKET_RESOURCE_CAP_TYPE; TRAIT_MOD_LIGHTHOUSE_RESOURCE_CAP_TYPE; TRAIT_MOD_CAPITAL_RESOURCE_CAP_TYPE; TRAIT_MOD_CITY_RESOURCE_CAP_TYPE; MOD_DEFAULT_CIV_RIVER_EMBARKATION_TYPE; TRAIT_MOD_CAPITAL_FREE_FOOD_TYPE; TRAIT_MOD_PENALTY_OVER_SETTLEMENT_CAP_SETTLEMENTS_TYPE; TRAIT_INITIAL_SETTLEMENT_CAP_TYPE; TRAIT_MOD_CHIEFDOM_UNLOCKS_GOVERNMENT_TYPE; TRAIT_MOD_DEFAULT_YIELD_5_TYPE; TRAIT_MOD_DEFAULT_YIELD_10_TYPE; TRAIT_MOD_NEGATIVE_INFLUENCE_CONQUERED_SETTLEMENTS_TYPE; TRAIT_MOD_NEGATIVE_INFLUENCE_RAZED_SETTLEMENTS_TYPE; TRAIT_MOD_GOLD_UNASSIGNED_RESOURCE_TYPE; TRAIT_MOD_HAPPINESS_UNASSIGNED_RESOURCE_TYPE; TRAIT_MOD_TOWN_FARMING_PROJECT_TYPE; TRAIT_MOD_TOWN_FISHING_PROJECT_TYPE; TRAIT_MOD_TOWN_URBAN_CENTER_PROJECT_TYPE; TRAIT_MOD_TOWN_GROWTH_PROJECT_TYPE,"Amount=1; Amount=2; Amount=2; Amount=1; EmbarkationType=UNIT_EMBARKATION_INLAND_WATER; Amount=1; YieldTypes=YIELD_HAPPINESS; Amount=5; MaxReduction=1000; Amount=3; YieldType=YIELD_GOLD; Amount=5; Tooltip=LOC_DEFAULT_YIELD; YieldType=YIELD_SCIENCE,YIELD_CULTURE,YIELD_DIPLOMACY; Amount=10; Tooltip=LOC_DEFAULT_YIELD; YieldType=YIELD_DIPLOMACY; Amount=-2; Tooltip=LOC_TRAIT_MOD_NEGATIVE_INFLUENCE_CONQUERED_SETTLEMENTS; YieldType=YIELD_DIPLOMACY; Amount=-2; Tooltip=LOC_TRAIT_MOD_NEGATIVE_INFLUENCE_RAZED_SETTLEMENTS; YieldType=YIELD_GOLD; Amount=1; Unassigned=true; YieldType=YIELD_HAPPINESS; Amount=1; Unassigned=true; ProjectType=PROJECT_TOWN_GRANARY; ProjectType=PROJECT_TOWN_FISHING; ProjectType=PROJECT_TOWN_URBAN_CENTER; Percent=50"
civilization,CIVILIZATION_PRUSSIA,Prussia,8d4c8700-frontendcopy,,,,,,
civilization,CIVILIZATION_PRUSSIA,Prussia,35994bc7-gameplaycopy,,TRAIT_MODERN_CIV,,,,
civilization,CIVILIZATION_PRUSSIA,Prussia,35994bc7-gameplaycopy,,TRAIT_PRUSSIA,,,,
civilization,CIVILIZATION_PRUSSIA,Prussia,35994bc7-gameplaycopy,Blood and Iron,TRAIT_PRUSSIA_ABILITY,[BLIST][LI]+1 [icon:NAR_REW_COMBAT] [TIP:LOC_PEDIA_CONCEPTS_COMBAT_STRENGTH_TOOLTIP]Combat Strength[/TIP] for [TIP:LOC_PEDIA_CONCEPTS_MILITARY_UNIT_TOOLTIP]Military Units[/TIP] for every [icon:PLAYER_RELATIONSHIP_UNFRIENDLY] Unfriendly or [icon:PLAYER_RELATIONSHIP_HOSTILE] Hostile Relationship with another Leader.[LI]You may establish and retain [icon:TRADE_ROUTE] [TIP:LOC_PEDIA_CONCEPTS_TRADE_ROUTE_TOOLTIP]Trade Routes[/TIP] with Civilizations that you are at [icon:WAR] War with.[LI]+30% [icon:YIELD_PRODUCTION] Production towards constructing Brandenburg Gate.[/BLIST],"• +1 Combat Strength for Military Units for every Unfriendly or Hostile Relationship with another Leader.
• You may establish and retain Trade Routes with Civilizations that you are at War with.
• +30% Production towards constructing Brandenburg Gate.",TRAIT_MOD_BLOOD_AND_IRON_COMBAT_STRENGTH_TYPE; TRAIT_MOD_ZOLLVEREIN_TRADE_DURING_WAR_TYPE,"Amount=1; RelationshipTypes=PLAYER_RELATIONSHIP_HOSTILE, PLAYER_RELATIONSHIP_UNFRIENDLY; TradeDuringWar=true"
civilization,CIVILIZATION_PRUSSIA,Prussia,35994bc7-gameplaycopy,,TRAIT_ATTRIBUTE_MILITARISTIC,,,,
civilization,CIVILIZATION_PRUSSIA,Prussia,35994bc7-gameplaycopy,,TRAIT_ATTRIBUTE_MILITARISTIC_TOT_AQ,,,,
civilization,CIVILIZATION_PRUSSIA,Prussia,35994bc7-gameplaycopy,,TRAIT_ATTRIBUTE_MILITARISTIC_TOT_EX,,,,
civilization,CIVILIZATION_PRUSSIA,Prussia,35994bc7-gameplaycopy,,TRAIT_ATTRIBUTE_POLITICAL,,,,
civilization,CIVILIZATION_PRUSSIA,Prussia,35994bc7-gameplaycopy,,TRAIT_ATTRIBUTE_POLITICAL_TOT_AQ,,,,
civilization,CIVILIZATION_PRUSSIA,Prussia,35994bc7-gameplaycopy,,TRAIT_ATTRIBUTE_POLITICAL_TOT_AQ_INFLUENCE,,,,
civilization,CIVILIZATION_PRUSSIA,Prussia,35994bc7-gameplaycopy,,TRAIT_ATTRIBUTE_POLITICAL_TOT_EX,,,,
civilization,CIVILIZATION_PRUSSIA,Prussia,35994bc7-gameplaycopy,,TRAIT_ATTRIBUTE_POLITICAL_TOT_EX_INFLUENCE,,,,
civilization,CIVILIZATION_PRUSSIA,Prussia,35994bc7-gameplaycopy,,TRAIT_ANACHRONISTIC_CIV,,,TRAIT_MOD_MARKET_RESOURCE_CAP_TYPE; TRAIT_MOD_LIGHTHOUSE_RESOURCE_CAP_TYPE; TRAIT_MOD_CAPITAL_RESOURCE_CAP_TYPE; TRAIT_MOD_CITY_RESOURCE_CAP_TYPE; MOD_DEFAULT_CIV_RIVER_EMBARKATION_TYPE; TRAIT_MOD_CAPITAL_FREE_FOOD_TYPE; TRAIT_MOD_PENALTY_OVER_SETTLEMENT_CAP_SETTLEMENTS_TYPE; TRAIT_INITIAL_SETTLEMENT_CAP_TYPE; TRAIT_MOD_CHIEFDOM_UNLOCKS_GOVERNMENT_TYPE; TRAIT_MOD_DEFAULT_YIELD_5_TYPE; TRAIT_MOD_DEFAULT_YIELD_10_TYPE; TRAIT_MOD_NEGATIVE_INFLUENCE_CONQUERED_SETTLEMENTS_TYPE; TRAIT_MOD_NEGATIVE_INFLUENCE_RAZED_SETTLEMENTS_TYPE; TRAIT_MOD_GOLD_UNASSIGNED_RESOURCE_TYPE; TRAIT_MOD_HAPPINESS_UNASSIGNED_RESOURCE_TYPE; TRAIT_MOD_TOWN_FARMING_PROJECT_TYPE; TRAIT_MOD_TOWN_FISHING_PROJECT_TYPE; TRAIT_MOD_TOWN_URBAN_CENTER_PROJECT_TYPE; TRAIT_MOD_TOWN_GROWTH_PROJECT_TYPE,"Amount=1; Amount=2; Amount=2; Amount=1; EmbarkationType=UNIT_EMBARKATION_INLAND_WATER; Amount=1; YieldTypes=YIELD_HAPPINESS; Amount=5; MaxReduction=1000; Amount=3; YieldType=YIELD_GOLD; Amount=5; Tooltip=LOC_DEFAULT_YIELD; YieldType=YIELD_SCIENCE,YIELD_CULTURE,YIELD_DIPLOMACY; Amount=10; Tooltip=LOC_DEFAULT_YIELD; YieldType=YIELD_DIPLOMACY; Amount=-2; Tooltip=LOC_TRAIT_MOD_NEGATIVE_INFLUENCE_CONQUERED_SETTLEMENTS; YieldType=YIELD_DIPLOMACY; Amount=-2; Tooltip=LOC_TRAIT_MOD_NEGATIVE_INFLUENCE_RAZED_SETTLEMENTS; YieldType=YIELD_GOLD; Amount=1; Unassigned=true; YieldType=YIELD_HAPPINESS; Amount=1; Unassigned=true; ProjectType=PROJECT_TOWN_GRANARY; ProjectType=PROJECT_TOWN_FISHING; ProjectType=PROJECT_TOWN_URBAN_CENTER; Percent=50"
civilization,CIVILIZATION_QING,Qing,8d4c8700-frontendcopy,,,,,,
civilization,CIVILIZATION_QING,Qing,35994bc7-gameplaycopy,,TRAIT_MODERN_CIV,,,,
civilization,CIVILIZATION_QING,Qing,35994bc7-gameplaycopy,,TRAIT_QING,,,,
civilization,CIVILIZATION_QING,Qing,35994bc7-gameplaycopy,Kang Qian Shengshi,TRAIT_QING_ABILITY,"[BLIST][LI]+3 [icon:YIELD_GOLD] Gold and +3 [icon:YIELD_CULTURE] Culture for every imported [icon:RADIAL_RESOURCES] [TIP:LOC_PEDIA_CONCEPTS_RESOURCES_TOOLTIP]Resource[/TIP], but -6 [icon:YIELD_SCIENCE] Science for every [icon:TRADE_ROUTE] [TIP:LOC_PEDIA_CONCEPTS_TRADE_ROUTE_TOOLTIP]Trade Route[/TIP].[LI]+1 [icon:ECONOMIC_VP] GDP per turn for imported [icon:RADIAL_RESOURCES] [TIP:LOC_PEDIA_CONCEPTS_RESOURCES_TOOLTIP]Resources[/TIP] assigned to [icon:YIELD_CITIES] [TIP:LOC_PEDIA_CONCEPTS_CITIES_TOOLTIP]Cities[/TIP].[LI]+1 [icon:NAR_REW_COMBAT] [TIP:LOC_PEDIA_CONCEPTS_COMBAT_STRENGTH_TOOLTIP]Combat Strength[/TIP] for Land Units for every other Civilization you have a [icon:TRADE_ROUTE] [TIP:LOC_PEDIA_CONCEPTS_TRADE_ROUTE_TOOLTIP]Trade Route[/TIP] with.[LI]+30% [icon:YIELD_PRODUCTION] Production towards constructing Chengde Mountain Resort.[/BLIST]","• +3 Gold and +3 Culture for every imported Resource, but -6 Science for every Trade Route.
• +1 GDP per turn for imported Resources assigned to Cities.
• +1 Combat Strength for Land Units for every other Civilization you have a Trade Route with.
• +30% Production towards constructing Chengde Mountain Resort.",TRAIT_MOD_AQ_SHENGSHI_GOLD_PER_IMPORTED_RESOURCE_TYPE; TRAIT_MOD_AQ_SHENGSHI_CULTURE_PER_IMPORTED_RESOURCE_TYPE; TRAIT_MOD_AQ_SHENGSHI_SCIENCE_MALUS_PER_TRADE_ROUTE_TYPE; TRAIT_MOD_SHENGSHI_COMBAT_STRENGTH_TYPE,YieldType=YIELD_GOLD; Amount=1; Imported=true; Tooltip=LOC_TRAIT_QING_ABILITY_NAME; YieldType=YIELD_CULTURE; Amount=1; Imported=true; Tooltip=LOC_TRAIT_QING_ABILITY_NAME; YieldType=YIELD_SCIENCE; Amount=-2; Tooltip=LOC_TRAIT_QING_ABILITY_NAME; AbilityType=ABILITY_SHENGSHI
civilization,CIVILIZATION_QING,Qing,35994bc7-gameplaycopy,,TRAIT_ATTRIBUTE_ECONOMIC,,,,
civilization,CIVILIZATION_QING,Qing,35994bc7-gameplaycopy,,TRAIT_ATTRIBUTE_ECONOMIC_TOT_AQ,,,,
civilization,CIVILIZATION_QING,Qing,35994bc7-gameplaycopy,,TRAIT_ATTRIBUTE_ECONOMIC_TOT_EX,,,,
civilization,CIVILIZATION_QING,Qing,35994bc7-gameplaycopy,,TRAIT_ATTRIBUTE_EXPANSIONIST,,,,
civilization,CIVILIZATION_QING,Qing,35994bc7-gameplaycopy,,TRAIT_ATTRIBUTE_EXPANSIONIST_WIDE,,,,
civilization,CIVILIZATION_QING,Qing,35994bc7-gameplaycopy,,TRAIT_ATTRIBUTE_EXPANSIONIST_TOT_AQ,,,,
civilization,CIVILIZATION_QING,Qing,35994bc7-gameplaycopy,,TRAIT_ATTRIBUTE_EXPANSIONIST_TOT_AQ_WIDE,,,,
civilization,CIVILIZATION_QING,Qing,35994bc7-gameplaycopy,,TRAIT_ATTRIBUTE_EXPANSIONIST_TOT_EX,,,,
civilization,CIVILIZATION_QING,Qing,35994bc7-gameplaycopy,,TRAIT_ATTRIBUTE_EXPANSIONIST_TOT_EX_WIDE,,,,
civilization,CIVILIZATION_QING,Qing,35994bc7-gameplaycopy,,TRAIT_ANACHRONISTIC_CIV,,,TRAIT_MOD_MARKET_RESOURCE_CAP_TYPE; TRAIT_MOD_LIGHTHOUSE_RESOURCE_CAP_TYPE; TRAIT_MOD_CAPITAL_RESOURCE_CAP_TYPE; TRAIT_MOD_CITY_RESOURCE_CAP_TYPE; MOD_DEFAULT_CIV_RIVER_EMBARKATION_TYPE; TRAIT_MOD_CAPITAL_FREE_FOOD_TYPE; TRAIT_MOD_PENALTY_OVER_SETTLEMENT_CAP_SETTLEMENTS_TYPE; TRAIT_INITIAL_SETTLEMENT_CAP_TYPE; TRAIT_MOD_CHIEFDOM_UNLOCKS_GOVERNMENT_TYPE; TRAIT_MOD_DEFAULT_YIELD_5_TYPE; TRAIT_MOD_DEFAULT_YIELD_10_TYPE; TRAIT_MOD_NEGATIVE_INFLUENCE_CONQUERED_SETTLEMENTS_TYPE; TRAIT_MOD_NEGATIVE_INFLUENCE_RAZED_SETTLEMENTS_TYPE; TRAIT_MOD_GOLD_UNASSIGNED_RESOURCE_TYPE; TRAIT_MOD_HAPPINESS_UNASSIGNED_RESOURCE_TYPE; TRAIT_MOD_TOWN_FARMING_PROJECT_TYPE; TRAIT_MOD_TOWN_FISHING_PROJECT_TYPE; TRAIT_MOD_TOWN_URBAN_CENTER_PROJECT_TYPE; TRAIT_MOD_TOWN_GROWTH_PROJECT_TYPE,"Amount=1; Amount=2; Amount=2; Amount=1; EmbarkationType=UNIT_EMBARKATION_INLAND_WATER; Amount=1; YieldTypes=YIELD_HAPPINESS; Amount=5; MaxReduction=1000; Amount=3; YieldType=YIELD_GOLD; Amount=5; Tooltip=LOC_DEFAULT_YIELD; YieldType=YIELD_SCIENCE,YIELD_CULTURE,YIELD_DIPLOMACY; Amount=10; Tooltip=LOC_DEFAULT_YIELD; YieldType=YIELD_DIPLOMACY; Amount=-2; Tooltip=LOC_TRAIT_MOD_NEGATIVE_INFLUENCE_CONQUERED_SETTLEMENTS; YieldType=YIELD_DIPLOMACY; Amount=-2; Tooltip=LOC_TRAIT_MOD_NEGATIVE_INFLUENCE_RAZED_SETTLEMENTS; YieldType=YIELD_GOLD; Amount=1; Unassigned=true; YieldType=YIELD_HAPPINESS; Amount=1; Unassigned=true; ProjectType=PROJECT_TOWN_GRANARY; ProjectType=PROJECT_TOWN_FISHING; ProjectType=PROJECT_TOWN_URBAN_CENTER; Percent=50"
civilization,CIVILIZATION_RUSSIA,Russia,8d4c8700-frontendcopy,,,,,,
civilization,CIVILIZATION_RUSSIA,Russia,35994bc7-gameplaycopy,,TRAIT_MODERN_CIV,,,,
civilization,CIVILIZATION_RUSSIA,Russia,35994bc7-gameplaycopy,,TRAIT_RUSSIA,,,,
civilization,CIVILIZATION_RUSSIA,Russia,35994bc7-gameplaycopy,Prosveshchenie,TRAIT_RUSSIA_ABILITY,"[BLIST][LI][B]+1 [icon:YIELD_CULTURE] Culture on [icon:CITY_UNIQUE_QUARTER] [TIP:LOC_PEDIA_CONCEPTS_DISTRICT_TOOLTIP]Quarters[/TIP][/B] in [B][icon:YIELD_CITIES] [TIP:LOC_PEDIA_CONCEPTS_CITIES_TOOLTIP]Cities[/TIP][/B]. [B]+1 [icon:YIELD_SCIENCE] Science on [icon:CITY_UNIQUE_QUARTER] Quarters[/B] in [B][icon:YIELD_CITIES] Cities[/B] in [B]Tundra[/B].[LI][B]+1 [icon:YIELD_FOOD] Food on Farms[/B] in [B][icon:YIELD_TOWNS] [TIP:LOC_PEDIA_CONCEPTS_TOWN_TOOLTIP]Towns[/TIP][/B]. [B]+1 [icon:YIELD_PRODUCTION] Production on Farms[/B] in [B][icon:YIELD_TOWNS] Towns[/B] in [B]Tundra[/B], count as [icon:YIELD_WAREHOUSE] Warehouse Bonus.[LI][B]+30% [icon:YIELD_PRODUCTION] Production[/B] towards constructing the [B]Hermitage[/B].[/BLIST]","• +1 Culture on Quarters in Cities. +1 Science on Quarters in Cities in Tundra.
• +1 Food on Farms in Towns. +1 Production on Farms in Towns in Tundra, count as Warehouse Bonus.
• +30% Production towards constructing the Hermitage.",PROSVESHCHENIE_CITY_YIELDS_TYPE; PROSVESHCHENIE_TOWN_FOOD_TYPE; PROSVESHCHENIE_TOWN_PRODUCTION_TYPE,"ModifierId=PROSVESHCHENIE_CITY_CULTURE,PROSVESHCHENIE_CITY_SCIENCE; WarehouseYieldChange=Prosveshchenie_DesertFloodplainFeatureFood,Prosveshchenie_GrasslandFloodplainFeatureFood,Prosveshchenie_PlainsFloodplainFeatureFood,Prosveshchenie_TropicalFloodplainFeatureFood,Prosveshchenie_TundraFloodplainFeatureFood,Prosveshchenie_FlatTerrainFood; Tooltip=LOC_TRAIT_RUSSIA_ABILITY_NAME; WarehouseYieldChange=Prosveshchenie_DesertFloodplainFeatureProduction,Prosveshchenie_GrasslandFloodplainFeatureProduction,Prosveshchenie_PlainsFloodplainFeatureProduction,Prosveshchenie_TropicalFloodplainFeatureProduction,Prosveshchenie_TundraFloodplainFeatureProduction,Prosveshchenie_FlatTerrainProduction; Tooltip=LOC_TRAIT_RUSSIA_ABILITY_NAME"
civilization,CIVILIZATION_RUSSIA,Russia,35994bc7-gameplaycopy,,TRAIT_ATTRIBUTE_CULTURAL,,,,
civilization,CIVILIZATION_RUSSIA,Russia,35994bc7-gameplaycopy,,TRAIT_ATTRIBUTE_CULTURAL_TOT_AQ,,,,
civilization,CIVILIZATION_RUSSIA,Russia,35994bc7-gameplaycopy,,TRAIT_ATTRIBUTE_CULTURAL_TOT_EX,,,,
civilization,CIVILIZATION_RUSSIA,Russia,35994bc7-gameplaycopy,,TRAIT_ATTRIBUTE_SCIENTIFIC,,,,
civilization,CIVILIZATION_RUSSIA,Russia,35994bc7-gameplaycopy,,TRAIT_ATTRIBUTE_SCIENTIFIC_TOT_AQ,,,,
civilization,CIVILIZATION_RUSSIA,Russia,35994bc7-gameplaycopy,,TRAIT_ATTRIBUTE_SCIENTIFIC_TOT_EX,,,,
civilization,CIVILIZATION_RUSSIA,Russia,35994bc7-gameplaycopy,,TRAIT_ANACHRONISTIC_CIV,,,TRAIT_MOD_MARKET_RESOURCE_CAP_TYPE; TRAIT_MOD_LIGHTHOUSE_RESOURCE_CAP_TYPE; TRAIT_MOD_CAPITAL_RESOURCE_CAP_TYPE; TRAIT_MOD_CITY_RESOURCE_CAP_TYPE; MOD_DEFAULT_CIV_RIVER_EMBARKATION_TYPE; TRAIT_MOD_CAPITAL_FREE_FOOD_TYPE; TRAIT_MOD_PENALTY_OVER_SETTLEMENT_CAP_SETTLEMENTS_TYPE; TRAIT_INITIAL_SETTLEMENT_CAP_TYPE; TRAIT_MOD_CHIEFDOM_UNLOCKS_GOVERNMENT_TYPE; TRAIT_MOD_DEFAULT_YIELD_5_TYPE; TRAIT_MOD_DEFAULT_YIELD_10_TYPE; TRAIT_MOD_NEGATIVE_INFLUENCE_CONQUERED_SETTLEMENTS_TYPE; TRAIT_MOD_NEGATIVE_INFLUENCE_RAZED_SETTLEMENTS_TYPE; TRAIT_MOD_GOLD_UNASSIGNED_RESOURCE_TYPE; TRAIT_MOD_HAPPINESS_UNASSIGNED_RESOURCE_TYPE; TRAIT_MOD_TOWN_FARMING_PROJECT_TYPE; TRAIT_MOD_TOWN_FISHING_PROJECT_TYPE; TRAIT_MOD_TOWN_URBAN_CENTER_PROJECT_TYPE; TRAIT_MOD_TOWN_GROWTH_PROJECT_TYPE,"Amount=1; Amount=2; Amount=2; Amount=1; EmbarkationType=UNIT_EMBARKATION_INLAND_WATER; Amount=1; YieldTypes=YIELD_HAPPINESS; Amount=5; MaxReduction=1000; Amount=3; YieldType=YIELD_GOLD; Amount=5; Tooltip=LOC_DEFAULT_YIELD; YieldType=YIELD_SCIENCE,YIELD_CULTURE,YIELD_DIPLOMACY; Amount=10; Tooltip=LOC_DEFAULT_YIELD; YieldType=YIELD_DIPLOMACY; Amount=-2; Tooltip=LOC_TRAIT_MOD_NEGATIVE_INFLUENCE_CONQUERED_SETTLEMENTS; YieldType=YIELD_DIPLOMACY; Amount=-2; Tooltip=LOC_TRAIT_MOD_NEGATIVE_INFLUENCE_RAZED_SETTLEMENTS; YieldType=YIELD_GOLD; Amount=1; Unassigned=true; YieldType=YIELD_HAPPINESS; Amount=1; Unassigned=true; ProjectType=PROJECT_TOWN_GRANARY; ProjectType=PROJECT_TOWN_FISHING; ProjectType=PROJECT_TOWN_URBAN_CENTER; Percent=50"
civilization,CIVILIZATION_SIAM,Siam,8d4c8700-frontendcopy,,,,,,
civilization,CIVILIZATION_SIAM,Siam,35994bc7-gameplaycopy,,TRAIT_MODERN_CIV,,,,
civilization,CIVILIZATION_SIAM,Siam,35994bc7-gameplaycopy,,TRAIT_SIAM,,,,
civilization,CIVILIZATION_SIAM,Siam,35994bc7-gameplaycopy,Itsaraphab,TRAIT_SIAM_ABILITY,[BLIST][LI]Gains a [B]unique [icon:DIPLOMATIC_ACTION] Diplomatic Action[/B] to immediately become [B][TIP:LOC_PEDIA_CONCEPTS_SUZERAIN_TOOLTIP]Suzerain[/TIP][/B] of a [B][icon:CITYSTATE] [TIP:LOC_PEDIA_CONCEPTS_CITY_STATE_TOOLTIP]City-State[/TIP][/B] at a higher [icon:YIELD_DIPLOMACY] Influence cost than [icon:PROJECT] Befriend Independent.[LI][B]+3 [icon:YIELD_DIPLOMACY] Influence[/B] for every Civilization you are [B][icon:PLAYER_RELATIONSHIP_FRIENDLY] Friendly[/B] or [B][icon:PLAYER_RELATIONSHIP_HELPFUL] Helpful[/B] with.[LI][B]+12 [icon:CULTURE_VP] Tourism[/B] for every [B][TIP:LOC_PEDIA_CONCEPTS_CITY_STATE_TOOLTIP]City-State[/TIP][/B] you are [TIP:LOC_PEDIA_CONCEPTS_SUZERAIN_TOOLTIP]Suzerain[/TIP] of.[LI][B]+30% [icon:YIELD_PRODUCTION] Production[/B] towards constructing [B]Doi Suthep[/B].[/BLIST],"• Gains a unique Diplomatic Action to immediately become Suzerain of a City-State at a higher Influence cost than Befriend Independent.
• +3 Influence for every Civilization you are Friendly or Helpful with.
• +12 Tourism for every City-State you are Suzerain of.
• +30% Production towards constructing Doi Suthep.",TRAIT_MOD_ITSARAPHAB_TYPE; TRAIT_MOD_ITSARAPHAB_AQ_INFLUENCE_FRIENDLY_TYPE; TRAIT_MOD_ITSARAPHAB_AQ_INFLUENCE_HELPFUL_TYPE,ActionType=DIPLOMACY_ACTION_BECOME_SUZERAIN; RelationshipType=PLAYER_RELATIONSHIP_FRIENDLY; YieldType=YIELD_DIPLOMACY; Amount=1; Tooltip=LOC_TRAIT_SIAM_ABILITY_NAME; RelationshipType=PLAYER_RELATIONSHIP_HELPFUL; YieldType=YIELD_DIPLOMACY; Amount=1; Tooltip=LOC_TRAIT_SIAM_ABILITY_NAME
civilization,CIVILIZATION_SIAM,Siam,35994bc7-gameplaycopy,,TRAIT_ATTRIBUTE_CULTURAL,,,,
civilization,CIVILIZATION_SIAM,Siam,35994bc7-gameplaycopy,,TRAIT_ATTRIBUTE_CULTURAL_TOT_AQ,,,,
civilization,CIVILIZATION_SIAM,Siam,35994bc7-gameplaycopy,,TRAIT_ATTRIBUTE_CULTURAL_TOT_EX,,,,
civilization,CIVILIZATION_SIAM,Siam,35994bc7-gameplaycopy,,TRAIT_ATTRIBUTE_POLITICAL,,,,
civilization,CIVILIZATION_SIAM,Siam,35994bc7-gameplaycopy,,TRAIT_ATTRIBUTE_POLITICAL_TOT_AQ,,,,
civilization,CIVILIZATION_SIAM,Siam,35994bc7-gameplaycopy,,TRAIT_ATTRIBUTE_POLITICAL_TOT_AQ_INFLUENCE,,,,
civilization,CIVILIZATION_SIAM,Siam,35994bc7-gameplaycopy,,TRAIT_ATTRIBUTE_POLITICAL_TOT_EX,,,,
civilization,CIVILIZATION_SIAM,Siam,35994bc7-gameplaycopy,,TRAIT_ATTRIBUTE_POLITICAL_TOT_EX_INFLUENCE,,,,
civilization,CIVILIZATION_SIAM,Siam,35994bc7-gameplaycopy,,TRAIT_ANACHRONISTIC_CIV,,,TRAIT_MOD_MARKET_RESOURCE_CAP_TYPE; TRAIT_MOD_LIGHTHOUSE_RESOURCE_CAP_TYPE; TRAIT_MOD_CAPITAL_RESOURCE_CAP_TYPE; TRAIT_MOD_CITY_RESOURCE_CAP_TYPE; MOD_DEFAULT_CIV_RIVER_EMBARKATION_TYPE; TRAIT_MOD_CAPITAL_FREE_FOOD_TYPE; TRAIT_MOD_PENALTY_OVER_SETTLEMENT_CAP_SETTLEMENTS_TYPE; TRAIT_INITIAL_SETTLEMENT_CAP_TYPE; TRAIT_MOD_CHIEFDOM_UNLOCKS_GOVERNMENT_TYPE; TRAIT_MOD_DEFAULT_YIELD_5_TYPE; TRAIT_MOD_DEFAULT_YIELD_10_TYPE; TRAIT_MOD_NEGATIVE_INFLUENCE_CONQUERED_SETTLEMENTS_TYPE; TRAIT_MOD_NEGATIVE_INFLUENCE_RAZED_SETTLEMENTS_TYPE; TRAIT_MOD_GOLD_UNASSIGNED_RESOURCE_TYPE; TRAIT_MOD_HAPPINESS_UNASSIGNED_RESOURCE_TYPE; TRAIT_MOD_TOWN_FARMING_PROJECT_TYPE; TRAIT_MOD_TOWN_FISHING_PROJECT_TYPE; TRAIT_MOD_TOWN_URBAN_CENTER_PROJECT_TYPE; TRAIT_MOD_TOWN_GROWTH_PROJECT_TYPE,"Amount=1; Amount=2; Amount=2; Amount=1; EmbarkationType=UNIT_EMBARKATION_INLAND_WATER; Amount=1; YieldTypes=YIELD_HAPPINESS; Amount=5; MaxReduction=1000; Amount=3; YieldType=YIELD_GOLD; Amount=5; Tooltip=LOC_DEFAULT_YIELD; YieldType=YIELD_SCIENCE,YIELD_CULTURE,YIELD_DIPLOMACY; Amount=10; Tooltip=LOC_DEFAULT_YIELD; YieldType=YIELD_DIPLOMACY; Amount=-2; Tooltip=LOC_TRAIT_MOD_NEGATIVE_INFLUENCE_CONQUERED_SETTLEMENTS; YieldType=YIELD_DIPLOMACY; Amount=-2; Tooltip=LOC_TRAIT_MOD_NEGATIVE_INFLUENCE_RAZED_SETTLEMENTS; YieldType=YIELD_GOLD; Amount=1; Unassigned=true; YieldType=YIELD_HAPPINESS; Amount=1; Unassigned=true; ProjectType=PROJECT_TOWN_GRANARY; ProjectType=PROJECT_TOWN_FISHING; ProjectType=PROJECT_TOWN_URBAN_CENTER; Percent=50"
civilization,CIVILIZATION_BULGARIA,Bulgaria,8d4c8700-frontendcopy,,,,,,
civilization,CIVILIZATION_BULGARIA,Bulgaria,35994bc7-gameplaycopy,,TRAIT_EXPLORATION_CIV,,,,
civilization,CIVILIZATION_BULGARIA,Bulgaria,35994bc7-gameplaycopy,,TRAIT_BULGARIA,,,,
civilization,CIVILIZATION_BULGARIA,Bulgaria,35994bc7-gameplaycopy,Krum's Dynasty,TRAIT_BULGARIA_ABILITY,[BLIST][LI]Receive [icon:YIELD_PRODUCTION] Production in all [icon:YIELD_CITIES] [TIP:LOC_PEDIA_CONCEPTS_CITIES_TOOLTIP]Cities[/TIP] when [icon:Action_Pillage] Pillaging [TIP:LOC_PEDIA_CONCEPTS_IMPROVEMENT_TOOLTIP]Improvements[/TIP] equal to 50% of the HP or Yields gained.[LI]-3 [icon:NAR_REW_COMBAT] [TIP:LOC_PEDIA_CONCEPTS_COMBAT_STRENGTH_TOOLTIP]Combat Strength[/TIP] for all Combat Units against [icon:CITY_FORTIFIED] [TIP:LOC_PEDIA_CONCEPTS_DISTRICT_TOOLTIP]Fortified Districts[/TIP].[LI]+30%[icon:YIELD_PRODUCTION] Production towards constructing Rila Monastery.[/BLIST],"• Receive Production in all Cities when Pillaging Improvements equal to 50% of the HP or Yields gained.
• -3 Combat Strength for all Combat Units against Fortified Districts.
• +30%Production towards constructing Rila Monastery.",MOD_CIV_PRODUCTION_PILLAGE_IMPROVEMENT_TYPE; MOD_CIV_COMBAT_VS_FORTIFIED_DISTRICTS_TYPE,Amount=50; PlunderTypes=PLUNDER_PRODUCTION_CITY; Amount=-3
civilization,CIVILIZATION_BULGARIA,Bulgaria,35994bc7-gameplaycopy,,TRAIT_ATTRIBUTE_MILITARISTIC,,,,
civilization,CIVILIZATION_BULGARIA,Bulgaria,35994bc7-gameplaycopy,,TRAIT_ATTRIBUTE_MILITARISTIC_TOT_AQ,,,,
civilization,CIVILIZATION_BULGARIA,Bulgaria,35994bc7-gameplaycopy,,TRAIT_ATTRIBUTE_MILITARISTIC_TOT_MO,,,,
civilization,CIVILIZATION_BULGARIA,Bulgaria,35994bc7-gameplaycopy,,TRAIT_ATTRIBUTE_EXPANSIONIST,,,,
civilization,CIVILIZATION_BULGARIA,Bulgaria,35994bc7-gameplaycopy,,TRAIT_ATTRIBUTE_EXPANSIONIST_WIDE,,,,
civilization,CIVILIZATION_BULGARIA,Bulgaria,35994bc7-gameplaycopy,,TRAIT_ATTRIBUTE_EXPANSIONIST_TOT_AQ,,,,
civilization,CIVILIZATION_BULGARIA,Bulgaria,35994bc7-gameplaycopy,,TRAIT_ATTRIBUTE_EXPANSIONIST_TOT_AQ_WIDE,,,,
civilization,CIVILIZATION_BULGARIA,Bulgaria,35994bc7-gameplaycopy,,TRAIT_ATTRIBUTE_EXPANSIONIST_TOT_MO,,,,
civilization,CIVILIZATION_BULGARIA,Bulgaria,35994bc7-gameplaycopy,,TRAIT_ATTRIBUTE_EXPANSIONIST_TOT_MO_WIDE,,,,
civilization,CIVILIZATION_BULGARIA,Bulgaria,35994bc7-gameplaycopy,,TRAIT_ATTRIBUTE_MILITARISTIC_EXPANSIONIST,,,,
civilization,CIVILIZATION_BULGARIA,Bulgaria,35994bc7-gameplaycopy,,TRAIT_ANACHRONISTIC_CIV,,,TRAIT_MOD_MARKET_RESOURCE_CAP_TYPE; TRAIT_MOD_LIGHTHOUSE_RESOURCE_CAP_TYPE; TRAIT_MOD_CAPITAL_RESOURCE_CAP_TYPE; TRAIT_MOD_CITY_RESOURCE_CAP_TYPE; MOD_DEFAULT_CIV_RIVER_EMBARKATION_TYPE; TRAIT_MOD_CAPITAL_FREE_FOOD_TYPE; TRAIT_MOD_PENALTY_OVER_SETTLEMENT_CAP_SETTLEMENTS_TYPE; TRAIT_INITIAL_SETTLEMENT_CAP_TYPE; TRAIT_MOD_CHIEFDOM_UNLOCKS_GOVERNMENT_TYPE; TRAIT_MOD_DEFAULT_YIELD_5_TYPE; TRAIT_MOD_DEFAULT_YIELD_10_TYPE; TRAIT_MOD_NEGATIVE_INFLUENCE_CONQUERED_SETTLEMENTS_TYPE; TRAIT_MOD_NEGATIVE_INFLUENCE_RAZED_SETTLEMENTS_TYPE; TRAIT_MOD_GOLD_UNASSIGNED_RESOURCE_TYPE; TRAIT_MOD_HAPPINESS_UNASSIGNED_RESOURCE_TYPE; TRAIT_MOD_TOWN_FARMING_PROJECT_TYPE; TRAIT_MOD_TOWN_FISHING_PROJECT_TYPE; TRAIT_MOD_TOWN_URBAN_CENTER_PROJECT_TYPE; TRAIT_MOD_TOWN_GROWTH_PROJECT_TYPE,"Amount=1; Amount=2; Amount=2; Amount=1; EmbarkationType=UNIT_EMBARKATION_INLAND_WATER; Amount=1; YieldTypes=YIELD_HAPPINESS; Amount=5; MaxReduction=1000; Amount=3; YieldType=YIELD_GOLD; Amount=5; Tooltip=LOC_DEFAULT_YIELD; YieldType=YIELD_SCIENCE,YIELD_CULTURE,YIELD_DIPLOMACY; Amount=10; Tooltip=LOC_DEFAULT_YIELD; YieldType=YIELD_DIPLOMACY; Amount=-2; Tooltip=LOC_TRAIT_MOD_NEGATIVE_INFLUENCE_CONQUERED_SETTLEMENTS; YieldType=YIELD_DIPLOMACY; Amount=-2; Tooltip=LOC_TRAIT_MOD_NEGATIVE_INFLUENCE_RAZED_SETTLEMENTS; YieldType=YIELD_GOLD; Amount=1; Unassigned=true; YieldType=YIELD_HAPPINESS; Amount=1; Unassigned=true; ProjectType=PROJECT_TOWN_GRANARY; ProjectType=PROJECT_TOWN_FISHING; ProjectType=PROJECT_TOWN_URBAN_CENTER; Percent=50"
civilization,CIVILIZATION_CARTHAGE,Carthage,8d4c8700-frontendcopy,,,,,,
civilization,CIVILIZATION_CARTHAGE,Carthage,35994bc7-gameplaycopy,,TRAIT_ANTIQUITY_CIV,,,TRAIT_MOD_MARKET_RESOURCE_CAP_TYPE; TRAIT_MOD_LIGHTHOUSE_RESOURCE_CAP_TYPE; TRAIT_MOD_CAPITAL_RESOURCE_CAP_TYPE; TRAIT_MOD_CITY_RESOURCE_CAP_TYPE; TRAIT_MOD_CAPITAL_FREE_FOOD_TYPE; TRAIT_MOD_PENALTY_OVER_SETTLEMENT_CAP_SETTLEMENTS_TYPE; TRAIT_INITIAL_SETTLEMENT_CAP_TYPE; TRAIT_MOD_CHIEFDOM_UNLOCKS_GOVERNMENT_TYPE; TRAIT_MOD_DEFAULT_YIELD_5_TYPE; TRAIT_MOD_DEFAULT_YIELD_10_TYPE; TRAIT_MOD_NEGATIVE_INFLUENCE_CONQUERED_SETTLEMENTS_TYPE; TRAIT_MOD_NEGATIVE_INFLUENCE_RAZED_SETTLEMENTS_TYPE; TRAIT_MOD_GOLD_UNASSIGNED_RESOURCE_TYPE; TRAIT_MOD_HAPPINESS_UNASSIGNED_RESOURCE_TYPE; TRAIT_MOD_TOWN_FARMING_PROJECT_TYPE; TRAIT_MOD_TOWN_FISHING_PROJECT_TYPE; TRAIT_MOD_TOWN_URBAN_CENTER_PROJECT_TYPE; TRAIT_MOD_TOWN_GROWTH_PROJECT_TYPE; MOD_DEFAULT_CIV_RIVER_EMBARKATION_NOT_TEHINA_TYPE,"Amount=1; Amount=2; Amount=2; Amount=1; Amount=1; YieldTypes=YIELD_HAPPINESS; Amount=5; MaxReduction=1000; Amount=3; YieldType=YIELD_GOLD; Amount=5; Tooltip=LOC_DEFAULT_YIELD; YieldType=YIELD_SCIENCE,YIELD_CULTURE,YIELD_DIPLOMACY; Amount=10; Tooltip=LOC_DEFAULT_YIELD; YieldType=YIELD_DIPLOMACY; Amount=-2; Tooltip=LOC_TRAIT_MOD_NEGATIVE_INFLUENCE_CONQUERED_SETTLEMENTS; YieldType=YIELD_DIPLOMACY; Amount=-2; Tooltip=LOC_TRAIT_MOD_NEGATIVE_INFLUENCE_RAZED_SETTLEMENTS; YieldType=YIELD_GOLD; Amount=1; Unassigned=true; YieldType=YIELD_HAPPINESS; Amount=1; Unassigned=true; ProjectType=PROJECT_TOWN_GRANARY; ProjectType=PROJECT_TOWN_FISHING; ProjectType=PROJECT_TOWN_URBAN_CENTER; Percent=50; EmbarkationType=UNIT_EMBARKATION_INLAND_WATER"
civilization,CIVILIZATION_CARTHAGE,Carthage,35994bc7-gameplaycopy,,TRAIT_CARTHAGE,,,,
civilization,CIVILIZATION_CARTHAGE,Carthage,35994bc7-gameplaycopy,Phoenician Heritage,TRAIT_CARTHAGE_ABILITY,"[BLIST][LI]Can only have 1 [icon:YIELD_CITIES] [TIP:LOC_PEDIA_CONCEPTS_CITIES_TOOLTIP]City[/TIP]. [icon:YIELD_TOWNS] [TIP:LOC_PEDIA_CONCEPTS_TOWN_TOOLTIP]Towns[/TIP] can purchase Water [TIP:LOC_PEDIA_CONCEPTS_BUILDINGS_TOOLTIP]Buildings[/TIP] with any [TIP:LOC_PEDIA_CONCEPTS_TOWN_FOCUS_TOOLTIP]Town Focus[/TIP], but cannot use [B]Convert to City[/B].[LI]Receive a second [icon:UNIT_MERCHANT] [B]Merchant[/B] or [icon:UNIT_COLONIST] [B]Colonist[/B] each time you purchase or train one.[LI][B]+30%[icon:YIELD_PRODUCTION] Production [/B]towards constructing [B]Byrsa[/B].[/LIST]","• Can only have 1 City. Towns can purchase Water Buildings with any Town Focus, but cannot use Convert to City.
• Receive a second Merchant or Colonist each time you purchase or train one.
• +30%Production towards constructing Byrsa.",MOD_CIV_WONDER_PRODUCTION_CARTHAGE_TYPE; MOD_CIV_DOUBLE_MERCHANTS_TYPE; MOD_CIV_DOUBLE_COLONISTS_TYPE; MOD_TOWN_WATER_BUILDING_TYPE; MOD_FORBID_CITIES_FROM_TOWNS_TYPE; TRAIT_MOD_COLONIST_POP_TYPE,Percent=30; Tag=UNIT_CLASS_MAKE_TRADE_ROUTE; Amount=1; PurchaseValid=true; Tag=UNIT_CLASS_CREATE_TOWN; Amount=1; PurchaseValid=true; ConstructibleTag=WATER; Amount=1; Amount=1
civilization,CIVILIZATION_CARTHAGE,Carthage,35994bc7-gameplaycopy,,TRAIT_ATTRIBUTE_ECONOMIC,,,,
civilization,CIVILIZATION_CARTHAGE,Carthage,35994bc7-gameplaycopy,,TRAIT_ATTRIBUTE_ECONOMIC_TOT_EX,,,,
civilization,CIVILIZATION_CARTHAGE,Carthage,35994bc7-gameplaycopy,,TRAIT_ATTRIBUTE_ECONOMIC_TOT_MO,,,,
civilization,CIVILIZATION_CARTHAGE,Carthage,35994bc7-gameplaycopy,,TRAIT_ATTRIBUTE_MILITARISTIC,,,,
civilization,CIVILIZATION_CARTHAGE,Carthage,35994bc7-gameplaycopy,,TRAIT_ATTRIBUTE_MILITARISTIC_TOT_EX,,,,
civilization,CIVILIZATION_CARTHAGE,Carthage,35994bc7-gameplaycopy,,TRAIT_ATTRIBUTE_MILITARISTIC_TOT_MO,,,,
civilization,CIVILIZATION_DAI_VIET,Đại Việt,8d4c8700-frontendcopy,,,,,,
civilization,CIVILIZATION_DAI_VIET,Đại Việt,35994bc7-gameplaycopy,,TRAIT_EXPLORATION_CIV,,,,
civilization,CIVILIZATION_DAI_VIET,Đại Việt,35994bc7-gameplaycopy,,TRAIT_DAI_VIET,,,,
civilization,CIVILIZATION_DAI_VIET,Đại Việt,35994bc7-gameplaycopy,Hịch Tướng Sĩ,TRAIT_DAI_VIET_ABILITY,LOC_TRAIT_DAI_VIET_ABILITY_DESCRIPTION,LOC_TRAIT_DAI_VIET_ABILITY_DESCRIPTION,MOD_CIV_WALL_AQ_YIELD_TYPE; MOD_DAI_VIET_AQ_FORTIFICATION_CULTURE_TYPE; MOD_DAI_VIET_AQ_FORTIFICATION_FOOD_TYPE,Amount=15; YieldType=YIELD_CULTURE; YieldType=YIELD_CULTURE; Amount=1; Tooltip=LOC_TRAIT_DAI_VIET_ABILITY_NAME; YieldType=YIELD_FOOD; Amount=1; Tooltip=LOC_TRAIT_DAI_VIET_ABILITY_NAME
civilization,CIVILIZATION_DAI_VIET,Đại Việt,35994bc7-gameplaycopy,,TRAIT_ATTRIBUTE_CULTURAL,,,,
civilization,CIVILIZATION_DAI_VIET,Đại Việt,35994bc7-gameplaycopy,,TRAIT_ATTRIBUTE_CULTURAL_TOT_AQ,,,,
civilization,CIVILIZATION_DAI_VIET,Đại Việt,35994bc7-gameplaycopy,,TRAIT_ATTRIBUTE_CULTURAL_TOT_MO,,,,
civilization,CIVILIZATION_DAI_VIET,Đại Việt,35994bc7-gameplaycopy,,TRAIT_ATTRIBUTE_EXPANSIONIST,,,,
civilization,CIVILIZATION_DAI_VIET,Đại Việt,35994bc7-gameplaycopy,,TRAIT_ATTRIBUTE_EXPANSIONIST_WIDE,,,,
civilization,CIVILIZATION_DAI_VIET,Đại Việt,35994bc7-gameplaycopy,,TRAIT_ATTRIBUTE_EXPANSIONIST_TOT_AQ,,,,
civilization,CIVILIZATION_DAI_VIET,Đại Việt,35994bc7-gameplaycopy,,TRAIT_ATTRIBUTE_EXPANSIONIST_TOT_AQ_WIDE,,,,
civilization,CIVILIZATION_DAI_VIET,Đại Việt,35994bc7-gameplaycopy,,TRAIT_ATTRIBUTE_EXPANSIONIST_TOT_MO,,,,
civilization,CIVILIZATION_DAI_VIET,Đại Việt,35994bc7-gameplaycopy,,TRAIT_ATTRIBUTE_EXPANSIONIST_TOT_MO_WIDE,,,,
civilization,CIVILIZATION_DAI_VIET,Đại Việt,35994bc7-gameplaycopy,,TRAIT_ANACHRONISTIC_CIV,,,TRAIT_MOD_MARKET_RESOURCE_CAP_TYPE; TRAIT_MOD_LIGHTHOUSE_RESOURCE_CAP_TYPE; TRAIT_MOD_CAPITAL_RESOURCE_CAP_TYPE; TRAIT_MOD_CITY_RESOURCE_CAP_TYPE; MOD_DEFAULT_CIV_RIVER_EMBARKATION_TYPE; TRAIT_MOD_CAPITAL_FREE_FOOD_TYPE; TRAIT_MOD_PENALTY_OVER_SETTLEMENT_CAP_SETTLEMENTS_TYPE; TRAIT_INITIAL_SETTLEMENT_CAP_TYPE; TRAIT_MOD_CHIEFDOM_UNLOCKS_GOVERNMENT_TYPE; TRAIT_MOD_DEFAULT_YIELD_5_TYPE; TRAIT_MOD_DEFAULT_YIELD_10_TYPE; TRAIT_MOD_NEGATIVE_INFLUENCE_CONQUERED_SETTLEMENTS_TYPE; TRAIT_MOD_NEGATIVE_INFLUENCE_RAZED_SETTLEMENTS_TYPE; TRAIT_MOD_GOLD_UNASSIGNED_RESOURCE_TYPE; TRAIT_MOD_HAPPINESS_UNASSIGNED_RESOURCE_TYPE; TRAIT_MOD_TOWN_FARMING_PROJECT_TYPE; TRAIT_MOD_TOWN_FISHING_PROJECT_TYPE; TRAIT_MOD_TOWN_URBAN_CENTER_PROJECT_TYPE; TRAIT_MOD_TOWN_GROWTH_PROJECT_TYPE,"Amount=1; Amount=2; Amount=2; Amount=1; EmbarkationType=UNIT_EMBARKATION_INLAND_WATER; Amount=1; YieldTypes=YIELD_HAPPINESS; Amount=5; MaxReduction=1000; Amount=3; YieldType=YIELD_GOLD; Amount=5; Tooltip=LOC_DEFAULT_YIELD; YieldType=YIELD_SCIENCE,YIELD_CULTURE,YIELD_DIPLOMACY; Amount=10; Tooltip=LOC_DEFAULT_YIELD; YieldType=YIELD_DIPLOMACY; Amount=-2; Tooltip=LOC_TRAIT_MOD_NEGATIVE_INFLUENCE_CONQUERED_SETTLEMENTS; YieldType=YIELD_DIPLOMACY; Amount=-2; Tooltip=LOC_TRAIT_MOD_NEGATIVE_INFLUENCE_RAZED_SETTLEMENTS; YieldType=YIELD_GOLD; Amount=1; Unassigned=true; YieldType=YIELD_HAPPINESS; Amount=1; Unassigned=true; ProjectType=PROJECT_TOWN_GRANARY; ProjectType=PROJECT_TOWN_FISHING; ProjectType=PROJECT_TOWN_URBAN_CENTER; Percent=50"
civilization,CIVILIZATION_ICELAND,Iceland,8d4c8700-frontendcopy,,,,,,
civilization,CIVILIZATION_ICELAND,Iceland,35994bc7-gameplaycopy,,TRAIT_EXPLORATION_CIV,,,,
civilization,CIVILIZATION_ICELAND,Iceland,35994bc7-gameplaycopy,,TRAIT_ICELAND,,,,
civilization,CIVILIZATION_ICELAND,Iceland,35994bc7-gameplaycopy,Kringla Heimsins,TRAIT_ICELAND_ABILITY,"[BLIST][LI][B]+1 [icon:Action_Showall] [TIP:LOC_PEDIA_CONCEPTS_SIGHT_TOOLTIP]Sight[/TIP][/B] for [B][TIP:LOC_PEDIA_CONCEPTS_NAVAL_UNITS_TOOLTIP]Naval Units[/TIP][/B].[LI]Gain [B]500 [icon:YIELD_CULTURE] Culture[/B] when you discover a [icon:NOTIFICATION_DISCOVER_NATURAL_WONDER] [B]Natural Wonder[/B] in [B]Distant Lands[/B] (On Standard Speed). [LI]Gain a [B][icon:NAR_REW_GREATWORK] Relic[/B] every time you study a [B][icon:RADIAL_CIVICS] Civic Mastery[/B].[LI][B]-50% [icon:YIELD_PRODUCTION] Production[/B] towards training [B][icon:UNIT_MISSIONARY] Missionaries[/B], and [icon:UNIT_MISSIONARY] Missionaries cost [B]100% more [icon:YIELD_GOLD] Gold[/B] to purchase.[LI][B]+30%[icon:YIELD_PRODUCTION] Production [/B]towards constructing [B]Reykjaholt[/B].[/LIST]","• +1 Sight for Naval Units.
• Gain 500 Culture when you discover a Natural Wonder in Distant Lands (On Standard Speed).
• Gain a Relic every time you study a Civic Mastery.
• -50% Production towards training Missionaries, and Missionaries cost 100% more Gold to purchase.
• +30%Production towards constructing Reykjaholt.",ICELAND_MOD_NAVAL_SIGHT_TYPE; ICELAND_AQ_MOD_NATURAL_WONDER_DISCOVERY_TYPE,Amount=1; YieldType=YIELD_CULTURE; Amount=250; DistantLandBonus=0
civilization,CIVILIZATION_ICELAND,Iceland,35994bc7-gameplaycopy,,TRAIT_ATTRIBUTE_CULTURAL,,,,
civilization,CIVILIZATION_ICELAND,Iceland,35994bc7-gameplaycopy,,TRAIT_ATTRIBUTE_CULTURAL_TOT_AQ,,,,
civilization,CIVILIZATION_ICELAND,Iceland,35994bc7-gameplaycopy,,TRAIT_ATTRIBUTE_CULTURAL_TOT_MO,,,,
civilization,CIVILIZATION_ICELAND,Iceland,35994bc7-gameplaycopy,,TRAIT_ATTRIBUTE_MILITARISTIC,,,,
civilization,CIVILIZATION_ICELAND,Iceland,35994bc7-gameplaycopy,,TRAIT_ATTRIBUTE_MILITARISTIC_TOT_AQ,,,,
civilization,CIVILIZATION_ICELAND,Iceland,35994bc7-gameplaycopy,,TRAIT_ATTRIBUTE_MILITARISTIC_TOT_MO,,,,
civilization,CIVILIZATION_ICELAND,Iceland,35994bc7-gameplaycopy,,TRAIT_ANACHRONISTIC_CIV,,,TRAIT_MOD_MARKET_RESOURCE_CAP_TYPE; TRAIT_MOD_LIGHTHOUSE_RESOURCE_CAP_TYPE; TRAIT_MOD_CAPITAL_RESOURCE_CAP_TYPE; TRAIT_MOD_CITY_RESOURCE_CAP_TYPE; MOD_DEFAULT_CIV_RIVER_EMBARKATION_TYPE; TRAIT_MOD_CAPITAL_FREE_FOOD_TYPE; TRAIT_MOD_PENALTY_OVER_SETTLEMENT_CAP_SETTLEMENTS_TYPE; TRAIT_INITIAL_SETTLEMENT_CAP_TYPE; TRAIT_MOD_CHIEFDOM_UNLOCKS_GOVERNMENT_TYPE; TRAIT_MOD_DEFAULT_YIELD_5_TYPE; TRAIT_MOD_DEFAULT_YIELD_10_TYPE; TRAIT_MOD_NEGATIVE_INFLUENCE_CONQUERED_SETTLEMENTS_TYPE; TRAIT_MOD_NEGATIVE_INFLUENCE_RAZED_SETTLEMENTS_TYPE; TRAIT_MOD_GOLD_UNASSIGNED_RESOURCE_TYPE; TRAIT_MOD_HAPPINESS_UNASSIGNED_RESOURCE_TYPE; TRAIT_MOD_TOWN_FARMING_PROJECT_TYPE; TRAIT_MOD_TOWN_FISHING_PROJECT_TYPE; TRAIT_MOD_TOWN_URBAN_CENTER_PROJECT_TYPE; TRAIT_MOD_TOWN_GROWTH_PROJECT_TYPE,"Amount=1; Amount=2; Amount=2; Amount=1; EmbarkationType=UNIT_EMBARKATION_INLAND_WATER; Amount=1; YieldTypes=YIELD_HAPPINESS; Amount=5; MaxReduction=1000; Amount=3; YieldType=YIELD_GOLD; Amount=5; Tooltip=LOC_DEFAULT_YIELD; YieldType=YIELD_SCIENCE,YIELD_CULTURE,YIELD_DIPLOMACY; Amount=10; Tooltip=LOC_DEFAULT_YIELD; YieldType=YIELD_DIPLOMACY; Amount=-2; Tooltip=LOC_TRAIT_MOD_NEGATIVE_INFLUENCE_CONQUERED_SETTLEMENTS; YieldType=YIELD_DIPLOMACY; Amount=-2; Tooltip=LOC_TRAIT_MOD_NEGATIVE_INFLUENCE_RAZED_SETTLEMENTS; YieldType=YIELD_GOLD; Amount=1; Unassigned=true; YieldType=YIELD_HAPPINESS; Amount=1; Unassigned=true; ProjectType=PROJECT_TOWN_GRANARY; ProjectType=PROJECT_TOWN_FISHING; ProjectType=PROJECT_TOWN_URBAN_CENTER; Percent=50"
civilization,CIVILIZATION_OTTOMANS,Ottomans,8d4c8700-frontendcopy,,,,,,
civilization,CIVILIZATION_OTTOMANS,Ottomans,35994bc7-gameplaycopy,,TRAIT_MODERN_CIV,,,,
civilization,CIVILIZATION_OTTOMANS,Ottomans,35994bc7-gameplaycopy,,TRAIT_OTTOMANS,,,,
civilization,CIVILIZATION_OTTOMANS,Ottomans,35994bc7-gameplaycopy,Devlet-i ʿAlīye-i ʿOsmānīye,TRAIT_OTTOMANS_ABILITY,LOC_TRAIT_OTTOMANS_ABILITY_DESCRIPTION,LOC_TRAIT_OTTOMANS_ABILITY_DESCRIPTION,MOD_CIV_OTTOMAN_GOLDEN_AGE_CODEX_TYPE; MOD_CIV_OTTOMAN_CONQUEST_GREATWORK_TYPE; MOD_CIV_OTTOMAN_COMBAT_TYPE,ObjectType=GREATWORKOBJECT_WRITING; Amount=1; Amount=1; ModifierId=MOD_CIV_OTTOMAN_COMBAT_MODIFIER
civilization,CIVILIZATION_OTTOMANS,Ottomans,35994bc7-gameplaycopy,,TRAIT_ATTRIBUTE_CULTURAL,,,,
civilization,CIVILIZATION_OTTOMANS,Ottomans,35994bc7-gameplaycopy,,TRAIT_ATTRIBUTE_CULTURAL_TOT_AQ,,,,
civilization,CIVILIZATION_OTTOMANS,Ottomans,35994bc7-gameplaycopy,,TRAIT_ATTRIBUTE_CULTURAL_TOT_EX,,,,
civilization,CIVILIZATION_OTTOMANS,Ottomans,35994bc7-gameplaycopy,,TRAIT_ATTRIBUTE_MILITARISTIC,,,,
civilization,CIVILIZATION_OTTOMANS,Ottomans,35994bc7-gameplaycopy,,TRAIT_ATTRIBUTE_MILITARISTIC_TOT_AQ,,,,
civilization,CIVILIZATION_OTTOMANS,Ottomans,35994bc7-gameplaycopy,,TRAIT_ATTRIBUTE_MILITARISTIC_TOT_EX,,,,
civilization,CIVILIZATION_OTTOMANS,Ottomans,35994bc7-gameplaycopy,,TRAIT_ANACHRONISTIC_CIV,,,TRAIT_MOD_MARKET_RESOURCE_CAP_TYPE; TRAIT_MOD_LIGHTHOUSE_RESOURCE_CAP_TYPE; TRAIT_MOD_CAPITAL_RESOURCE_CAP_TYPE; TRAIT_MOD_CITY_RESOURCE_CAP_TYPE; MOD_DEFAULT_CIV_RIVER_EMBARKATION_TYPE; TRAIT_MOD_CAPITAL_FREE_FOOD_TYPE; TRAIT_MOD_PENALTY_OVER_SETTLEMENT_CAP_SETTLEMENTS_TYPE; TRAIT_INITIAL_SETTLEMENT_CAP_TYPE; TRAIT_MOD_CHIEFDOM_UNLOCKS_GOVERNMENT_TYPE; TRAIT_MOD_DEFAULT_YIELD_5_TYPE; TRAIT_MOD_DEFAULT_YIELD_10_TYPE; TRAIT_MOD_NEGATIVE_INFLUENCE_CONQUERED_SETTLEMENTS_TYPE; TRAIT_MOD_NEGATIVE_INFLUENCE_RAZED_SETTLEMENTS_TYPE; TRAIT_MOD_GOLD_UNASSIGNED_RESOURCE_TYPE; TRAIT_MOD_HAPPINESS_UNASSIGNED_RESOURCE_TYPE; TRAIT_MOD_TOWN_FARMING_PROJECT_TYPE; TRAIT_MOD_TOWN_FISHING_PROJECT_TYPE; TRAIT_MOD_TOWN_URBAN_CENTER_PROJECT_TYPE; TRAIT_MOD_TOWN_GROWTH_PROJECT_TYPE,"Amount=1; Amount=2; Amount=2; Amount=1; EmbarkationType=UNIT_EMBARKATION_INLAND_WATER; Amount=1; YieldTypes=YIELD_HAPPINESS; Amount=5; MaxReduction=1000; Amount=3; YieldType=YIELD_GOLD; Amount=5; Tooltip=LOC_DEFAULT_YIELD; YieldType=YIELD_SCIENCE,YIELD_CULTURE,YIELD_DIPLOMACY; Amount=10; Tooltip=LOC_DEFAULT_YIELD; YieldType=YIELD_DIPLOMACY; Amount=-2; Tooltip=LOC_TRAIT_MOD_NEGATIVE_INFLUENCE_CONQUERED_SETTLEMENTS; YieldType=YIELD_DIPLOMACY; Amount=-2; Tooltip=LOC_TRAIT_MOD_NEGATIVE_INFLUENCE_RAZED_SETTLEMENTS; YieldType=YIELD_GOLD; Amount=1; Unassigned=true; YieldType=YIELD_HAPPINESS; Amount=1; Unassigned=true; ProjectType=PROJECT_TOWN_GRANARY; ProjectType=PROJECT_TOWN_FISHING; ProjectType=PROJECT_TOWN_URBAN_CENTER; Percent=50"
civilization,CIVILIZATION_PIRATE_REPUBLIC,Republic of Pirates,8d4c8700-frontendcopy,,,,,,
civilization,CIVILIZATION_PIRATE_REPUBLIC,Republic of Pirates,35994bc7-gameplaycopy,,TRAIT_EXPLORATION_CIV,,,,
civilization,CIVILIZATION_PIRATE_REPUBLIC,Republic of Pirates,35994bc7-gameplaycopy,,TRAIT_PIRATE_REPUBLIC,,,,
civilization,CIVILIZATION_PIRATE_REPUBLIC,Republic of Pirates,35994bc7-gameplaycopy,Flying Gang,TRAIT_PIRATE_REPUBLIC_ABILITY,LOC_TRAIT_PIRATE_REPUBLIC_ABILITY_DESCRIPTION,LOC_TRAIT_PIRATE_REPUBLIC_ABILITY_DESCRIPTION,MOD_CIV_PIRATE_REPUBLIC_CAPTURE_NAVAL_GDP_TYPE; MOD_CIV_NAVAL_UNITS_FOREIGN_TERRITORY_TYPE; MOD_CIV_PIRATE_REPUBLIC_DISABLE_SETTLERS_TYPE; MOD_CIV_PIRATE_REPUBLIC_CAPTURE_SETTLERS_TYPE,VictoryType=VICTORY_ECONOMIC_MODERN; Points=5; ItemName=LOC_TRAIT_PIRATE_REPUBLIC_ABILITY_NAME; TypeData=CIVILIZATION; Enter=true; UnitType=UNIT_SETTLER; PermanentlyDisabled=true; CapturesUnitWithTag=UNIT_CLASS_CREATE_TOWN
civilization,CIVILIZATION_PIRATE_REPUBLIC,Republic of Pirates,35994bc7-gameplaycopy,,TRAIT_ATTRIBUTE_ECONOMIC,,,,
civilization,CIVILIZATION_PIRATE_REPUBLIC,Republic of Pirates,35994bc7-gameplaycopy,,TRAIT_ATTRIBUTE_ECONOMIC_TOT_AQ,,,,
civilization,CIVILIZATION_PIRATE_REPUBLIC,Republic of Pirates,35994bc7-gameplaycopy,,TRAIT_ATTRIBUTE_ECONOMIC_TOT_MO,,,,
civilization,CIVILIZATION_PIRATE_REPUBLIC,Republic of Pirates,35994bc7-gameplaycopy,,TRAIT_ATTRIBUTE_MILITARISTIC,,,,
civilization,CIVILIZATION_PIRATE_REPUBLIC,Republic of Pirates,35994bc7-gameplaycopy,,TRAIT_ATTRIBUTE_MILITARISTIC_TOT_AQ,,,,
civilization,CIVILIZATION_PIRATE_REPUBLIC,Republic of Pirates,35994bc7-gameplaycopy,,TRAIT_ATTRIBUTE_MILITARISTIC_TOT_MO,,,,
civilization,CIVILIZATION_PIRATE_REPUBLIC,Republic of Pirates,35994bc7-gameplaycopy,,TRAIT_ANACHRONISTIC_CIV,,,TRAIT_MOD_MARKET_RESOURCE_CAP_TYPE; TRAIT_MOD_LIGHTHOUSE_RESOURCE_CAP_TYPE; TRAIT_MOD_CAPITAL_RESOURCE_CAP_TYPE; TRAIT_MOD_CITY_RESOURCE_CAP_TYPE; MOD_DEFAULT_CIV_RIVER_EMBARKATION_TYPE; TRAIT_MOD_CAPITAL_FREE_FOOD_TYPE; TRAIT_MOD_PENALTY_OVER_SETTLEMENT_CAP_SETTLEMENTS_TYPE; TRAIT_INITIAL_SETTLEMENT_CAP_TYPE; TRAIT_MOD_CHIEFDOM_UNLOCKS_GOVERNMENT_TYPE; TRAIT_MOD_DEFAULT_YIELD_5_TYPE; TRAIT_MOD_DEFAULT_YIELD_10_TYPE; TRAIT_MOD_NEGATIVE_INFLUENCE_CONQUERED_SETTLEMENTS_TYPE; TRAIT_MOD_NEGATIVE_INFLUENCE_RAZED_SETTLEMENTS_TYPE; TRAIT_MOD_GOLD_UNASSIGNED_RESOURCE_TYPE; TRAIT_MOD_HAPPINESS_UNASSIGNED_RESOURCE_TYPE; TRAIT_MOD_TOWN_FARMING_PROJECT_TYPE; TRAIT_MOD_TOWN_FISHING_PROJECT_TYPE; TRAIT_MOD_TOWN_URBAN_CENTER_PROJECT_TYPE; TRAIT_MOD_TOWN_GROWTH_PROJECT_TYPE,"Amount=1; Amount=2; Amount=2; Amount=1; EmbarkationType=UNIT_EMBARKATION_INLAND_WATER; Amount=1; YieldTypes=YIELD_HAPPINESS; Amount=5; MaxReduction=1000; Amount=3; YieldType=YIELD_GOLD; Amount=5; Tooltip=LOC_DEFAULT_YIELD; YieldType=YIELD_SCIENCE,YIELD_CULTURE,YIELD_DIPLOMACY; Amount=10; Tooltip=LOC_DEFAULT_YIELD; YieldType=YIELD_DIPLOMACY; Amount=-2; Tooltip=LOC_TRAIT_MOD_NEGATIVE_INFLUENCE_CONQUERED_SETTLEMENTS; YieldType=YIELD_DIPLOMACY; Amount=-2; Tooltip=LOC_TRAIT_MOD_NEGATIVE_INFLUENCE_RAZED_SETTLEMENTS; YieldType=YIELD_GOLD; Amount=1; Unassigned=true; YieldType=YIELD_HAPPINESS; Amount=1; Unassigned=true; ProjectType=PROJECT_TOWN_GRANARY; ProjectType=PROJECT_TOWN_FISHING; ProjectType=PROJECT_TOWN_URBAN_CENTER; Percent=50"
civilization,CIVILIZATION_SHAWNEE,Shawnee,8d4c8700-frontendcopy,,,,,,
civilization,CIVILIZATION_SHAWNEE,Shawnee,35994bc7-gameplaycopy,,TRAIT_EXPLORATION_CIV,,,,
civilization,CIVILIZATION_SHAWNEE,Shawnee,35994bc7-gameplaycopy,,TRAIT_SHAWNEE,,,,
civilization,CIVILIZATION_SHAWNEE,Shawnee,35994bc7-gameplaycopy,Nepekifaki,TRAIT_SHAWNEE_ABILITY,LOC_TRAIT_SHAWNEE_ABILITY_DESCRIPTION,LOC_TRAIT_SHAWNEE_ABILITY_DESCRIPTION,MOD_SHAWNEE_RIVER_FOOD_TYPE,ModifierId=ATTACH_MOD_SHAWNEE_RIVER_FOOD
civilization,CIVILIZATION_SHAWNEE,Shawnee,35994bc7-gameplaycopy,,TRAIT_ATTRIBUTE_POLITICAL,,,,
civilization,CIVILIZATION_SHAWNEE,Shawnee,35994bc7-gameplaycopy,,TRAIT_ATTRIBUTE_POLITICAL_TOT_AQ,,,,
civilization,CIVILIZATION_SHAWNEE,Shawnee,35994bc7-gameplaycopy,,TRAIT_ATTRIBUTE_POLITICAL_TOT_AQ_INFLUENCE,,,,
civilization,CIVILIZATION_SHAWNEE,Shawnee,35994bc7-gameplaycopy,,TRAIT_ATTRIBUTE_POLITICAL_TOT_MO,,,,
civilization,CIVILIZATION_SHAWNEE,Shawnee,35994bc7-gameplaycopy,,TRAIT_ATTRIBUTE_POLITICAL_TOT_MO_INFLUENCE,,,,
civilization,CIVILIZATION_SHAWNEE,Shawnee,35994bc7-gameplaycopy,,TRAIT_ATTRIBUTE_ECONOMIC,,,,
civilization,CIVILIZATION_SHAWNEE,Shawnee,35994bc7-gameplaycopy,,TRAIT_ATTRIBUTE_ECONOMIC_TOT_AQ,,,,
civilization,CIVILIZATION_SHAWNEE,Shawnee,35994bc7-gameplaycopy,,TRAIT_ATTRIBUTE_ECONOMIC_TOT_MO,,,,
civilization,CIVILIZATION_SHAWNEE,Shawnee,35994bc7-gameplaycopy,,TRAIT_ANACHRONISTIC_CIV,,,TRAIT_MOD_MARKET_RESOURCE_CAP_TYPE; TRAIT_MOD_LIGHTHOUSE_RESOURCE_CAP_TYPE; TRAIT_MOD_CAPITAL_RESOURCE_CAP_TYPE; TRAIT_MOD_CITY_RESOURCE_CAP_TYPE; MOD_DEFAULT_CIV_RIVER_EMBARKATION_TYPE; TRAIT_MOD_CAPITAL_FREE_FOOD_TYPE; TRAIT_MOD_PENALTY_OVER_SETTLEMENT_CAP_SETTLEMENTS_TYPE; TRAIT_INITIAL_SETTLEMENT_CAP_TYPE; TRAIT_MOD_CHIEFDOM_UNLOCKS_GOVERNMENT_TYPE; TRAIT_MOD_DEFAULT_YIELD_5_TYPE; TRAIT_MOD_DEFAULT_YIELD_10_TYPE; TRAIT_MOD_NEGATIVE_INFLUENCE_CONQUERED_SETTLEMENTS_TYPE; TRAIT_MOD_NEGATIVE_INFLUENCE_RAZED_SETTLEMENTS_TYPE; TRAIT_MOD_GOLD_UNASSIGNED_RESOURCE_TYPE; TRAIT_MOD_HAPPINESS_UNASSIGNED_RESOURCE_TYPE; TRAIT_MOD_TOWN_FARMING_PROJECT_TYPE; TRAIT_MOD_TOWN_FISHING_PROJECT_TYPE; TRAIT_MOD_TOWN_URBAN_CENTER_PROJECT_TYPE; TRAIT_MOD_TOWN_GROWTH_PROJECT_TYPE,"Amount=1; Amount=2; Amount=2; Amount=1; EmbarkationType=UNIT_EMBARKATION_INLAND_WATER; Amount=1; YieldTypes=YIELD_HAPPINESS; Amount=5; MaxReduction=1000; Amount=3; YieldType=YIELD_GOLD; Amount=5; Tooltip=LOC_DEFAULT_YIELD; YieldType=YIELD_SCIENCE,YIELD_CULTURE,YIELD_DIPLOMACY; Amount=10; Tooltip=LOC_DEFAULT_YIELD; YieldType=YIELD_DIPLOMACY; Amount=-2; Tooltip=LOC_TRAIT_MOD_NEGATIVE_INFLUENCE_CONQUERED_SETTLEMENTS; YieldType=YIELD_DIPLOMACY; Amount=-2; Tooltip=LOC_TRAIT_MOD_NEGATIVE_INFLUENCE_RAZED_SETTLEMENTS; YieldType=YIELD_GOLD; Amount=1; Unassigned=true; YieldType=YIELD_HAPPINESS; Amount=1; Unassigned=true; ProjectType=PROJECT_TOWN_GRANARY; ProjectType=PROJECT_TOWN_FISHING; ProjectType=PROJECT_TOWN_URBAN_CENTER; Percent=50"
civilization,CIVILIZATION_SILLA,Silla Korea,8d4c8700-frontendcopy,,,,,,
civilization,CIVILIZATION_SILLA,Silla Korea,35994bc7-gameplaycopy,,TRAIT_ANTIQUITY_CIV,,,TRAIT_MOD_MARKET_RESOURCE_CAP_TYPE; TRAIT_MOD_LIGHTHOUSE_RESOURCE_CAP_TYPE; TRAIT_MOD_CAPITAL_RESOURCE_CAP_TYPE; TRAIT_MOD_CITY_RESOURCE_CAP_TYPE; TRAIT_MOD_CAPITAL_FREE_FOOD_TYPE; TRAIT_MOD_PENALTY_OVER_SETTLEMENT_CAP_SETTLEMENTS_TYPE; TRAIT_INITIAL_SETTLEMENT_CAP_TYPE; TRAIT_MOD_CHIEFDOM_UNLOCKS_GOVERNMENT_TYPE; TRAIT_MOD_DEFAULT_YIELD_5_TYPE; TRAIT_MOD_DEFAULT_YIELD_10_TYPE; TRAIT_MOD_NEGATIVE_INFLUENCE_CONQUERED_SETTLEMENTS_TYPE; TRAIT_MOD_NEGATIVE_INFLUENCE_RAZED_SETTLEMENTS_TYPE; TRAIT_MOD_GOLD_UNASSIGNED_RESOURCE_TYPE; TRAIT_MOD_HAPPINESS_UNASSIGNED_RESOURCE_TYPE; TRAIT_MOD_TOWN_FARMING_PROJECT_TYPE; TRAIT_MOD_TOWN_FISHING_PROJECT_TYPE; TRAIT_MOD_TOWN_URBAN_CENTER_PROJECT_TYPE; TRAIT_MOD_TOWN_GROWTH_PROJECT_TYPE; MOD_DEFAULT_CIV_RIVER_EMBARKATION_NOT_TEHINA_TYPE,"Amount=1; Amount=2; Amount=2; Amount=1; Amount=1; YieldTypes=YIELD_HAPPINESS; Amount=5; MaxReduction=1000; Amount=3; YieldType=YIELD_GOLD; Amount=5; Tooltip=LOC_DEFAULT_YIELD; YieldType=YIELD_SCIENCE,YIELD_CULTURE,YIELD_DIPLOMACY; Amount=10; Tooltip=LOC_DEFAULT_YIELD; YieldType=YIELD_DIPLOMACY; Amount=-2; Tooltip=LOC_TRAIT_MOD_NEGATIVE_INFLUENCE_CONQUERED_SETTLEMENTS; YieldType=YIELD_DIPLOMACY; Amount=-2; Tooltip=LOC_TRAIT_MOD_NEGATIVE_INFLUENCE_RAZED_SETTLEMENTS; YieldType=YIELD_GOLD; Amount=1; Unassigned=true; YieldType=YIELD_HAPPINESS; Amount=1; Unassigned=true; ProjectType=PROJECT_TOWN_GRANARY; ProjectType=PROJECT_TOWN_FISHING; ProjectType=PROJECT_TOWN_URBAN_CENTER; Percent=50; EmbarkationType=UNIT_EMBARKATION_INLAND_WATER"
civilization,CIVILIZATION_SILLA,Silla Korea,35994bc7-gameplaycopy,,TRAIT_SILLA,,,,
civilization,CIVILIZATION_SILLA,Silla Korea,35994bc7-gameplaycopy,Maripgan,TRAIT_SILLA_ABILITY,LOC_TRAIT_SILLA_ABILITY_DESCRIPTION,LOC_TRAIT_SILLA_ABILITY_DESCRIPTION,MOD_SILLA_ALLIANCE_ROUTE_TYPE; MOD_SILLA_INFLUENCE_PER_TRADE_PARTNER_TYPE; MOD_CIV_WONDER_PRODUCTION_SILLA_TYPE,AllianceCapitalRoutes=true; CapitalRoutesAwardGold=true; YieldType=YIELD_DIPLOMACY; Amount=1; Percent=30
civilization,CIVILIZATION_SILLA,Silla Korea,35994bc7-gameplaycopy,,TRAIT_ATTRIBUTE_POLITICAL,,,,
civilization,CIVILIZATION_SILLA,Silla Korea,35994bc7-gameplaycopy,,TRAIT_ATTRIBUTE_POLITICAL_TOT_EX,,,,
civilization,CIVILIZATION_SILLA,Silla Korea,35994bc7-gameplaycopy,,TRAIT_ATTRIBUTE_POLITICAL_TOT_EX_INFLUENCE,,,,
civilization,CIVILIZATION_SILLA,Silla Korea,35994bc7-gameplaycopy,,TRAIT_ATTRIBUTE_POLITICAL_TOT_MO,,,,
civilization,CIVILIZATION_SILLA,Silla Korea,35994bc7-gameplaycopy,,TRAIT_ATTRIBUTE_POLITICAL_TOT_MO_INFLUENCE,,,,
civilization,CIVILIZATION_SILLA,Silla Korea,35994bc7-gameplaycopy,,TRAIT_ATTRIBUTE_ECONOMIC,,,,
civilization,CIVILIZATION_SILLA,Silla Korea,35994bc7-gameplaycopy,,TRAIT_ATTRIBUTE_ECONOMIC_TOT_EX,,,,
civilization,CIVILIZATION_SILLA,Silla Korea,35994bc7-gameplaycopy,,TRAIT_ATTRIBUTE_ECONOMIC_TOT_MO,,,,
civilization,CIVILIZATION_TONGA,Tonga,8d4c8700-frontendcopy,,,,,,
civilization,CIVILIZATION_TONGA,Tonga,35994bc7-gameplaycopy,,TRAIT_ANTIQUITY_CIV,,,TRAIT_MOD_MARKET_RESOURCE_CAP_TYPE; TRAIT_MOD_LIGHTHOUSE_RESOURCE_CAP_TYPE; TRAIT_MOD_CAPITAL_RESOURCE_CAP_TYPE; TRAIT_MOD_CITY_RESOURCE_CAP_TYPE; TRAIT_MOD_CAPITAL_FREE_FOOD_TYPE; TRAIT_MOD_PENALTY_OVER_SETTLEMENT_CAP_SETTLEMENTS_TYPE; TRAIT_INITIAL_SETTLEMENT_CAP_TYPE; TRAIT_MOD_CHIEFDOM_UNLOCKS_GOVERNMENT_TYPE; TRAIT_MOD_DEFAULT_YIELD_5_TYPE; TRAIT_MOD_DEFAULT_YIELD_10_TYPE; TRAIT_MOD_NEGATIVE_INFLUENCE_CONQUERED_SETTLEMENTS_TYPE; TRAIT_MOD_NEGATIVE_INFLUENCE_RAZED_SETTLEMENTS_TYPE; TRAIT_MOD_GOLD_UNASSIGNED_RESOURCE_TYPE; TRAIT_MOD_HAPPINESS_UNASSIGNED_RESOURCE_TYPE; TRAIT_MOD_TOWN_FARMING_PROJECT_TYPE; TRAIT_MOD_TOWN_FISHING_PROJECT_TYPE; TRAIT_MOD_TOWN_URBAN_CENTER_PROJECT_TYPE; TRAIT_MOD_TOWN_GROWTH_PROJECT_TYPE; MOD_DEFAULT_CIV_RIVER_EMBARKATION_NOT_TEHINA_TYPE,"Amount=1; Amount=2; Amount=2; Amount=1; Amount=1; YieldTypes=YIELD_HAPPINESS; Amount=5; MaxReduction=1000; Amount=3; YieldType=YIELD_GOLD; Amount=5; Tooltip=LOC_DEFAULT_YIELD; YieldType=YIELD_SCIENCE,YIELD_CULTURE,YIELD_DIPLOMACY; Amount=10; Tooltip=LOC_DEFAULT_YIELD; YieldType=YIELD_DIPLOMACY; Amount=-2; Tooltip=LOC_TRAIT_MOD_NEGATIVE_INFLUENCE_CONQUERED_SETTLEMENTS; YieldType=YIELD_DIPLOMACY; Amount=-2; Tooltip=LOC_TRAIT_MOD_NEGATIVE_INFLUENCE_RAZED_SETTLEMENTS; YieldType=YIELD_GOLD; Amount=1; Unassigned=true; YieldType=YIELD_HAPPINESS; Amount=1; Unassigned=true; ProjectType=PROJECT_TOWN_GRANARY; ProjectType=PROJECT_TOWN_FISHING; ProjectType=PROJECT_TOWN_URBAN_CENTER; Percent=50; EmbarkationType=UNIT_EMBARKATION_INLAND_WATER"
civilization,CIVILIZATION_TONGA,Tonga,35994bc7-gameplaycopy,,TRAIT_TONGA,,,,
civilization,CIVILIZATION_TONGA,Tonga,35994bc7-gameplaycopy,Lords of the South,TRAIT_TONGA_ABILITY,[BLIST][LI][B]+1[icon:YIELD_DIPLOMACY] Influence[/B] on the [B]Palace[/B] and [B]City Halls[/B] in [TIP:LOC_PEDIA_CONCEPTS_SETTLEMENT_TOOLTIP]Settlements[/TIP] adjacent to [B]Coast[/B].[LI]Receive a free [B][icon:TRADE_ROUTE] [TIP:LOC_PEDIA_CONCEPTS_TRADE_ROUTE_TOOLTIP]Trade Route[/TIP][/B] from a new [B][icon:CITYSTATE] [TIP:LOC_PEDIA_CONCEPTS_CITY_STATE_TOOLTIP]City-State[/TIP][/B] when you become their [B][TIP:LOC_PEDIA_CONCEPTS_SUZERAIN_TOOLTIP]Suzerain[/TIP][/B].[LI]Cannot use the [icon:PROJECT] [B]City-State - Incorporate[/B] or the [B]Levy Unit Action[/B].[LI][B]+30%[icon:YIELD_PRODUCTION] Production[/B] towards constructing [B]Ha'amonga 'a Maui[/B].[/BLIST],"• +1Influence Influence on the Palace and City Halls in Settlements adjacent to Coast.
• Receive a free Trade Route from a new City-State when you become their Suzerain.
• Cannot use the City-State - Incorporate or the Levy Unit Action.
• +30%Production towards constructing Ha'amonga 'a Maui.",MOD_TONGA_PALACE_CITY_HALL_INFLUENCE_TYPE; MOD_TONGA_OCEAN_TRADE_TYPE; MOD_TONGA_CS_TRADE_TYPE; MOD_TONGA_MEET_DISTANT_LAND_CIVS_TYPE; MOD_TONGA_FORBID_INCOPERATE_TYPE; MOD_CIV_WONDER_PRODUCTION_TONGA_TYPE,"YieldType=YIELD_DIPLOMACY; Amount=1; ConstructibleType=BUILDING_CITY_HALL, BUILDING_PALACE; Tooltip=LOC_TRAIT_TONGA_ABILITY_NAME; Safe=TRUE; Percent=30"
civilization,CIVILIZATION_TONGA,Tonga,35994bc7-gameplaycopy,,TRAIT_ATTRIBUTE_POLITICAL,,,,
civilization,CIVILIZATION_TONGA,Tonga,35994bc7-gameplaycopy,,TRAIT_ATTRIBUTE_POLITICAL_TOT_EX,,,,
civilization,CIVILIZATION_TONGA,Tonga,35994bc7-gameplaycopy,,TRAIT_ATTRIBUTE_POLITICAL_TOT_EX_INFLUENCE,,,,
civilization,CIVILIZATION_TONGA,Tonga,35994bc7-gameplaycopy,,TRAIT_ATTRIBUTE_POLITICAL_TOT_MO,,,,
civilization,CIVILIZATION_TONGA,Tonga,35994bc7-gameplaycopy,,TRAIT_ATTRIBUTE_POLITICAL_TOT_MO_INFLUENCE,,,,
civilization,CIVILIZATION_TONGA,Tonga,35994bc7-gameplaycopy,,TRAIT_ATTRIBUTE_ECONOMIC,,,,
civilization,CIVILIZATION_TONGA,Tonga,35994bc7-gameplaycopy,,TRAIT_ATTRIBUTE_ECONOMIC_TOT_EX,,,,
civilization,CIVILIZATION_TONGA,Tonga,35994bc7-gameplaycopy,,TRAIT_ATTRIBUTE_ECONOMIC_TOT_MO,,,,
civilization,CIVILIZATION_GREAT_BRITAIN,Great Britain,8d4c8700-frontendcopy,,,,,,
civilization,CIVILIZATION_GREAT_BRITAIN,Great Britain,35994bc7-gameplaycopy,,TRAIT_MODERN_CIV,,,,
civilization,CIVILIZATION_GREAT_BRITAIN,Great Britain,35994bc7-gameplaycopy,,TRAIT_GREAT_BRITAIN,,,,
civilization,CIVILIZATION_GREAT_BRITAIN,Great Britain,35994bc7-gameplaycopy,Workshop of the World,TRAIT_GREAT_BRITAIN_ABILITY,[BLIST][LI] [B]+25%[icon:YIELD_GOLD] Gold[/B] towards purchasing [B][icon:CITY_BUILDING_LIST] [TIP:LOC_PEDIA_CONCEPTS_BUILDINGS_TOOLTIP]Buildings[/TIP][/B] and [B]+25% [icon:YIELD_PRODUCTION] Production[/B] towards constructing [B][icon:CITY_BUILDING_LIST] [TIP:LOC_PEDIA_CONCEPTS_BUILDINGS_TOOLTIP]Buildings[/TIP][/B].[LI] It costs [B]50% more[/B] to convert [B][icon:YIELD_TOWNS] [TIP:LOC_PEDIA_CONCEPTS_TOWN_TOOLTIP]Towns[/TIP][/B] into [B][icon:YIELD_CITIES] [TIP:LOC_PEDIA_CONCEPTS_CITIES_TOOLTIP]Cities[/TIP][/B].[BLIST][LI][B]+3 [icon:YIELD_SCIENCE] Science[/B] on [B]Active [icon:CITY_BUILDING_LIST] [TIP:LOC_PEDIA_CONCEPTS_BUILDINGS_TOOLTIP]Buildings[/TIP][/B] adjacent to Coast.[LI] [B]+30%[icon:YIELD_PRODUCTION] Production[/B] towards constructing [B]Battersea Power Station[/B].[/BLIST],"• +25%Gold towards purchasing Buildings and +25% Production towards constructing Buildings.
• It costs 50% more to convert Towns into Cities.
• +3 Science on Active Buildings adjacent to Coast.
• +30%Production towards constructing Battersea Power Station.",TRAIT_MOD_CITY_PROJECT_MORE_EXPENSIVE_TYPE; TRAIT_GB_MOD_BUILDING_CHEAPER_PURCHASE_TYPE; TRAIT_GB_MOD_BUILDING_PRODUCTION_TYPE; TRAIT_GB_MOD_COASTAL_BUILDING_SCIENCE_A_TYPE; TRAIT_GB_MOD_COASTAL_BUILDING_SCIENCE_B_TYPE,Percent=-50; Percent=25; Percent=25; ConstructibleClass=BUILDING; YieldType=YIELD_SCIENCE; Amount=1; Tooltip=LOC_TRAIT_GREAT_BRITAIN_ABILITY_NAME; YieldType=YIELD_SCIENCE; Amount=1; Tooltip=LOC_TRAIT_GREAT_BRITAIN_ABILITY_NAME
civilization,CIVILIZATION_GREAT_BRITAIN,Great Britain,35994bc7-gameplaycopy,,TRAIT_ATTRIBUTE_ECONOMIC,,,,
civilization,CIVILIZATION_GREAT_BRITAIN,Great Britain,35994bc7-gameplaycopy,,TRAIT_ATTRIBUTE_SCIENTIFIC,,,,
civilization,CIVILIZATION_GREAT_BRITAIN,Great Britain,35994bc7-gameplaycopy,,TRAIT_ATTRIBUTE_ECONOMIC_TOT_AQ,,,,
civilization,CIVILIZATION_GREAT_BRITAIN,Great Britain,35994bc7-gameplaycopy,,TRAIT_ATTRIBUTE_ECONOMIC_TOT_EX,,,,
civilization,CIVILIZATION_GREAT_BRITAIN,Great Britain,35994bc7-gameplaycopy,,TRAIT_ATTRIBUTE_SCIENTIFIC_TOT_AQ,,,,
civilization,CIVILIZATION_GREAT_BRITAIN,Great Britain,35994bc7-gameplaycopy,,TRAIT_ATTRIBUTE_SCIENTIFIC_TOT_EX,,,,
civilization,CIVILIZATION_GREAT_BRITAIN,Great Britain,35994bc7-gameplaycopy,,TRAIT_ANACHRONISTIC_CIV,,,TRAIT_MOD_MARKET_RESOURCE_CAP_TYPE; TRAIT_MOD_LIGHTHOUSE_RESOURCE_CAP_TYPE; TRAIT_MOD_CAPITAL_RESOURCE_CAP_TYPE; TRAIT_MOD_CITY_RESOURCE_CAP_TYPE; MOD_DEFAULT_CIV_RIVER_EMBARKATION_TYPE; TRAIT_MOD_CAPITAL_FREE_FOOD_TYPE; TRAIT_MOD_PENALTY_OVER_SETTLEMENT_CAP_SETTLEMENTS_TYPE; TRAIT_INITIAL_SETTLEMENT_CAP_TYPE; TRAIT_MOD_CHIEFDOM_UNLOCKS_GOVERNMENT_TYPE; TRAIT_MOD_DEFAULT_YIELD_5_TYPE; TRAIT_MOD_DEFAULT_YIELD_10_TYPE; TRAIT_MOD_NEGATIVE_INFLUENCE_CONQUERED_SETTLEMENTS_TYPE; TRAIT_MOD_NEGATIVE_INFLUENCE_RAZED_SETTLEMENTS_TYPE; TRAIT_MOD_GOLD_UNASSIGNED_RESOURCE_TYPE; TRAIT_MOD_HAPPINESS_UNASSIGNED_RESOURCE_TYPE; TRAIT_MOD_TOWN_FARMING_PROJECT_TYPE; TRAIT_MOD_TOWN_FISHING_PROJECT_TYPE; TRAIT_MOD_TOWN_URBAN_CENTER_PROJECT_TYPE; TRAIT_MOD_TOWN_GROWTH_PROJECT_TYPE,"Amount=1; Amount=2; Amount=2; Amount=1; EmbarkationType=UNIT_EMBARKATION_INLAND_WATER; Amount=1; YieldTypes=YIELD_HAPPINESS; Amount=5; MaxReduction=1000; Amount=3; YieldType=YIELD_GOLD; Amount=5; Tooltip=LOC_DEFAULT_YIELD; YieldType=YIELD_SCIENCE,YIELD_CULTURE,YIELD_DIPLOMACY; Amount=10; Tooltip=LOC_DEFAULT_YIELD; YieldType=YIELD_DIPLOMACY; Amount=-2; Tooltip=LOC_TRAIT_MOD_NEGATIVE_INFLUENCE_CONQUERED_SETTLEMENTS; YieldType=YIELD_DIPLOMACY; Amount=-2; Tooltip=LOC_TRAIT_MOD_NEGATIVE_INFLUENCE_RAZED_SETTLEMENTS; YieldType=YIELD_GOLD; Amount=1; Unassigned=true; YieldType=YIELD_HAPPINESS; Amount=1; Unassigned=true; ProjectType=PROJECT_TOWN_GRANARY; ProjectType=PROJECT_TOWN_FISHING; ProjectType=PROJECT_TOWN_URBAN_CENTER; Percent=50"
civilization,CIVILIZATION_NEPAL,Nepal,8d4c8700-frontendcopy,,,,,,
civilization,CIVILIZATION_NEPAL,Nepal,35994bc7-gameplaycopy,,TRAIT_MODERN_CIV,,,,
civilization,CIVILIZATION_NEPAL,Nepal,35994bc7-gameplaycopy,,TRAIT_NEPAL,,,,
civilization,CIVILIZATION_NEPAL,Nepal,35994bc7-gameplaycopy,Roof of the World,TRAIT_NEPAL_ABILITY,LOC_TRAIT_NEPAL_ABILITY_DESCRIPTION,LOC_TRAIT_NEPAL_ABILITY_DESCRIPTION,MOD_NEPAL_IMPROVE_MOUNTAINS_TYPE; MOD_NEPAL_MOUNTAIN_WAREHOUSES_TYPE; MOD_EXPENSIVE_WAREHOUSE_BUILDINGS_TYPE,"ConstructibleType=IMPROVEMENT_INCA_MOUNTAIN; ConstructibleWarehouseYield=NepalBrickyardMountainProduction, NepalFishingQuayMountainFood, NepalHarborMountainProduction, NepalGranaryMountainFood, NepalSawPitMountainProduction; Tag=WAREHOUSE; YieldType=YIELD_HAPPINESS, YIELD_GOLD; Amount=1, 1; Tooltip=LOC_TRAIT_NEPAL_ABILITY_NAME"
civilization,CIVILIZATION_NEPAL,Nepal,35994bc7-gameplaycopy,,TRAIT_ATTRIBUTE_CULTURAL,,,,
civilization,CIVILIZATION_NEPAL,Nepal,35994bc7-gameplaycopy,,TRAIT_ATTRIBUTE_CULTURAL_TOT_AQ,,,,
civilization,CIVILIZATION_NEPAL,Nepal,35994bc7-gameplaycopy,,TRAIT_ATTRIBUTE_CULTURAL_TOT_EX,,,,
civilization,CIVILIZATION_NEPAL,Nepal,35994bc7-gameplaycopy,,TRAIT_ATTRIBUTE_POLITICAL,,,,
civilization,CIVILIZATION_NEPAL,Nepal,35994bc7-gameplaycopy,,TRAIT_ATTRIBUTE_POLITICAL_TOT_AQ,,,,
civilization,CIVILIZATION_NEPAL,Nepal,35994bc7-gameplaycopy,,TRAIT_ATTRIBUTE_POLITICAL_TOT_AQ_INFLUENCE,,,,
civilization,CIVILIZATION_NEPAL,Nepal,35994bc7-gameplaycopy,,TRAIT_ATTRIBUTE_POLITICAL_TOT_EX,,,,
civilization,CIVILIZATION_NEPAL,Nepal,35994bc7-gameplaycopy,,TRAIT_ATTRIBUTE_POLITICAL_TOT_EX_INFLUENCE,,,,
civilization,CIVILIZATION_NEPAL,Nepal,35994bc7-gameplaycopy,,TRAIT_ANACHRONISTIC_CIV,,,TRAIT_MOD_MARKET_RESOURCE_CAP_TYPE; TRAIT_MOD_LIGHTHOUSE_RESOURCE_CAP_TYPE; TRAIT_MOD_CAPITAL_RESOURCE_CAP_TYPE; TRAIT_MOD_CITY_RESOURCE_CAP_TYPE; MOD_DEFAULT_CIV_RIVER_EMBARKATION_TYPE; TRAIT_MOD_CAPITAL_FREE_FOOD_TYPE; TRAIT_MOD_PENALTY_OVER_SETTLEMENT_CAP_SETTLEMENTS_TYPE; TRAIT_INITIAL_SETTLEMENT_CAP_TYPE; TRAIT_MOD_CHIEFDOM_UNLOCKS_GOVERNMENT_TYPE; TRAIT_MOD_DEFAULT_YIELD_5_TYPE; TRAIT_MOD_DEFAULT_YIELD_10_TYPE; TRAIT_MOD_NEGATIVE_INFLUENCE_CONQUERED_SETTLEMENTS_TYPE; TRAIT_MOD_NEGATIVE_INFLUENCE_RAZED_SETTLEMENTS_TYPE; TRAIT_MOD_GOLD_UNASSIGNED_RESOURCE_TYPE; TRAIT_MOD_HAPPINESS_UNASSIGNED_RESOURCE_TYPE; TRAIT_MOD_TOWN_FARMING_PROJECT_TYPE; TRAIT_MOD_TOWN_FISHING_PROJECT_TYPE; TRAIT_MOD_TOWN_URBAN_CENTER_PROJECT_TYPE; TRAIT_MOD_TOWN_GROWTH_PROJECT_TYPE,"Amount=1; Amount=2; Amount=2; Amount=1; EmbarkationType=UNIT_EMBARKATION_INLAND_WATER; Amount=1; YieldTypes=YIELD_HAPPINESS; Amount=5; MaxReduction=1000; Amount=3; YieldType=YIELD_GOLD; Amount=5; Tooltip=LOC_DEFAULT_YIELD; YieldType=YIELD_SCIENCE,YIELD_CULTURE,YIELD_DIPLOMACY; Amount=10; Tooltip=LOC_DEFAULT_YIELD; YieldType=YIELD_DIPLOMACY; Amount=-2; Tooltip=LOC_TRAIT_MOD_NEGATIVE_INFLUENCE_CONQUERED_SETTLEMENTS; YieldType=YIELD_DIPLOMACY; Amount=-2; Tooltip=LOC_TRAIT_MOD_NEGATIVE_INFLUENCE_RAZED_SETTLEMENTS; YieldType=YIELD_GOLD; Amount=1; Unassigned=true; YieldType=YIELD_HAPPINESS; Amount=1; Unassigned=true; ProjectType=PROJECT_TOWN_GRANARY; ProjectType=PROJECT_TOWN_FISHING; ProjectType=PROJECT_TOWN_URBAN_CENTER; Percent=50"
civilization,CIVILIZATION_ASSYRIA,Assyria,8d4c8700-frontendcopy,,,,,,
civilization,CIVILIZATION_ASSYRIA,Assyria,35994bc7-gameplaycopy,,TRAIT_ANTIQUITY_CIV,,,TRAIT_MOD_MARKET_RESOURCE_CAP_TYPE; TRAIT_MOD_LIGHTHOUSE_RESOURCE_CAP_TYPE; TRAIT_MOD_CAPITAL_RESOURCE_CAP_TYPE; TRAIT_MOD_CITY_RESOURCE_CAP_TYPE; TRAIT_MOD_CAPITAL_FREE_FOOD_TYPE; TRAIT_MOD_PENALTY_OVER_SETTLEMENT_CAP_SETTLEMENTS_TYPE; TRAIT_INITIAL_SETTLEMENT_CAP_TYPE; TRAIT_MOD_CHIEFDOM_UNLOCKS_GOVERNMENT_TYPE; TRAIT_MOD_DEFAULT_YIELD_5_TYPE; TRAIT_MOD_DEFAULT_YIELD_10_TYPE; TRAIT_MOD_NEGATIVE_INFLUENCE_CONQUERED_SETTLEMENTS_TYPE; TRAIT_MOD_NEGATIVE_INFLUENCE_RAZED_SETTLEMENTS_TYPE; TRAIT_MOD_GOLD_UNASSIGNED_RESOURCE_TYPE; TRAIT_MOD_HAPPINESS_UNASSIGNED_RESOURCE_TYPE; TRAIT_MOD_TOWN_FARMING_PROJECT_TYPE; TRAIT_MOD_TOWN_FISHING_PROJECT_TYPE; TRAIT_MOD_TOWN_URBAN_CENTER_PROJECT_TYPE; TRAIT_MOD_TOWN_GROWTH_PROJECT_TYPE; MOD_DEFAULT_CIV_RIVER_EMBARKATION_NOT_TEHINA_TYPE,"Amount=1; Amount=2; Amount=2; Amount=1; Amount=1; YieldTypes=YIELD_HAPPINESS; Amount=5; MaxReduction=1000; Amount=3; YieldType=YIELD_GOLD; Amount=5; Tooltip=LOC_DEFAULT_YIELD; YieldType=YIELD_SCIENCE,YIELD_CULTURE,YIELD_DIPLOMACY; Amount=10; Tooltip=LOC_DEFAULT_YIELD; YieldType=YIELD_DIPLOMACY; Amount=-2; Tooltip=LOC_TRAIT_MOD_NEGATIVE_INFLUENCE_CONQUERED_SETTLEMENTS; YieldType=YIELD_DIPLOMACY; Amount=-2; Tooltip=LOC_TRAIT_MOD_NEGATIVE_INFLUENCE_RAZED_SETTLEMENTS; YieldType=YIELD_GOLD; Amount=1; Unassigned=true; YieldType=YIELD_HAPPINESS; Amount=1; Unassigned=true; ProjectType=PROJECT_TOWN_GRANARY; ProjectType=PROJECT_TOWN_FISHING; ProjectType=PROJECT_TOWN_URBAN_CENTER; Percent=50; EmbarkationType=UNIT_EMBARKATION_INLAND_WATER"
civilization,CIVILIZATION_ASSYRIA,Assyria,35994bc7-gameplaycopy,,TRAIT_ASSYRIA,,,,
civilization,CIVILIZATION_ASSYRIA,Assyria,35994bc7-gameplaycopy,Treasures of Nineveh,TRAIT_ASSYRIA_ABILITY,[BLIST][LI]Gain a [icon:RADIAL_TECH] [B][TIP:LOC_PEDIA_CONCEPTS_TECH_TOOLTIP]Technology[/TIP][/B] and a [icon:GREATWORK] [B][TIP:LOC_PEDIA_CONCEPTS_CODEX_TOOLTIP]Codex[/TIP][/B] upon capturing a [B][TIP:LOC_PEDIA_CONCEPTS_SETTLEMENT_TOOLTIP]Settlement[/TIP][/B] for the first time.[LI][icon:NAR_REW_GREATWORK] [B][TIP:LOC_PEDIA_CONCEPTS_CODEX_TOOLTIP]Codices[/TIP][/B] are not awarded from [B][TIP:LOC_PEDIA_CONCEPTS_TECH_TOOLTIP]Technologies[/TIP][/B].[LI]+30%[icon:YIELD_PRODUCTION] Production towards constructing Dur-Sharrukin.[/BLIST],"• Gain a Technology and a Codex upon capturing a Settlement for the first time.
• Codices are not awarded from Technologies.
• +30%Production towards constructing Dur-Sharrukin.",MOD_CIV_WONDER_PRODUCTION_ASSYRIA_TYPE; MOD_CIV_FIRST_TIME_CONQUER_TYPE; MOD_CIV_FIRST_TIME_CONQUER_CODEX_TYPE,Percent=30; Amount=1; SystemType=SYSTEM_TECH; FreeProgressionType=FREE_PROGRESSION_NODE_ANY_UNLOCKED; Amount=1; ObjectType=GREATWORKOBJECT_WRITING
civilization,CIVILIZATION_ASSYRIA,Assyria,35994bc7-gameplaycopy,,TRAIT_ATTRIBUTE_SCIENTIFIC,,,,
civilization,CIVILIZATION_ASSYRIA,Assyria,35994bc7-gameplaycopy,,TRAIT_ATTRIBUTE_SCIENTIFIC_TOT_EX,,,,
civilization,CIVILIZATION_ASSYRIA,Assyria,35994bc7-gameplaycopy,,TRAIT_ATTRIBUTE_SCIENTIFIC_TOT_MO,,,,
civilization,CIVILIZATION_ASSYRIA,Assyria,35994bc7-gameplaycopy,,TRAIT_ATTRIBUTE_MILITARISTIC,,,,
civilization,CIVILIZATION_ASSYRIA,Assyria,35994bc7-gameplaycopy,,TRAIT_ATTRIBUTE_MILITARISTIC_TOT_EX,,,,
civilization,CIVILIZATION_ASSYRIA,Assyria,35994bc7-gameplaycopy,,TRAIT_ATTRIBUTE_MILITARISTIC_TOT_MO,,,,
civilization,CIVILIZATION_QAJAR,Qajar,8d4c8700-frontendcopy,,,,,,
civilization,CIVILIZATION_QAJAR,Qajar,35994bc7-gameplaycopy,,TRAIT_MODERN_CIV,,,,
civilization,CIVILIZATION_QAJAR,Qajar,35994bc7-gameplaycopy,,TRAIT_QAJAR,,,,
civilization,CIVILIZATION_QAJAR,Qajar,35994bc7-gameplaycopy,Kayānī Crown,TRAIT_QAJAR_ABILITY,[BLIST][LI][B]+50% [icon:YIELD_DIPLOMACY] Influence[/B] toward supporting [icon:DIPLOMATIC_ACTION] [B]Diplomatic Actions[/B].[LI][B]+10 [icon:YIELD_FOOD] Food[/B] and [B][icon:YIELD_PRODUCTION] Production[/B] in the [B][icon:NOTIFICATION_SELECT_CAPITAL] Capital[/B] for every [B][TIP:LOC_PEDIA_CONCEPTS_SETTLEMENT_TOOLTIP]Settlement[/TIP][/B] under the [B][icon:SETTLEMENT_LIMIT] [TIP:LOC_PEDIA_CONCEPTS_SETTLEMENT_LIMIT_TOOLTIP]Settlement Limit[/TIP][/B].[LI][B]+30%[icon:YIELD_PRODUCTION] Production [/B]towards constructing [B]Eram Garden[/B].[/LIST],"• +50% Influence toward supporting Diplomatic Actions.
• +10 Food and Production in the Capital for every Settlement under the Settlement Limit.
• +30%Production towards constructing Eram Garden.",MOD_CIV_QAJAR_DIPLOMACY_TYPE; MOD_CIV_QAJAR_YIELDS_UNDER_SETTLEMENT_CAP_AQ_TYPE,"ResponseType=DIPLOMACY_RESPONSE_SUPPORT; Percent=50; ApplyToTarget=false; Amount=2; YieldType=YIELD_FOOD,YIELD_PRODUCTION"
civilization,CIVILIZATION_QAJAR,Qajar,35994bc7-gameplaycopy,,TRAIT_ATTRIBUTE_POLITICAL,,,,
civilization,CIVILIZATION_QAJAR,Qajar,35994bc7-gameplaycopy,,TRAIT_ATTRIBUTE_POLITICAL_TOT_AQ,,,,
civilization,CIVILIZATION_QAJAR,Qajar,35994bc7-gameplaycopy,,TRAIT_ATTRIBUTE_POLITICAL_TOT_AQ_INFLUENCE,,,,
civilization,CIVILIZATION_QAJAR,Qajar,35994bc7-gameplaycopy,,TRAIT_ATTRIBUTE_POLITICAL_TOT_EX,,,,
civilization,CIVILIZATION_QAJAR,Qajar,35994bc7-gameplaycopy,,TRAIT_ATTRIBUTE_POLITICAL_TOT_EX_INFLUENCE,,,,
civilization,CIVILIZATION_QAJAR,Qajar,35994bc7-gameplaycopy,,TRAIT_ATTRIBUTE_EXPANSIONIST,,,,
civilization,CIVILIZATION_QAJAR,Qajar,35994bc7-gameplaycopy,,TRAIT_ATTRIBUTE_EXPANSIONIST_TALL,,,,
civilization,CIVILIZATION_QAJAR,Qajar,35994bc7-gameplaycopy,,TRAIT_ATTRIBUTE_EXPANSIONIST_TOT_AQ,,,,
civilization,CIVILIZATION_QAJAR,Qajar,35994bc7-gameplaycopy,,TRAIT_ATTRIBUTE_EXPANSIONIST_TOT_AQ_TALL,,,,
civilization,CIVILIZATION_QAJAR,Qajar,35994bc7-gameplaycopy,,TRAIT_ATTRIBUTE_EXPANSIONIST_TOT_EX,,,,
civilization,CIVILIZATION_QAJAR,Qajar,35994bc7-gameplaycopy,,TRAIT_ATTRIBUTE_EXPANSIONIST_TOT_EX_TALL,,,,
civilization,CIVILIZATION_QAJAR,Qajar,35994bc7-gameplaycopy,,TRAIT_ANACHRONISTIC_CIV,,,TRAIT_MOD_MARKET_RESOURCE_CAP_TYPE; TRAIT_MOD_LIGHTHOUSE_RESOURCE_CAP_TYPE; TRAIT_MOD_CAPITAL_RESOURCE_CAP_TYPE; TRAIT_MOD_CITY_RESOURCE_CAP_TYPE; MOD_DEFAULT_CIV_RIVER_EMBARKATION_TYPE; TRAIT_MOD_CAPITAL_FREE_FOOD_TYPE; TRAIT_MOD_PENALTY_OVER_SETTLEMENT_CAP_SETTLEMENTS_TYPE; TRAIT_INITIAL_SETTLEMENT_CAP_TYPE; TRAIT_MOD_CHIEFDOM_UNLOCKS_GOVERNMENT_TYPE; TRAIT_MOD_DEFAULT_YIELD_5_TYPE; TRAIT_MOD_DEFAULT_YIELD_10_TYPE; TRAIT_MOD_NEGATIVE_INFLUENCE_CONQUERED_SETTLEMENTS_TYPE; TRAIT_MOD_NEGATIVE_INFLUENCE_RAZED_SETTLEMENTS_TYPE; TRAIT_MOD_GOLD_UNASSIGNED_RESOURCE_TYPE; TRAIT_MOD_HAPPINESS_UNASSIGNED_RESOURCE_TYPE; TRAIT_MOD_TOWN_FARMING_PROJECT_TYPE; TRAIT_MOD_TOWN_FISHING_PROJECT_TYPE; TRAIT_MOD_TOWN_URBAN_CENTER_PROJECT_TYPE; TRAIT_MOD_TOWN_GROWTH_PROJECT_TYPE,"Amount=1; Amount=2; Amount=2; Amount=1; EmbarkationType=UNIT_EMBARKATION_INLAND_WATER; Amount=1; YieldTypes=YIELD_HAPPINESS; Amount=5; MaxReduction=1000; Amount=3; YieldType=YIELD_GOLD; Amount=5; Tooltip=LOC_DEFAULT_YIELD; YieldType=YIELD_SCIENCE,YIELD_CULTURE,YIELD_DIPLOMACY; Amount=10; Tooltip=LOC_DEFAULT_YIELD; YieldType=YIELD_DIPLOMACY; Amount=-2; Tooltip=LOC_TRAIT_MOD_NEGATIVE_INFLUENCE_CONQUERED_SETTLEMENTS; YieldType=YIELD_DIPLOMACY; Amount=-2; Tooltip=LOC_TRAIT_MOD_NEGATIVE_INFLUENCE_RAZED_SETTLEMENTS; YieldType=YIELD_GOLD; Amount=1; Unassigned=true; YieldType=YIELD_HAPPINESS; Amount=1; Unassigned=true; ProjectType=PROJECT_TOWN_GRANARY; ProjectType=PROJECT_TOWN_FISHING; ProjectType=PROJECT_TOWN_URBAN_CENTER; Percent=50"
civilization,CIVILIZATION_PLACEHOLDER_CITYSTATE,City-State,35994bc7-gameplaycopy,,,,,,
civilization,CIVILIZATION_INDEPENDENT,Villages,35994bc7-gameplaycopy,,,,,,
civilization,CIVILIZATION_NONE,World,35994bc7-gameplaycopy,,,,,,
leader,LEADER_AMINA,Amina,8d4c8700-frontendcopy,,,,,,
leader,LEADER_AMINA,Amina,35994bc7-gameplaycopy,Warrior-Queen of Zazzau,TRAIT_LEADER_AMINA_ABILITY,[BLIST][LI]+1 [icon:RADIAL_RESOURCES] [TIP:LOC_PEDIA_CONCEPTS_RESOURCE_CAPACITY_TOOLTIP]Resource Capacity[/TIP] in [icon:YIELD_CITIES] [TIP:LOC_PEDIA_CONCEPTS_CITIES_TOOLTIP]Cities[/TIP].[LI]+1 [icon:YIELD_GOLD] Gold per [TIP:LOC_PEDIA_CONCEPTS_AGE_TOOLTIP]Age[/TIP] for each [icon:RADIAL_RESOURCES] [TIP:LOC_PEDIA_CONCEPTS_RESOURCES_TOOLTIP]Resource[/TIP] assigned to [icon:YIELD_CITIES] [TIP:LOC_PEDIA_CONCEPTS_CITIES_TOOLTIP]Cities[/TIP].[LI]+5 [icon:NAR_REW_COMBAT] [TIP:LOC_PEDIA_CONCEPTS_COMBAT_STRENGTH_TOOLTIP]Combat Strength[/TIP] on all Units in Plains and Desert.[/BLIST],"• +1 Resource Capacity in Cities.
• +1 Gold per Age for each Resource assigned to Cities.
• +5 Combat Strength on all Units in Plains and Desert.",AMINA_MOD_RESOURCE_CAPACITY_TYPE; AMINA_MOD_RESOURCE_GOLD_TYPE; AMINA_LEAD_MOD_CHECK_FOR_BIOME_TYPE; AMINA_MOD_AGENDA_DESERT_OF_THE_WARRIOR_QUEEN_TYPE,Amount=1; YieldType=YIELD_GOLD; Amount=1; PercentMultiplier=false; AbilityType=ABILITY_AMINA_CHECK_FOR_BIOME; ModName=LOC_DIPLOMACY_AGENDA_DESERT_OF_THE_WARRIOR_QUEEN_NAME; Tooltip=LOC_DIPLOMACY_AGENDA_DESERT_OF_THE_WARRIOR_QUEEN_DESC; WeightType=DIPLOMACY_AGENDA_COMPARE_BIOMES; FirstMeetDelay=20; UpdateFreq=10; AwardTo1=DIPLOMACY_AGENDA_AWARD_HIGHER; AwardAmtType1=DIPLOMACY_AGENDA_NEG_AMT_MEDIUM; Arg1=BIOME_PLAINS; Arg2=BIOME_DESERT; Arg4=DIPLOMACY_AGENDA_INSTRUCTION_SETTLEMENT_CENTER_ONLY; AwardTo2=DIPLOMACY_AGENDA_AWARD_NONE; AwardAmtType2=DIPLOMACY_AGENDA_AMT_SMALL; NotifyMessage=LOC_NOTIFICATION_DIPLOMATIC_AGENDA_DEFAULT_MESSAGE; NotifySummary=LOC_NOTIFICATION_DIPLOMATIC_AGENDA_DEFAULT_SUMMARY
leader,LEADER_AMINA,Amina,35994bc7-gameplaycopy,,TRAIT_LEADER_ATTRIBUTE_ECONOMIC,,,MOD_TRAIT_LEADER_ATTRIBUTE_ECONOMIC_TYPE; MOD_TRAIT_LEADER_ATTRIBUTE_UNLOCK_ECONOMIC_01_TYPE; MOD_TRAIT_LEADER_ATTRIBUTE_UNLOCK_ECONOMIC_02_TYPE,ActionType=DIPLOMACY_ACTION_MINOR_TRADE; ActionType=DIPLOMACY_ACTION_SABOTAGE_TREASURY
leader,LEADER_AMINA,Amina,35994bc7-gameplaycopy,,TRAIT_LEADER_ATTRIBUTE_MILITARISTIC,,,MOD_TRAIT_LEADER_ATTRIBUTE_MILITARISTIC_TYPE; MOD_TRAIT_LEADER_ATTRIBUTE_UNLOCK_MILITARISTIC_01_TYPE; MOD_TRAIT_LEADER_ATTRIBUTE_UNLOCK_MILITARISTIC_02_TYPE,ActionType=DIPLOMACY_ACTION_MILITARY_AID; ActionType=DIPLOMACY_ACTION_SABOTAGE_MILITARY_PRODUCTION
leader,LEADER_AMINA,Amina,35994bc7-gameplaycopy,,TRAIT_AQ_ECONOMIC_VICTORY,,,,
leader,LEADER_AMINA,Amina,35994bc7-gameplaycopy,,TRAIT_EX_ECONOMIC_VICTORY,,,,
leader,LEADER_AMINA,Amina,35994bc7-gameplaycopy,,TRAIT_MO_ECONOMIC_VICTORY,,,,
leader,LEADER_ASHOKA,"Ashoka, World Renouncer",8d4c8700-frontendcopy,,,,,,
leader,LEADER_ASHOKA,"Ashoka, World Renouncer",35994bc7-gameplaycopy,Dhammaraja,TRAIT_LEADER_ASHOKA_ABILITY,[BLIST][LI]+1 [icon:YIELD_FOOD] Food in [icon:YIELD_CITIES] [TIP:LOC_PEDIA_CONCEPTS_CITIES_TOOLTIP]Cities[/TIP] for every 5 excess [icon:YIELD_HAPPINESS] Happiness.[LI]+10% [icon:YIELD_FOOD] Food in all [TIP:LOC_PEDIA_CONCEPTS_SETTLEMENT_TOOLTIP]Settlements[/TIP] during a [icon:CELEBRATION] [TIP:LOC_PEDIA_CONCEPTS_CELEBRATIONS_TOOLTIP]Celebration[/TIP].[LI][icon:CITY_BUILDING_LIST] Unique [TIP:LOC_PEDIA_CONCEPTS_BUILDINGS_TOOLTIP]Buildings[/TIP] gain a +1 [icon:YIELD_HAPPINESS] Happiness adjacency for all [icon:CITY_RURAL] Improvements.[/BLIST],"• +1 Food in Cities for every 5 excess Happiness.
• +10% Food in all Settlements during a Celebration.
• Unique Buildings gain a +1 Happiness adjacency for all Improvements.",ASHOKA_MOD_WILDCARD_UNIQUE_BUILDING_ADJACENCY_TO_IMPROVEMENTS_TYPE; ASHOKA_MOD_HAPPINESS_FOOD_TYPE; ASHOKA_MOD_CELEBRATION_FOOD_TYPE; ASHOKA_MOD_AGENDA_WITHOUT_SORROW_TYPE,ConstructibleAdjacency=AshokaUniqueBuildingAdjacencyToImprovements; Tooltip=LOC_TRAIT_LEADER_ASHOKA_ABILITY_NAME; YieldType=YIELD_FOOD; Amount=1; Divisor=5; Tooltip=LOC_TRAIT_LEADER_ASHOKA_ABILITY_NAME; YieldType=YIELD_FOOD; Percent=10; ModName=LOC_DIPLOMACY_AGENDA_WITHOUT_SORROW_NAME; Tooltip=LOC_DIPLOMACY_AGENDA_WITHOUT_SORROW_DESC; WeightType=DIPLOMACY_AGENDA_COMPARE_YIELD_TYPE; FirstMeetDelay=20; UpdateFreq=10; AwardTo1=DIPLOMACY_AGENDA_AWARD_HIGHEST; AwardAmtType1=DIPLOMACY_AGENDA_AMT_MEDIUM; Arg1=YIELD_HAPPINESS; AwardTo2=DIPLOMACY_AGENDA_AWARD_LOWEST; AwardAmtType2=DIPLOMACY_AGENDA_NEG_AMT_MEDIUM; NotifyMessage=LOC_NOTIFICATION_DIPLOMATIC_AGENDA_DEFAULT_MESSAGE; NotifySummary=LOC_NOTIFICATION_DIPLOMATIC_AGENDA_DEFAULT_SUMMARY
leader,LEADER_ASHOKA,"Ashoka, World Renouncer",35994bc7-gameplaycopy,,TRAIT_LEADER_ATTRIBUTE_POLITICAL,,,MOD_TRAIT_LEADER_ATTRIBUTE_POLITICAL_TYPE; MOD_TRAIT_LEADER_ATTRIBUTE_UNLOCK_POLITICAL_01_TYPE; MOD_TRAIT_LEADER_ATTRIBUTE_UNLOCK_POLITICAL_02_TYPE,ActionType=DIPLOMACY_ACTION_LOCAL_FESTIVALS; ActionType=DIPLOMACY_ACTION_SABOTAGE_MORALE
leader,LEADER_ASHOKA,"Ashoka, World Renouncer",35994bc7-gameplaycopy,,TRAIT_LEADER_ATTRIBUTE_EXPANSIONIST,,,MOD_TRAIT_LEADER_ATTRIBUTE_EXPANSIONIST_TYPE; MOD_TRAIT_LEADER_ATTRIBUTE_UNLOCK_EXPANSIONIST_01_TYPE; MOD_TRAIT_LEADER_ATTRIBUTE_UNLOCK_EXPANSIONIST_02_TYPE,ActionType=DIPLOMACY_ACTION_FARMERS_MARKET; ActionType=DIPLOMACY_ACTION_SABOTAGE_FOOD_PRODUCTION
leader,LEADER_ASHOKA,"Ashoka, World Renouncer",35994bc7-gameplaycopy,,TRAIT_AQ_CULTURE_VICTORY,,,,
leader,LEADER_ASHOKA,"Ashoka, World Renouncer",35994bc7-gameplaycopy,,TRAIT_EX_CULTURE_VICTORY,,,,
leader,LEADER_ASHOKA,"Ashoka, World Renouncer",35994bc7-gameplaycopy,,TRAIT_MO_CULTURE_VICTORY,,,,
leader,LEADER_AUGUSTUS,Augustus,8d4c8700-frontendcopy,,,,,,
leader,LEADER_AUGUSTUS,Augustus,35994bc7-gameplaycopy,Imperium Maius,TRAIT_LEADER_AUGUSTUS_ABILITY,[BLIST][LI]+2 [icon:YIELD_PRODUCTION] Production in the [icon:NOTIFICATION_SELECT_CAPITAL] Capital for every [icon:YIELD_TOWNS] [TIP:LOC_PEDIA_CONCEPTS_TOWN_TOOLTIP]Town[/TIP].[LI]Can purchase [icon:YIELD_CULTURE] Culture [TIP:LOC_PEDIA_CONCEPTS_BUILDINGS_TOOLTIP]Buildings[/TIP] in [icon:YIELD_TOWNS] [TIP:LOC_PEDIA_CONCEPTS_TOWN_TOOLTIP]Towns[/TIP] with any Focus.[LI]+15% [icon:YIELD_GOLD] Gold towards purchasing [icon:CITY_BUILDING_LIST] [TIP:LOC_PEDIA_CONCEPTS_BUILDINGS_TOOLTIP]Buildings[/TIP] in [icon:YIELD_TOWNS] [TIP:LOC_PEDIA_CONCEPTS_TOWN_TOOLTIP]Towns[/TIP]. Doubled if that [TIP:LOC_PEDIA_CONCEPTS_BUILDINGS_TOOLTIP]Building[/TIP] is present in your [icon:NOTIFICATION_SELECT_CAPITAL] Capital. [/BLIST],"• +2 Production in the Capital for every Town.
• Can purchase Culture Buildings in Towns with any Focus.
• +15% Gold towards purchasing Buildings in Towns. Doubled if that Building is present in your Capital.",AUGUSTUS_MOD_CAPITAL_PRODUCTION_PER_TOWN_TYPE; AUGUSTUS_MOD_TOWN_PURCHASE_RATE_TYPE; AUGUSTUS_MOD_TOWN_PURCHASE_RATE_SAME_BUILDING_IN_CAPITAL_TYPE; AUGUSTUS_MOD_TOWN_CULTURE_BUILDING_TYPE; AUGUSTUS_MOD_AGENDA_RESTITUTOR_ORBIS_TYPE,YieldType=YIELD_PRODUCTION; Amount=2; Cities=false; Towns=true; Tooltip=LOC_TRAIT_LEADER_AUGUSTUS_ABILITY_NAME; ConstructibleClass=BUILDING; Percent=15; Tooltip=LOC_TRAIT_LEADER_AUGUSTUS_ABILITY_NAME; PurchaseDiscountReason=CAPITAL_HAS_SAME_BUILDING; Percent=15; Tooltip=LOC_TRAIT_LEADER_AUGUSTUS_ABILITY_NAME; ConstructibleTag=CULTURE; Tooltip=LOC_TRAIT_LEADER_AUGUSTUS_ABILITY_NAME; ModName=LOC_DIPLOMACY_AGENDA_RESTITUTOR_ORBIS_NAME; Tooltip=LOC_DIPLOMACY_AGENDA_RESTITUTOR_ORBIS_DESC; WeightType=DIPLOMACY_AGENDA_COMPARE_NUM_CITIES_TOWNS; FirstMeetDelay=20; UpdateFreq=10; AwardTo1=DIPLOMACY_AGENDA_AWARD_HIGHER; AwardAmtType1=DIPLOMACY_AGENDA_AMT_SMALL; AwardTo2=DIPLOMACY_AGENDA_AWARD_HIGHER; AwardAmtType2=DIPLOMACY_AGENDA_NEG_AMT_SMALL; NotifyMessage=LOC_NOTIFICATION_DIPLOMATIC_AGENDA_DEFAULT_MESSAGE; NotifySummary=LOC_NOTIFICATION_DIPLOMATIC_AGENDA_DEFAULT_SUMMARY
leader,LEADER_AUGUSTUS,Augustus,35994bc7-gameplaycopy,,TRAIT_LEADER_ATTRIBUTE_CULTURAL,,,MOD_TRAIT_LEADER_ATTRIBUTE_CULTURAL_TYPE; MOD_TRAIT_LEADER_ATTRIBUTE_UNLOCK_CULTURAL_01_TYPE; MOD_TRAIT_LEADER_ATTRIBUTE_UNLOCK_CULTURAL_02_TYPE,ActionType=DIPLOMACY_ACTION_CULTURAL_EXCHANGE; ActionType=DIPLOMACY_ACTION_SABOTAGE_CIVIC_STUDY
leader,LEADER_AUGUSTUS,Augustus,35994bc7-gameplaycopy,,TRAIT_LEADER_ATTRIBUTE_EXPANSIONIST,,,MOD_TRAIT_LEADER_ATTRIBUTE_EXPANSIONIST_TYPE; MOD_TRAIT_LEADER_ATTRIBUTE_UNLOCK_EXPANSIONIST_01_TYPE; MOD_TRAIT_LEADER_ATTRIBUTE_UNLOCK_EXPANSIONIST_02_TYPE,ActionType=DIPLOMACY_ACTION_FARMERS_MARKET; ActionType=DIPLOMACY_ACTION_SABOTAGE_FOOD_PRODUCTION
leader,LEADER_AUGUSTUS,Augustus,35994bc7-gameplaycopy,,TRAIT_AQ_MILITARY_VICTORY,,,,
leader,LEADER_AUGUSTUS,Augustus,35994bc7-gameplaycopy,,TRAIT_EX_MILITARY_VICTORY,,,,
leader,LEADER_AUGUSTUS,Augustus,35994bc7-gameplaycopy,,TRAIT_MO_CULTURE_VICTORY,,,,
leader,LEADER_BENJAMIN_FRANKLIN,Benjamin Franklin,8d4c8700-frontendcopy,,,,,,
leader,LEADER_BENJAMIN_FRANKLIN,Benjamin Franklin,35994bc7-gameplaycopy,The First American,TRAIT_LEADER_BENJAMIN_FRANKLIN_ABILITY,[BLIST][LI]+1 [icon:YIELD_SCIENCE] Science per [TIP:LOC_PEDIA_CONCEPTS_AGE_TOOLTIP]Age[/TIP] on [icon:YIELD_PRODUCTION] Production and [icon:YIELD_SCIENCE] Science [icon:CITY_BUILDING_LIST] [TIP:LOC_PEDIA_CONCEPTS_BUILDINGS_TOOLTIP]Buildings[/TIP] in [icon:YIELD_CITIES] [TIP:LOC_PEDIA_CONCEPTS_CITIES_TOOLTIP]Cities[/TIP].[LI]+5% [icon:YIELD_PRODUCTION] Production towards constructing [icon:CITY_BUILDING_LIST] [TIP:LOC_PEDIA_CONCEPTS_BUILDINGS_TOOLTIP]Buildings[/TIP] for active [icon:ENDEAVOR] Endeavors you have started or supported.[LI]+2 [icon:YIELD_SCIENCE] Science per [TIP:LOC_PEDIA_CONCEPTS_AGE_TOOLTIP]Age[/TIP] from active [icon:ENDEAVOR] [TIP:LOC_PEDIA_CONCEPTS_ENDEAVOR_TOOLTIP]Endeavors[/TIP] you started or supported.[LI]Can have two [icon:ENDEAVOR] [TIP:LOC_PEDIA_CONCEPTS_ENDEAVOR_TOOLTIP]Endeavors[/TIP] of the same type active at a time.[/BLIST],"• +1 Science per Age on Production and Science Buildings in Cities.
• +5% Production towards constructing Buildings for active Endeavors you have started or supported.
• +2 Science per Age from active Endeavors you started or supported.
• Can have two Endeavors of the same type active at a time.",FRANKLIN_MOD_PRODUCTION_BUILDING_RATE_PER_NUM_ACTIVE_DIPLOMATIC_ACTIONS_TYPE; FRANKLIN_MOD_PRODUCTION_BUILDING_SCIENCE_TYPE; FRANKLIN_MOD_SCIENCE_BUILDING_SCIENCE_TYPE; FRANKLIN_MOD_DIPLO_EVENT_SCIENCE_TYPE; FRANKLIN_MOD_EXTRA_SINGLE_INSTANT_DIPLO_ACTIONS_TYPE; FRANKLIN_MOD_AGENDA_CIVIC_VIRTUE_TYPE; FRANKLIN_MOD_AGENDA_CIVIC_VIRTUE_DESCRIPTION_TYPE,Percent=5; ConstructibleClass=BUILDING; DiplomaticActionGroup=DIPLOMACY_ACTION_GROUP_ENDEAVOR; CountOnlyStartedOrSupportedActions=True; Tag=PRODUCTION; YieldType=YIELD_SCIENCE; Amount=1; Tooltip=LOC_TRAIT_LEADER_BENJAMIN_FRANKLIN_ABILITY_NAME; Tag=SCIENCE; YieldType=YIELD_SCIENCE; Amount=1; Tooltip=LOC_TRAIT_LEADER_BENJAMIN_FRANKLIN_ABILITY_NAME; ActionGroupType=DIPLOMACY_ACTION_GROUP_ENDEAVOR; YieldType=YIELD_SCIENCE; Amount=2; Tooltip=LOC_TRAIT_LEADER_BENJAMIN_FRANKLIN_ABILITY_NAME; ModName=LOC_DIPLOMACY_EXTRA_SINGLE_INSTANCE_NAME; Tooltip=LOC_DIPLOMACY_EXTRA_SINGLE_INSTANCE_DESC; Modifier1Type=DIPLOMACY_BASIC_MODIFIER_VALUE_EXTRA_SINGLE_INSTANCE_ENDEAVOR; Modifier1Value=1.0; NotifyMessage=LOC_NOTIFICATION_DIPLOMATIC_AGENDA_DEFAULT_MESSAGE; NotifySummary=LOC_NOTIFICATION_DIPLOMATIC_AGENDA_DEFAULT_SUMMARY; ModName=LOC_DIPLOMACY_AGENDA_CIVIC_VIRTUE_NAME; Tooltip=LOC_DIPLOMACY_AGENDA_CIVIC_VIRTUE_DESC; Modifier1Type=DIPLOMACY_BASIC_MODIFIER_VALUE_CIVIC_VIRTUE; Modifier1Value=1.0; NotifyMessage=LOC_NOTIFICATION_DIPLOMATIC_AGENDA_DEFAULT_MESSAGE; NotifySummary=LOC_NOTIFICATION_DIPLOMATIC_AGENDA_DEFAULT_SUMMARY; ModName=LOC_DIPLOMACY_AGENDA_CIVIC_VIRTUE_NAME; Tooltip=LOC_DIPLOMACY_AGENDA_CIVIC_VIRTUE_DESC; WeightType=DIPLOMACY_AGENDA_JUST_DESCRIPTION; FirstMeetDelay=200; UpdateFreq=100; AwardTo1=DIPLOMACY_AGENDA_AWARD_IGNORE; AwardAmtType1=DIPLOMACY_AGENDA_AMT_SMALL; NotifyMessage=LOC_NOTIFICATION_DIPLOMATIC_AGENDA_DEFAULT_MESSAGE; NotifySummary=LOC_NOTIFICATION_DIPLOMATIC_AGENDA_DEFAULT_SUMMARY
leader,LEADER_BENJAMIN_FRANKLIN,Benjamin Franklin,35994bc7-gameplaycopy,,TRAIT_LEADER_ATTRIBUTE_POLITICAL,,,MOD_TRAIT_LEADER_ATTRIBUTE_POLITICAL_TYPE; MOD_TRAIT_LEADER_ATTRIBUTE_UNLOCK_POLITICAL_01_TYPE; MOD_TRAIT_LEADER_ATTRIBUTE_UNLOCK_POLITICAL_02_TYPE,ActionType=DIPLOMACY_ACTION_LOCAL_FESTIVALS; ActionType=DIPLOMACY_ACTION_SABOTAGE_MORALE
leader,LEADER_BENJAMIN_FRANKLIN,Benjamin Franklin,35994bc7-gameplaycopy,,TRAIT_LEADER_ATTRIBUTE_SCIENTIFIC,,,MOD_TRAIT_LEADER_ATTRIBUTE_SCIENTIFIC_TYPE; MOD_TRAIT_LEADER_ATTRIBUTE_UNLOCK_SCIENTIFIC_01_TYPE; MOD_TRAIT_LEADER_ATTRIBUTE_UNLOCK_SCIENTIFIC_02_TYPE,ActionType=DIPLOMACY_ACTION_RESEARCH_COLLABORATION; ActionType=DIPLOMACY_ACTION_SABOTAGE_RESEARCH
leader,LEADER_BENJAMIN_FRANKLIN,Benjamin Franklin,35994bc7-gameplaycopy,,TRAIT_AQ_SCIENCE_VICTORY,,,,
leader,LEADER_BENJAMIN_FRANKLIN,Benjamin Franklin,35994bc7-gameplaycopy,,TRAIT_EX_SCIENCE_VICTORY,,,,
leader,LEADER_BENJAMIN_FRANKLIN,Benjamin Franklin,35994bc7-gameplaycopy,,TRAIT_MO_SCIENCE_VICTORY,,,,
leader,LEADER_CATHERINE,Catherine the Great,8d4c8700-frontendcopy,,,,,,
leader,LEADER_CATHERINE,Catherine the Great,35994bc7-gameplaycopy,Star of the North,TRAIT_LEADER_CATHERINE_ABILITY,[BLIST][LI]+2 [icon:YIELD_CULTURE] Culture per [TIP:LOC_PEDIA_CONCEPTS_AGE_TOOLTIP]Age[/TIP] on displayed [icon:GREATWORK] [TIP:LOC_PEDIA_CONCEPTS_GREAT_WORKS_TOOLTIP]Great Works[/TIP].[LI][TIP:LOC_PEDIA_CONCEPTS_BUILDINGS_TOOLTIP]Buildings[/TIP] and [TIP:LOC_PEDIA_CONCEPTS_WONDERS_TOOLTIP]Wonders[/TIP] with [icon:GREATWORK] Great Work slots gain 1 additional slot.[LI][icon:YIELD_CITIES] [TIP:LOC_PEDIA_CONCEPTS_CITIES_TOOLTIP]Cities[/TIP] settled in Tundra gain [icon:YIELD_SCIENCE] Science equal to 25% of their [icon:YIELD_CULTURE] Culture per turn.[/BLIST],"• +2 Culture per Age on displayed Great Works.
• Buildings and Wonders with Great Work slots gain 1 additional slot.
• Cities settled in Tundra gain Science equal to 25% of their Culture per turn.",CATHERINE_MOD_GREAT_WORK_CULTURE_TYPE; CATHERINE_MOD_CONSTRUCTIBLE_GREAT_WORK_SLOTS_TYPE; CATHERINE_MOD_CITY_SCIENCE_TYPE; CATHERINE_MOD_AGENDA_DUSHA_TYPE,YieldType=YIELD_CULTURE; Amount=2; Tooltip=LOC_TRAIT_LEADER_CATHERINE_ABILITY_NAME; Amount=1; SlotType=GREATWORKSLOT_ANY; FromYieldType=YIELD_CULTURE; ToYieldType=YIELD_SCIENCE; Percent=25; Tooltip=LOC_TRAIT_LEADER_CATHERINE_ABILITY_NAME; ModName=LOC_DIPLOMACY_AGENDA_DUSHA_NAME; Tooltip=LOC_DIPLOMACY_AGENDA_DUSHA_DESC; WeightType=DIPLOMACY_AGENDA_COMPARE_NUM_GREAT_WORKS; FirstMeetDelay=20; UpdateFreq=10; AwardTo1=DIPLOMACY_AGENDA_AWARD_HIGHEST; AwardAmtType1=DIPLOMACY_AGENDA_NEG_AMT_MEDIUM; AwardTo2=DIPLOMACY_AGENDA_AWARD_LOWEST; AwardAmtType2=DIPLOMACY_AGENDA_AMT_MEDIUM; NotifyMessage=LOC_NOTIFICATION_DIPLOMATIC_AGENDA_DEFAULT_MESSAGE; NotifySummary=LOC_NOTIFICATION_DIPLOMATIC_AGENDA_DEFAULT_SUMMARY
leader,LEADER_CATHERINE,Catherine the Great,35994bc7-gameplaycopy,,TRAIT_LEADER_ATTRIBUTE_CULTURAL,,,MOD_TRAIT_LEADER_ATTRIBUTE_CULTURAL_TYPE; MOD_TRAIT_LEADER_ATTRIBUTE_UNLOCK_CULTURAL_01_TYPE; MOD_TRAIT_LEADER_ATTRIBUTE_UNLOCK_CULTURAL_02_TYPE,ActionType=DIPLOMACY_ACTION_CULTURAL_EXCHANGE; ActionType=DIPLOMACY_ACTION_SABOTAGE_CIVIC_STUDY
leader,LEADER_CATHERINE,Catherine the Great,35994bc7-gameplaycopy,,TRAIT_LEADER_ATTRIBUTE_SCIENTIFIC,,,MOD_TRAIT_LEADER_ATTRIBUTE_SCIENTIFIC_TYPE; MOD_TRAIT_LEADER_ATTRIBUTE_UNLOCK_SCIENTIFIC_01_TYPE; MOD_TRAIT_LEADER_ATTRIBUTE_UNLOCK_SCIENTIFIC_02_TYPE,ActionType=DIPLOMACY_ACTION_RESEARCH_COLLABORATION; ActionType=DIPLOMACY_ACTION_SABOTAGE_RESEARCH
leader,LEADER_CATHERINE,Catherine the Great,35994bc7-gameplaycopy,,TRAIT_AQ_CULTURE_VICTORY,,,,
leader,LEADER_CATHERINE,Catherine the Great,35994bc7-gameplaycopy,,TRAIT_EX_SCIENCE_VICTORY,,,,
leader,LEADER_CATHERINE,Catherine the Great,35994bc7-gameplaycopy,,TRAIT_MO_SCIENCE_VICTORY,,,,
leader,LEADER_CHARLEMAGNE,Charlemagne,8d4c8700-frontendcopy,,,,,,
leader,LEADER_CHARLEMAGNE,Charlemagne,35994bc7-gameplaycopy,Father of Europe,TRAIT_LEADER_CHARLEMAGNE_ABILITY,"[BLIST][LI][icon:MILITARY] Military and [icon:YIELD_SCIENCE] Science [TIP:LOC_PEDIA_CONCEPTS_BUILDINGS_TOOLTIP]Buildings[/TIP] receive a +1 [icon:YIELD_HAPPINESS] Happiness adjacency for [TIP:LOC_PEDIA_CONCEPTS_DEFENSIVE_FORTIFICATION_TOOLTIP]Fortifications[/TIP].[LI]Gain 2 free [TIP:LOC_PEDIA_CONCEPTS_CAVALRY_UNITS_TOOLTIP]Cavalry Units[/TIP], once unlocked, when entering a [icon:CELEBRATION] [TIP:LOC_PEDIA_CONCEPTS_CELEBRATIONS_TOOLTIP]Celebration[/TIP].[LI]+5 [icon:NAR_REW_COMBAT] [TIP:LOC_PEDIA_CONCEPTS_COMBAT_STRENGTH_TOOLTIP]Combat Strength[/TIP] for [TIP:LOC_PEDIA_CONCEPTS_CAVALRY_UNITS_TOOLTIP]Cavalry Units[/TIP] during a [icon:CELEBRATION] [TIP:LOC_PEDIA_CONCEPTS_CELEBRATIONS_TOOLTIP]Celebration[/TIP].[/BLIST]","• Military and Science Buildings receive a +1 Happiness adjacency for Fortifications.
• Gain 2 free Cavalry Units, once unlocked, when entering a Celebration.
• +5 Combat Strength for Cavalry Units during a Celebration.",CHARLEMAGNE_MOD_MILITARY_BUILDING_ADJACENCY_TYPE; CHARLEMAGNE_MOD_SCIENCE_BUILDING_ADJACENCY_TYPE; CHARLEMAGNE_MOD_UNITS_ON_GOLDEN_AGE_TYPE; CHARLEMAGNE_MOD_CAVALRY_ABILITY_TYPE; CHARLEMAGNE_MOD_AGENDA_THE_GOLDEN_SHEPHERD_TYPE,ConstructibleAdjacency=CharlemagneMilitaryBuildingHappiness; Tooltip=LOC_TRAIT_LEADER_CHARLEMAGNE_ABILITY_NAME; ConstructibleAdjacency=CharlemagneScienceBuildingHappiness; Tooltip=LOC_TRAIT_LEADER_CHARLEMAGNE_ABILITY_NAME; UnitTag=UNIT_CLASS_CAVALRY; Amount=2; AllowUniqueOverride=true; AbilityType=ABILITY_CHARLEMAGNE_CAVALRY; ModName=LOC_DIPLOMACY_AGENDA_THE_GOLDEN_SHEPHERD_NAME; Tooltip=LOC_DIPLOMACY_AGENDA_THE_GOLDEN_SHEPHERD_DESC; WeightType=DIPLOMACY_AGENDA_COMPARE_GOLDEN_AGES; FirstMeetDelay=20; UpdateFreq=10; AwardTo1=DIPLOMACY_AGENDA_AWARD_HIGHEST; AwardAmtType1=DIPLOMACY_AGENDA_AMT_MEDIUM; AwardTo2=DIPLOMACY_AGENDA_AWARD_LOWEST; AwardAmtType2=DIPLOMACY_AGENDA_NEG_AMT_MEDIUM; NotifyMessage=LOC_NOTIFICATION_DIPLOMATIC_AGENDA_DEFAULT_MESSAGE; NotifySummary=LOC_NOTIFICATION_DIPLOMATIC_AGENDA_DEFAULT_SUMMARY
leader,LEADER_CHARLEMAGNE,Charlemagne,35994bc7-gameplaycopy,,TRAIT_LEADER_ATTRIBUTE_MILITARISTIC,,,MOD_TRAIT_LEADER_ATTRIBUTE_MILITARISTIC_TYPE; MOD_TRAIT_LEADER_ATTRIBUTE_UNLOCK_MILITARISTIC_01_TYPE; MOD_TRAIT_LEADER_ATTRIBUTE_UNLOCK_MILITARISTIC_02_TYPE,ActionType=DIPLOMACY_ACTION_MILITARY_AID; ActionType=DIPLOMACY_ACTION_SABOTAGE_MILITARY_PRODUCTION
leader,LEADER_CHARLEMAGNE,Charlemagne,35994bc7-gameplaycopy,,TRAIT_LEADER_ATTRIBUTE_SCIENTIFIC,,,MOD_TRAIT_LEADER_ATTRIBUTE_SCIENTIFIC_TYPE; MOD_TRAIT_LEADER_ATTRIBUTE_UNLOCK_SCIENTIFIC_01_TYPE; MOD_TRAIT_LEADER_ATTRIBUTE_UNLOCK_SCIENTIFIC_02_TYPE,ActionType=DIPLOMACY_ACTION_RESEARCH_COLLABORATION; ActionType=DIPLOMACY_ACTION_SABOTAGE_RESEARCH
leader,LEADER_CHARLEMAGNE,Charlemagne,35994bc7-gameplaycopy,,TRAIT_AQ_SCIENCE_VICTORY,,,,
leader,LEADER_CHARLEMAGNE,Charlemagne,35994bc7-gameplaycopy,,TRAIT_EX_CULTURE_VICTORY,,,,
leader,LEADER_CHARLEMAGNE,Charlemagne,35994bc7-gameplaycopy,,TRAIT_MO_MILITARY_VICTORY,,,,
leader,LEADER_CONFUCIUS,Confucius,8d4c8700-frontendcopy,,,,,,
leader,LEADER_CONFUCIUS,Confucius,35994bc7-gameplaycopy,Keju,TRAIT_LEADER_CONFUCIUS_ABILITY,[BLIST][LI]+25% [icon:GROWTH_RATE] [TIP:LOC_PEDIA_CONCEPTS_GROWTH_RATE_TOOLTIP]Growth Rate[/TIP] in [icon:YIELD_CITIES] [TIP:LOC_PEDIA_CONCEPTS_CITIES_TOOLTIP]Cities[/TIP].[LI]+2 [icon:YIELD_SCIENCE] Science from [icon:SPECIALIST] [TIP:LOC_PEDIA_CONCEPTS_SPECIALIST_TOOLTIP]Specialists[/TIP].[/BLIST],"• +25% Growth Rate in Cities.
• +2 Science from Specialists.",CONFUCIUS_MOD_CITY_GROWTH_TYPE; CONFUCIUS_MOD_WORKER_SCIENCE_TYPE; CONFUCIUS_MOD_AGENDA_GUANXI_TYPE,Percent=25; Tooltip=LOC_TRAIT_LEADER_CONFUCIUS_ABILITY_NAME; YieldType=YIELD_SCIENCE; Amount=2; Tooltip=LOC_TRAIT_LEADER_CONFUCIUS_ABILITY_NAME; ModName=LOC_DIPLOMACY_AGENDA_GUANXI_NAME; Tooltip=LOC_DIPLOMACY_AGENDA_GUANXI_DESC; WeightType=DIPLOMACY_AGENDA_COMPARE_DISTRICT_SPECIALISTS; FirstMeetDelay=20; UpdateFreq=10; AwardTo1=DIPLOMACY_AGENDA_AWARD_HIGHEST; AwardAmtType1=DIPLOMACY_AGENDA_AMT_MEDIUM; AwardTo2=DIPLOMACY_AGENDA_AWARD_LOWEST; AwardAmtType2=DIPLOMACY_AGENDA_NEG_AMT_SMALL; NotifyMessage=LOC_NOTIFICATION_DIPLOMATIC_AGENDA_DEFAULT_MESSAGE; NotifySummary=LOC_NOTIFICATION_DIPLOMATIC_AGENDA_DEFAULT_SUMMARY
leader,LEADER_CONFUCIUS,Confucius,35994bc7-gameplaycopy,,TRAIT_LEADER_ATTRIBUTE_EXPANSIONIST,,,MOD_TRAIT_LEADER_ATTRIBUTE_EXPANSIONIST_TYPE; MOD_TRAIT_LEADER_ATTRIBUTE_UNLOCK_EXPANSIONIST_01_TYPE; MOD_TRAIT_LEADER_ATTRIBUTE_UNLOCK_EXPANSIONIST_02_TYPE,ActionType=DIPLOMACY_ACTION_FARMERS_MARKET; ActionType=DIPLOMACY_ACTION_SABOTAGE_FOOD_PRODUCTION
leader,LEADER_CONFUCIUS,Confucius,35994bc7-gameplaycopy,,TRAIT_LEADER_ATTRIBUTE_SCIENTIFIC,,,MOD_TRAIT_LEADER_ATTRIBUTE_SCIENTIFIC_TYPE; MOD_TRAIT_LEADER_ATTRIBUTE_UNLOCK_SCIENTIFIC_01_TYPE; MOD_TRAIT_LEADER_ATTRIBUTE_UNLOCK_SCIENTIFIC_02_TYPE,ActionType=DIPLOMACY_ACTION_RESEARCH_COLLABORATION; ActionType=DIPLOMACY_ACTION_SABOTAGE_RESEARCH
leader,LEADER_CONFUCIUS,Confucius,35994bc7-gameplaycopy,,TRAIT_AQ_SCIENCE_VICTORY,,,,
leader,LEADER_CONFUCIUS,Confucius,35994bc7-gameplaycopy,,TRAIT_EX_SCIENCE_VICTORY,,,,
leader,LEADER_CONFUCIUS,Confucius,35994bc7-gameplaycopy,,TRAIT_MO_SCIENCE_VICTORY,,,,
leader,LEADER_FRIEDRICH,"Friedrich, Oblique",8d4c8700-frontendcopy,,,,,,
leader,LEADER_FRIEDRICH,"Friedrich, Oblique",35994bc7-gameplaycopy,Berlin Academy,TRAIT_LEADER_FRIEDRICH_ABILITY,"[BLIST][LI][icon:UNIT_ARMY_COMMANDER] [TIP:LOC_PEDIA_CONCEPTS_COMMANDER_TOOLTIP]Army Commanders[/TIP] start with the Merit [TIP:LOC_PEDIA_CONCEPTS_COMMENDATION_TOOLTIP]Commendation[/TIP], granting them +1 [icon:COMMANDER_RADIUS] [TIP:LOC_PEDIA_CONCEPTS_COMMAND_RADIUS_TOOLTIP]Command Radius[/TIP].[LI]Gain an [TIP:LOC_PEDIA_CONCEPTS_INFANTRY_UNITS_TOOLTIP]Infantry Unit[/TIP] when you complete a [icon:RADIAL_TECH] [TIP:LOC_PEDIA_CONCEPTS_TECH_TOOLTIP]Technology Mastery[/TIP] or construct a [icon:YIELD_SCIENCE] Science [TIP:LOC_PEDIA_CONCEPTS_BUILDINGS_TOOLTIP]Building[/TIP].[LI]+2 [icon:YIELD_SCIENCE]Science per [TIP:LOC_PEDIA_CONCEPTS_AGE_TOOLTIP]Age[/TIP] for each [TIP:LOC_PEDIA_CONCEPTS_COMMENDATION_TOOLTIP]Commendation[/TIP] earned by your [TIP:LOC_PEDIA_CONCEPTS_COMMANDER_TOOLTIP]Commanders[/TIP].[/BLIST]","• Army Commanders start with the Merit Commendation, granting them +1 Command Radius.
• Gain an Infantry Unit when you complete a Technology Mastery or construct a Science Building.
• +2 ScienceScience per Age for each Commendation earned by your Commanders.",FRIEDRICH_MOD_COMMANDER_COMMENDATION_TYPE; FRIEDRICH_MOD_COMMENDATION_SCIENCE_YIELD_TYPE; FRIEDRICH_MOD_INFANTRY_CONSTRUCT_SCIENCE_TYPE; FRIEDRICH_MOD_INFANTRY_TECH_TYPE; FRIEDRICH_MOD_AGENDA_TO_ARMS_TYPE,UnitPromotionType=PROMOTION_COMMENDATION_ARMY_MERIT; UnitPromotionDisciplineType=DISCIPLINE_ARMY_COMMENDATION_MERIT; YieldType=YIELD_SCIENCE; Amount=2; CommendationsOnly=true; AllowUniqueOverride=true; UnitTag=UNIT_CLASS_INFANTRY; Amount=1; SystemType=SYSTEM_TECH; UnitTag=UNIT_CLASS_INFANTRY; AllowUniqueOverride=true; Amount=1; Depth=2; ModName=LOC_DIPLOMACY_AGENDA_TO_ARMS_NAME; Tooltip=LOC_DIPLOMACY_AGENDA_TO_ARMS_DESC; WeightType=DIPLOMACY_AGENDA_COMPARE_NUM_COMBAT_UNITS; FirstMeetDelay=20; UpdateFreq=10; AwardTo1=DIPLOMACY_AGENDA_AWARD_LOWEST; AwardAmtType1=DIPLOMACY_AGENDA_NEG_AMT_MEDIUM; AwardTo2=DIPLOMACY_AGENDA_AWARD_HIGHEST; AwardAmtType2=DIPLOMACY_AGENDA_AMT_SMALL; NotifyMessage=LOC_NOTIFICATION_DIPLOMATIC_AGENDA_DEFAULT_MESSAGE; NotifySummary=LOC_NOTIFICATION_DIPLOMATIC_AGENDA_DEFAULT_SUMMARY
leader,LEADER_FRIEDRICH,"Friedrich, Oblique",35994bc7-gameplaycopy,,TRAIT_LEADER_ATTRIBUTE_MILITARISTIC,,,MOD_TRAIT_LEADER_ATTRIBUTE_MILITARISTIC_TYPE; MOD_TRAIT_LEADER_ATTRIBUTE_UNLOCK_MILITARISTIC_01_TYPE; MOD_TRAIT_LEADER_ATTRIBUTE_UNLOCK_MILITARISTIC_02_TYPE,ActionType=DIPLOMACY_ACTION_MILITARY_AID; ActionType=DIPLOMACY_ACTION_SABOTAGE_MILITARY_PRODUCTION
leader,LEADER_FRIEDRICH,"Friedrich, Oblique",35994bc7-gameplaycopy,,TRAIT_LEADER_ATTRIBUTE_SCIENTIFIC,,,MOD_TRAIT_LEADER_ATTRIBUTE_SCIENTIFIC_TYPE; MOD_TRAIT_LEADER_ATTRIBUTE_UNLOCK_SCIENTIFIC_01_TYPE; MOD_TRAIT_LEADER_ATTRIBUTE_UNLOCK_SCIENTIFIC_02_TYPE,ActionType=DIPLOMACY_ACTION_RESEARCH_COLLABORATION; ActionType=DIPLOMACY_ACTION_SABOTAGE_RESEARCH
leader,LEADER_FRIEDRICH,"Friedrich, Oblique",35994bc7-gameplaycopy,,TRAIT_AQ_MILITARY_VICTORY,,,,
leader,LEADER_FRIEDRICH,"Friedrich, Oblique",35994bc7-gameplaycopy,,TRAIT_EX_MILITARY_VICTORY,,,,
leader,LEADER_FRIEDRICH,"Friedrich, Oblique",35994bc7-gameplaycopy,,TRAIT_MO_MILITARY_VICTORY,,,,
leader,LEADER_HARRIET_TUBMAN,Harriet Tubman,8d4c8700-frontendcopy,,,,,,
leader,LEADER_HARRIET_TUBMAN,Harriet Tubman,35994bc7-gameplaycopy,Combahee Raid,TRAIT_LEADER_HARRIET_TUBMAN_ABILITY,[BLIST][LI]+100% [icon:YIELD_DIPLOMACY] Influence towards initiating [icon:ESPIONAGE] [TIP:LOC_PEDIA_CONCEPTS_ESPIONAGE_TOOLTIP]Espionage[/TIP] Actions. Gain a Migrant in the Capital whenever you complete an [TIP:LOC_PEDIA_CONCEPTS_ESPIONAGE_TOOLTIP]Espionage[/TIP] Action without being detected.[LI]Gain 5 [icon:WAR_SUPPORT] [TIP:LOC_PEDIA_CONCEPTS_WAR_SUPPORT_TOOLTIP]War Support[/TIP] on all [icon:WAR] Wars declared against you.[LI][icon:CITY_UNIMPROVED] [TIP:LOC_PEDIA_CONCEPTS_VEGETATED_TERRAIN_TOOLTIP]Vegetated Terrain[/TIP] does not end Unit [icon:Action_Move] Movement.[/BLIST],"• +100% Influence towards initiating Espionage Actions. Gain a Migrant in the Capital whenever you complete an Espionage Action without being detected.
• Gain 5 War Support on all Wars declared against you.
• Vegetated Terrain does not end Unit Movement.",HARRIET_TUBMAN_MOD_ADJUST_ESPIONAGE_TYPE; HARRIET_TUBMAN_MOD_ESPIONAGE_MIGRANT_TYPE; HARRIET_TUBMAN_MOD_WAR_SUPPORT_TYPE; HARRIET_TUBMAN_MOD_IGNORE_VEGETATION_TYPE; HARRIET_TUBMAN_MOD_AGENDA_VERACITY_TYPE,ActionGroupType=DIPLOMACY_ACTION_GROUP_ESPIONAGE; Percent=100; UnitType=UNIT_MIGRANT; ActionType=DIPLOMACY_ACTION_DECLARE_WAR; OnlyWhenTarget=true; Amount=5; FeatureClassTypes=FEATURE_CLASS_VEGETATED; ModName=LOC_DIPLOMACY_AGENDA_VERACITY_NAME; Tooltip=LOC_DIPLOMACY_AGENDA_VERACITY_DESC; AwardAmtTypeFormal=DIPLOMACY_AGENDA_AMT_MEDIUM; AwardAmtTypeSurprise=DIPLOMACY_AGENDA_NEG_AMT_MEDIUM; NotifyMessage=LOC_NOTIFICATION_DIPLOMATIC_AGENDA_DEFAULT_MESSAGE; NotifySummary=LOC_NOTIFICATION_DIPLOMATIC_AGENDA_DEFAULT_SUMMARY
leader,LEADER_HARRIET_TUBMAN,Harriet Tubman,35994bc7-gameplaycopy,,TRAIT_LEADER_ATTRIBUTE_POLITICAL,,,MOD_TRAIT_LEADER_ATTRIBUTE_POLITICAL_TYPE; MOD_TRAIT_LEADER_ATTRIBUTE_UNLOCK_POLITICAL_01_TYPE; MOD_TRAIT_LEADER_ATTRIBUTE_UNLOCK_POLITICAL_02_TYPE,ActionType=DIPLOMACY_ACTION_LOCAL_FESTIVALS; ActionType=DIPLOMACY_ACTION_SABOTAGE_MORALE
leader,LEADER_HARRIET_TUBMAN,Harriet Tubman,35994bc7-gameplaycopy,,TRAIT_LEADER_ATTRIBUTE_MILITARISTIC,,,MOD_TRAIT_LEADER_ATTRIBUTE_MILITARISTIC_TYPE; MOD_TRAIT_LEADER_ATTRIBUTE_UNLOCK_MILITARISTIC_01_TYPE; MOD_TRAIT_LEADER_ATTRIBUTE_UNLOCK_MILITARISTIC_02_TYPE,ActionType=DIPLOMACY_ACTION_MILITARY_AID; ActionType=DIPLOMACY_ACTION_SABOTAGE_MILITARY_PRODUCTION
leader,LEADER_HARRIET_TUBMAN,Harriet Tubman,35994bc7-gameplaycopy,,TRAIT_AQ_MILITARY_VICTORY,,,,
leader,LEADER_HARRIET_TUBMAN,Harriet Tubman,35994bc7-gameplaycopy,,TRAIT_EX_MILITARY_VICTORY,,,,
leader,LEADER_HARRIET_TUBMAN,Harriet Tubman,35994bc7-gameplaycopy,,TRAIT_MO_MILITARY_VICTORY,,,,
leader,LEADER_HATSHEPSUT,Hatshepsut,8d4c8700-frontendcopy,,,,,,
leader,LEADER_HATSHEPSUT,Hatshepsut,35994bc7-gameplaycopy,God's Wife of Amun,TRAIT_LEADER_HATSHEPSUT_ABILITY,[BLIST][LI]+1 [icon:YIELD_CULTURE] Culture per [TIP:LOC_PEDIA_CONCEPTS_AGE_TOOLTIP]Age[/TIP] for every unique [icon:RADIAL_RESOURCES] [TIP:LOC_PEDIA_CONCEPTS_RESOURCES_TOOLTIP]Resource[/TIP].[LI]+15% [icon:YIELD_PRODUCTION] Production towards constructing [icon:CITY_BUILDING_LIST] [TIP:LOC_PEDIA_CONCEPTS_BUILDINGS_TOOLTIP]Buildings[/TIP] and [icon:WONDER] [TIP:LOC_PEDIA_CONCEPTS_WONDERS_TOOLTIP]Wonders[/TIP] in [icon:YIELD_CITIES] [TIP:LOC_PEDIA_CONCEPTS_CITIES_TOOLTIP]Cities[/TIP] adjacent to [TIP:LOC_PEDIA_CONCEPTS_NAVIGABLE_RIVER_TOOLTIP]Navigable Rivers[/TIP].[/BLIST],"• +1 Culture per Age for every unique Resource.
• +15% Production towards constructing Buildings and Wonders in Cities adjacent to Navigable Rivers.",HATSHEPSUT_MOD_CULTURE_FROM_RESOURCES_TYPE; HATSHEPSUT_MOD_BUILDING_PRODUCTION_RIVER_TYPE; HATSHEPSUT_MOD_AGENDA_WONDERS_OF_ITERU_TYPE,YieldType=YIELD_CULTURE; Amount=1; Percent=15; Tooltip=LOC_TRAIT_LEADER_HATSHEPSUT_ABILITY_NAME; ModName=LOC_DIPLOMACY_AGENDA_WONDERS_OF_ITERU_NAME; Tooltip=LOC_DIPLOMACY_AGENDA_WONDERS_OF_ITERU_DESC; WeightType=DIPLOMACY_AGENDA_COMPARE_NUM_WONDERS; FirstMeetDelay=20; UpdateFreq=10; AwardTo1=DIPLOMACY_AGENDA_AWARD_HIGHER; AwardAmtType1=DIPLOMACY_AGENDA_NEG_AMT_MEDIUM; AwardTo2=DIPLOMACY_AGENDA_AWARD_LOWER; AwardAmtType2=DIPLOMACY_AGENDA_AMT_MEDIUM; NotifyMessage=LOC_NOTIFICATION_DIPLOMATIC_AGENDA_DEFAULT_MESSAGE; NotifySummary=LOC_NOTIFICATION_DIPLOMATIC_AGENDA_DEFAULT_SUMMARY
leader,LEADER_HATSHEPSUT,Hatshepsut,35994bc7-gameplaycopy,,TRAIT_LEADER_ATTRIBUTE_CULTURAL,,,MOD_TRAIT_LEADER_ATTRIBUTE_CULTURAL_TYPE; MOD_TRAIT_LEADER_ATTRIBUTE_UNLOCK_CULTURAL_01_TYPE; MOD_TRAIT_LEADER_ATTRIBUTE_UNLOCK_CULTURAL_02_TYPE,ActionType=DIPLOMACY_ACTION_CULTURAL_EXCHANGE; ActionType=DIPLOMACY_ACTION_SABOTAGE_CIVIC_STUDY
leader,LEADER_HATSHEPSUT,Hatshepsut,35994bc7-gameplaycopy,,TRAIT_LEADER_ATTRIBUTE_ECONOMIC,,,MOD_TRAIT_LEADER_ATTRIBUTE_ECONOMIC_TYPE; MOD_TRAIT_LEADER_ATTRIBUTE_UNLOCK_ECONOMIC_01_TYPE; MOD_TRAIT_LEADER_ATTRIBUTE_UNLOCK_ECONOMIC_02_TYPE,ActionType=DIPLOMACY_ACTION_MINOR_TRADE; ActionType=DIPLOMACY_ACTION_SABOTAGE_TREASURY
leader,LEADER_HATSHEPSUT,Hatshepsut,35994bc7-gameplaycopy,,TRAIT_AQ_CULTURE_VICTORY,,,,
leader,LEADER_HATSHEPSUT,Hatshepsut,35994bc7-gameplaycopy,,TRAIT_EX_ECONOMIC_VICTORY,,,,
leader,LEADER_HATSHEPSUT,Hatshepsut,35994bc7-gameplaycopy,,TRAIT_MO_CULTURE_VICTORY,,,,
leader,LEADER_HIMIKO,"Himiko, Queen of Wa",8d4c8700-frontendcopy,,,,,,
leader,LEADER_HIMIKO,"Himiko, Queen of Wa",35994bc7-gameplaycopy,Friend of Wei,TRAIT_LEADER_HIMIKO_ABILITY,"[BLIST][LI]Gain a unique [icon:ENDEAVOR] [TIP:LOC_PEDIA_CONCEPTS_ENDEAVOR_TOOLTIP]Endeavor[/TIP] called Friend of Wei that can be performed in an [icon:PLAYER_RELATIONSHIP_ALLIANCE]  [TIP:LOC_PEDIA_CONCEPTS_ALLIANCE_TOOLTIP]Alliance[/TIP] to grant you and your ally +25% [icon:YIELD_SCIENCE] Science.[LI]+4 [icon:YIELD_SCIENCE] Science per [TIP:LOC_PEDIA_CONCEPTS_AGE_TOOLTIP]Age[/TIP] for every Leader you are [icon:PLAYER_RELATIONSHIP_FRIENDLY] Friendly or [icon:PLAYER_RELATIONSHIP_HELPFUL] Helpful with.[LI]Can Support [icon:ENDEAVOR] [TIP:LOC_PEDIA_CONCEPTS_ENDEAVOR_TOOLTIP]Endeavors[/TIP] for free, but Rejecting [icon:DIPLOMATIC_ACTION] Diplomatic Actions costs +100% [icon:YIELD_DIPLOMACY] Influence.[/BLIST]","• Gain a unique Endeavor called Friend of Wei that can be performed in an Alliance to grant you and your ally +25% Science.
• +4 Science per Age for every Leader you are Friendly or Helpful with.
• Can Support Endeavors for free, but Rejecting Diplomatic Actions costs +100% Influence.",HIMIKO_MOD_FRIEND_OF_WA_TYPE; HIMIKO_MOD_SCIENCE_BONUS_FRIENDLY_TYPE; HIMIKO_MOD_SCIENCE_BONUS_HELPFUL_TYPE; HIMIKO_MOD_NO_COST_ENDEAVOR_ACCEPT_TYPE; HIMIKO_MOD_DIPLOMATIC_RESPONSE_REJECT_COST_INCREASE_TYPE; HIMIKO_MOD_AGENDA_YAMATAI_TYPE,ActionType=DIPLOMACY_ACTION_FRIEND_OF_WA; RelationshipType=PLAYER_RELATIONSHIP_FRIENDLY; YieldType=YIELD_SCIENCE; Amount=4; RelationshipType=PLAYER_RELATIONSHIP_HELPFUL; YieldType=YIELD_SCIENCE; Amount=4; ModName=LOC_DIPLOMACY_NO_COST_ENDEAVOR_SUPPORT_NAME; Tooltip=LOC_DIPLOMACY_NO_COST_ENDEAVOR_SUPPORT_DESC; Modifier1Type=DIPLOMACY_BASIC_MODIFIER_VALUE_SUPPORT_ENDEAVOR_DISCOUNT; Modifier1Value=100.0; NotifyMessage=LOC_NOTIFICATION_DIPLOMATIC_AGENDA_DEFAULT_MESSAGE; NotifySummary=LOC_NOTIFICATION_DIPLOMATIC_AGENDA_DEFAULT_SUMMARY; ResponseType=DIPLOMACY_RESPONSE_REJECT; Percent=100; ApplyToTarget=true; Reverse=true; ModName=LOC_DIPLOMACY_AGENDA_YAMATAI_NAME; Tooltip=LOC_DIPLOMACY_AGENDA_YAMATAI_DESC; WeightType=DIPLOMACY_AGENDA_COMPARE_DISTRICTS2; FirstMeetDelay=20; UpdateFreq=10; AwardTo1=DIPLOMACY_AGENDA_AWARD_ALL; AwardAmtType1=DIPLOMACY_AGENDA_NEG_AMT_SMALL; Arg1=CULTURE; Arg2=HAPPINESS; AwardTo2=DIPLOMACY_AGENDA_AWARD_ALL; AwardAmtType2=DIPLOMACY_AGENDA_AMT_SMALL; Arg3=SCIENCE; Arg4=GOLD; NotifyMessage=LOC_NOTIFICATION_DIPLOMATIC_AGENDA_DEFAULT_MESSAGE; NotifySummary=LOC_NOTIFICATION_DIPLOMATIC_AGENDA_DEFAULT_SUMMARY
leader,LEADER_HIMIKO,"Himiko, Queen of Wa",35994bc7-gameplaycopy,,TRAIT_LEADER_ATTRIBUTE_POLITICAL,,,MOD_TRAIT_LEADER_ATTRIBUTE_POLITICAL_TYPE; MOD_TRAIT_LEADER_ATTRIBUTE_UNLOCK_POLITICAL_01_TYPE; MOD_TRAIT_LEADER_ATTRIBUTE_UNLOCK_POLITICAL_02_TYPE,ActionType=DIPLOMACY_ACTION_LOCAL_FESTIVALS; ActionType=DIPLOMACY_ACTION_SABOTAGE_MORALE
leader,LEADER_HIMIKO,"Himiko, Queen of Wa",35994bc7-gameplaycopy,,TRAIT_LEADER_ATTRIBUTE_SCIENTIFIC,,,MOD_TRAIT_LEADER_ATTRIBUTE_SCIENTIFIC_TYPE; MOD_TRAIT_LEADER_ATTRIBUTE_UNLOCK_SCIENTIFIC_01_TYPE; MOD_TRAIT_LEADER_ATTRIBUTE_UNLOCK_SCIENTIFIC_02_TYPE,ActionType=DIPLOMACY_ACTION_RESEARCH_COLLABORATION; ActionType=DIPLOMACY_ACTION_SABOTAGE_RESEARCH
leader,LEADER_HIMIKO,"Himiko, Queen of Wa",35994bc7-gameplaycopy,,TRAIT_AQ_SCIENCE_VICTORY,,,,
leader,LEADER_HIMIKO,"Himiko, Queen of Wa",35994bc7-gameplaycopy,,TRAIT_EX_CULTURE_VICTORY,,,,
leader,LEADER_HIMIKO,"Himiko, Queen of Wa",35994bc7-gameplaycopy,,TRAIT_MO_SCIENCE_VICTORY,,,,
leader,LEADER_IBN_BATTUTA,Ibn Battuta,8d4c8700-frontendcopy,,,,,,
leader,LEADER_IBN_BATTUTA,Ibn Battuta,35994bc7-gameplaycopy,The Marvels of Traveling,TRAIT_LEADER_IBN_BATTUTA_ABILITY,[BLIST][LI]Gains 2 [icon:ATTRIBUTE_WILDCARD] [TIP:LOC_PEDIA_CONCEPTS_ATTRIBUTE_TOOLTIP]Wildcard Attribute[/TIP] Points after the first [icon:RADIAL_CIVICS] [TIP:LOC_PEDIA_CONCEPTS_CIVIC_TOOLTIP]Civic[/TIP] in every [TIP:LOC_PEDIA_CONCEPTS_AGE_TOOLTIP]Age[/TIP].[LI]+1 [icon:Action_Showall] [TIP:LOC_PEDIA_CONCEPTS_SIGHT_TOOLTIP]Sight[/TIP] for all Units.[LI]Gain a unique [icon:ENDEAVOR] [TIP:LOC_PEDIA_CONCEPTS_ENDEAVOR_TOOLTIP]Endeavor[/TIP] called Trade Maps that allows you to gradually see other Leaders' claimed territory.[/BLIST],"• Gains 2 Wildcard Attribute Points after the first Civic in every Age.
• +1 Sight for all Units.
• Gain a unique Endeavor called Trade Maps that allows you to gradually see other Leaders' claimed territory.",IBN_BATTUTA_MOD_WILDCARD_ATTRIBUTE_TYPE; MOD_TRAIT_LEADER_ATTRIBUTE_UNLOCK_EXPANSIONIST_01_TYPE; MOD_TRAIT_LEADER_ATTRIBUTE_UNLOCK_EXPANSIONIST_02_TYPE; IBN_BATTUTA_MOD_UNIT_SIGHT_TYPE; IBN_BATTUTA_MOD_TRADE_MAP_TYPE; IBN_BATTUTA_MOD_AGENDA_FAR_AND_WIDE_TYPE,ActionType=DIPLOMACY_ACTION_FARMERS_MARKET; ActionType=DIPLOMACY_ACTION_SABOTAGE_FOOD_PRODUCTION; Amount=1; ActionType=DIPLOMACY_ACTION_TRADE_MAP; ModName=LOC_DIPLOMACY_AGENDA_FAR_AND_WIDE_NAME; Tooltip=LOC_DIPLOMACY_AGENDA_FAR_AND_WIDE_DESC; WeightType=DIPLOMACY_AGENDA_COMPARE_REVEALED_TILES; FirstMeetDelay=10; UpdateFreq=10; AwardTo1=DIPLOMACY_AGENDA_AWARD_HIGHEST; AwardAmtType1=DIPLOMACY_AGENDA_AMT_LARGE; AwardTo2=DIPLOMACY_AGENDA_AWARD_LOWEST; AwardAmtType2=DIPLOMACY_AGENDA_NEG_AMT_SMALL; NotifyMessage=LOC_NOTIFICATION_DIPLOMATIC_AGENDA_DEFAULT_MESSAGE; NotifySummary=LOC_NOTIFICATION_DIPLOMATIC_AGENDA_DEFAULT_SUMMARY
leader,LEADER_ISABELLA,Isabella,8d4c8700-frontendcopy,,,,,,
leader,LEADER_ISABELLA,Isabella,35994bc7-gameplaycopy,Seven Cities of Gold,TRAIT_LEADER_ISABELLA_ABILITY,[BLIST][LI]Gain 100 [icon:YIELD_GOLD] Gold per [TIP:LOC_PEDIA_CONCEPTS_AGE_TOOLTIP]Age[/TIP] every time you discover a [icon:NOTIFICATION_DISCOVER_NATURAL_WONDER] Natural Wonder. This is doubled if the Natural Wonder is in [TIP:LOC_PEDIA_CONCEPTS_DISTANT_LANDS_TOOLTIP]Distant Lands[/TIP].[LI]+50% tile yields from [icon:NOTIFICATION_DISCOVER_NATURAL_WONDER] Natural Wonders for every Natural Wonder in your Empire.[LI]+50% [icon:YIELD_GOLD] Gold towards purchasing [TIP:LOC_PEDIA_CONCEPTS_NAVAL_UNITS_TOOLTIP]Naval Units[/TIP].[LI]-1 [icon:YIELD_GOLD] Gold [TIP:LOC_PEDIA_CONCEPTS_MAINTENANCE_TOOLTIP]maintenance[/TIP] for [TIP:LOC_PEDIA_CONCEPTS_NAVAL_UNITS_TOOLTIP]Naval Units[/TIP].[/BLIST],"• Gain 100 Gold per Age every time you discover a Natural Wonder. This is doubled if the Natural Wonder is in Distant Lands.
• +50% tile yields from Natural Wonders for every Natural Wonder in your Empire.
• +50% Gold towards purchasing Naval Units.
• -1 Gold maintenance for Naval Units.",ISABELLA_MOD_NATURAL_WONDER_DISCOVERY_TYPE; ISABELLA_MOD_DOUBLE_NATURAL_WONDERS_ABILITY_TYPE; ISABELLA_MOD_NAVAL_UNIT_PURCHASE_TYPE; ISABELLA_MOD_NAVAL_UNIT_MAINTENANCE_TYPE; ISABELLA_MOD_AGENDA_WONDERLUST_TYPE,"YieldType=YIELD_GOLD; Amount=100; DistantLandBonus=100; Tooltip=LOC_TRAIT_LEADER_ISABELLA_ABILITY_NAME; YieldType=YIELD_FOOD, YIELD_PRODUCTION, YIELD_GOLD, YIELD_SCIENCE, YIELD_CULTURE, YIELD_HAPPINESS, YIELD_DIPLOMACY; Percent=50; Tooltip=LOC_TRAIT_LEADER_ISABELLA_ABILITY_NAME; UnitTag=UNIT_CLASS_NAVAL; Percent=50; UnitTag=UNIT_CLASS_NAVAL; Amount=1; ModName=LOC_DIPLOMACY_AGENDA_WONDERLUST_NAME; Tooltip=LOC_DIPLOMACY_AGENDA_WONDERLUST_DESC; WeightType=DIPLOMACY_AGENDA_COMPARE_NUM_NATURAL_WONDERS; FirstMeetDelay=20; UpdateFreq=10; AwardTo1=DIPLOMACY_AGENDA_AWARD_ALL; AwardAmtType1=DIPLOMACY_AGENDA_NEG_AMT_MEDIUM; AwardTo2=DIPLOMACY_AGENDA_AWARD_NONE; AwardAmtType2=DIPLOMACY_AGENDA_AMT_SMALL; NotifyMessage=LOC_NOTIFICATION_DIPLOMATIC_AGENDA_DEFAULT_MESSAGE; NotifySummary=LOC_NOTIFICATION_DIPLOMATIC_AGENDA_DEFAULT_SUMMARY"
leader,LEADER_ISABELLA,Isabella,35994bc7-gameplaycopy,,TRAIT_LEADER_ATTRIBUTE_ECONOMIC,,,MOD_TRAIT_LEADER_ATTRIBUTE_ECONOMIC_TYPE; MOD_TRAIT_LEADER_ATTRIBUTE_UNLOCK_ECONOMIC_01_TYPE; MOD_TRAIT_LEADER_ATTRIBUTE_UNLOCK_ECONOMIC_02_TYPE,ActionType=DIPLOMACY_ACTION_MINOR_TRADE; ActionType=DIPLOMACY_ACTION_SABOTAGE_TREASURY
leader,LEADER_ISABELLA,Isabella,35994bc7-gameplaycopy,,TRAIT_LEADER_ATTRIBUTE_EXPANSIONIST,,,MOD_TRAIT_LEADER_ATTRIBUTE_EXPANSIONIST_TYPE; MOD_TRAIT_LEADER_ATTRIBUTE_UNLOCK_EXPANSIONIST_01_TYPE; MOD_TRAIT_LEADER_ATTRIBUTE_UNLOCK_EXPANSIONIST_02_TYPE,ActionType=DIPLOMACY_ACTION_FARMERS_MARKET; ActionType=DIPLOMACY_ACTION_SABOTAGE_FOOD_PRODUCTION
leader,LEADER_ISABELLA,Isabella,35994bc7-gameplaycopy,,TRAIT_AQ_ECONOMIC_VICTORY,,,,
leader,LEADER_ISABELLA,Isabella,35994bc7-gameplaycopy,,TRAIT_EX_ECONOMIC_VICTORY,,,,
leader,LEADER_ISABELLA,Isabella,35994bc7-gameplaycopy,,TRAIT_MO_ECONOMIC_VICTORY,,,,
leader,LEADER_JOSE_RIZAL,José Rizal,8d4c8700-frontendcopy,,,,,,
leader,LEADER_JOSE_RIZAL,José Rizal,35994bc7-gameplaycopy,Pambansang Bayani,TRAIT_LEADER_JOSE_RIZAL_ABILITY,"[BLIST][LI]When gaining rewards from a [icon:NAR_REW_DEFAULT] Narrative Event, gain an additional 20 [icon:YIELD_CULTURE] Culture, [icon:YIELD_GOLD] Gold and [icon:YIELD_DIPLOMACY] Influence per [TIP:LOC_PEDIA_CONCEPTS_AGE_TOOLTIP]Age[/TIP].[LI]Has additional [icon:NAR_REW_DEFAULT] Narrative Events.[LI]+50% [icon:CELEBRATION] [TIP:LOC_PEDIA_CONCEPTS_CELEBRATIONS_TOOLTIP]Celebration[/TIP] duration.[LI]+50% [icon:YIELD_HAPPINESS] Happiness towards [icon:CELEBRATION] [TIP:LOC_PEDIA_CONCEPTS_CELEBRATIONS_TOOLTIP]Celebrations[/TIP].[/BLIST]","• When gaining rewards from a Narrative Event, gain an additional 20 Culture, Gold and Influence per Age.
• Has additional Narrative Events.
• +50% Celebration duration.
• +50% Happiness towards Celebrations.",RIZAL_MOD_NARRATIVE_EVENT_CULTURE_TYPE; RIZAL_MOD_NARRATIVE_EVENT_GOLD_TYPE; RIZAL_MOD_NARRATIVE_EVENT_INFLUENCE_TYPE; RIZAL_MOD_EXTRA_STORIES_TYPE; RIZAL_MOD_EXTRA_STORIES2_TYPE; RIZAL_MOD_CELEBRATION_LENGTH_TYPE; RIZAL_MOD_CELEBRATION_HAPPINESS_TYPE; RIZAL_MOD_AGENDA_KAPWA_TYPE,YieldType=YIELD_CULTURE; Amount=20; Tooltip=LOC_TRAIT_LEADER_RIZAL_ABILITY_NAME; YieldType=YIELD_GOLD; Amount=20; Tooltip=LOC_TRAIT_LEADER_RIZAL_ABILITY_NAME; YieldType=YIELD_DIPLOMACY; Amount=20; Tooltip=LOC_TRAIT_LEADER_RIZAL_ABILITY_NAME; Amount=1; Percent=50; Tooltip=LOC_TRAIT_LEADER_RIZAL_ABILITY_NAME; YieldType=YIELD_HAPPINESS; Percent=50; Tooltip=LOC_TRAIT_LEADER_RIZAL_ABILITY_NAME; ModName=LOC_DIPLOMACY_AGENDA_KAPWA_NAME; Tooltip=LOC_DIPLOMACY_AGENDA_KAPWA_DESC; WeightType=DIPLOMACY_AGENDA_COMPARE_NUM_PROJECTS; FirstMeetDelay=20; UpdateFreq=10; AwardTo1=DIPLOMACY_AGENDA_AWARD_HIGHEST; AwardAmtType1=DIPLOMACY_AGENDA_AMT_MEDIUM; Arg1=DIPLOMACY_ACTION_GROUP_ENDEAVOR; AwardTo2=DIPLOMACY_AGENDA_AWARD_HIGHEST; AwardAmtType2=DIPLOMACY_AGENDA_NEG_AMT_MEDIUM; Arg2=DIPLOMACY_ACTION_GROUP_SANCTION; NotifyMessage=LOC_NOTIFICATION_DIPLOMATIC_AGENDA_DEFAULT_MESSAGE; NotifySummary=LOC_NOTIFICATION_DIPLOMATIC_AGENDA_DEFAULT_SUMMARY
leader,LEADER_JOSE_RIZAL,José Rizal,35994bc7-gameplaycopy,,TRAIT_LEADER_ATTRIBUTE_CULTURAL,,,MOD_TRAIT_LEADER_ATTRIBUTE_CULTURAL_TYPE; MOD_TRAIT_LEADER_ATTRIBUTE_UNLOCK_CULTURAL_01_TYPE; MOD_TRAIT_LEADER_ATTRIBUTE_UNLOCK_CULTURAL_02_TYPE,ActionType=DIPLOMACY_ACTION_CULTURAL_EXCHANGE; ActionType=DIPLOMACY_ACTION_SABOTAGE_CIVIC_STUDY
leader,LEADER_JOSE_RIZAL,José Rizal,35994bc7-gameplaycopy,,TRAIT_LEADER_ATTRIBUTE_POLITICAL,,,MOD_TRAIT_LEADER_ATTRIBUTE_POLITICAL_TYPE; MOD_TRAIT_LEADER_ATTRIBUTE_UNLOCK_POLITICAL_01_TYPE; MOD_TRAIT_LEADER_ATTRIBUTE_UNLOCK_POLITICAL_02_TYPE,ActionType=DIPLOMACY_ACTION_LOCAL_FESTIVALS; ActionType=DIPLOMACY_ACTION_SABOTAGE_MORALE
leader,LEADER_JOSE_RIZAL,José Rizal,35994bc7-gameplaycopy,,TRAIT_AQ_CULTURE_VICTORY,,,,
leader,LEADER_JOSE_RIZAL,José Rizal,35994bc7-gameplaycopy,,TRAIT_EX_CULTURE_VICTORY,,,,
leader,LEADER_JOSE_RIZAL,José Rizal,35994bc7-gameplaycopy,,TRAIT_MO_CULTURE_VICTORY,,,,
leader,LEADER_LAFAYETTE,Lafayette,8d4c8700-frontendcopy,,,,,,
leader,LEADER_LAFAYETTE,Lafayette,35994bc7-gameplaycopy,Hero of Two Worlds,TRAIT_LEADER_LAFAYETTE_ABILITY,"[BLIST][LI]Gains a unique [icon:ENDEAVOR] [TIP:LOC_PEDIA_CONCEPTS_ENDEAVOR_TOOLTIP]Endeavor[/TIP] called Reform, which grants an additional [icon:NAR_REW_TRADITION_SLOT] [TIP:LOC_PEDIA_CONCEPTS_TRADITION_TOOLTIP]Tradition[/TIP] slot. Supporting this [TIP:LOC_PEDIA_CONCEPTS_ENDEAVOR_TOOLTIP]Endeavor[/TIP] also grants the other Leader an additional [TIP:LOC_PEDIA_CONCEPTS_TRADITION_TOOLTIP]Tradition[/TIP] slot, otherwise they are granted a [TIP:LOC_PEDIA_CONCEPTS_SOCIAL_POLICY_TOOLTIP]Social Policy[/TIP] slot.[LI]+1 [icon:NAR_REW_COMBAT] [TIP:LOC_PEDIA_CONCEPTS_COMBAT_STRENGTH_TOOLTIP]Combat Strength[/TIP] for every [icon:TRADITION] [TIP:LOC_PEDIA_CONCEPTS_TRADITION_TOOLTIP]Tradition[/TIP], but not [icon:SOCIAL_POLICY] [TIP:LOC_PEDIA_CONCEPTS_SOCIAL_POLICY_TOOLTIP]Social Policy[/TIP], slotted in the [icon:GOVERNMENT] Government.[LI]+1 [icon:YIELD_CULTURE] Culture and [icon:YIELD_HAPPINESS] Happiness per [TIP:LOC_PEDIA_CONCEPTS_AGE_TOOLTIP]Age[/TIP] in [TIP:LOC_PEDIA_CONCEPTS_SETTLEMENT_TOOLTIP]Settlements[/TIP], doubled in [TIP:LOC_PEDIA_CONCEPTS_DISTANT_LANDS_TOOLTIP]Distant Lands[/TIP].[/BLIST]","• Gains a unique Endeavor called Reform, which grants an additional Tradition slot. Supporting this Endeavor also grants the other Leader an additional Tradition slot, otherwise they are granted a Social Policy slot.
• +1 Combat Strength for every Tradition, but not Social Policy, slotted in the Government.
• +1 Culture and Happiness per Age in Settlements, doubled in Distant Lands.",LAFAYETTE_MOD_TRADITION_SLOT_TYPE; LAFAYETTE_MOD_COMBAT_ABILITY_TRADITION_TYPE; LAFAYETTE_MOD_CULTURE_SETTLEMENTS_DISTANT_LANDS_TYPE; LAFAYETTE_MOD_CULTURE_SETTLEMENTS_HOMELANDS_TYPE; LAFAYETTE_MOD_AGENDA_FRENCH_QUARTERS_TYPE,"ActionType=DIPLOMACY_ACTION_GRANT_POLICY_SLOT; AbilityType=ABILITY_LAFAYETTE_TRADITION; Tooltip=LOC_TRAIT_LEADER_LAFAYETTE_ABILITY_NAME; Amount=2; YieldType=YIELD_CULTURE,YIELD_HAPPINESS; Tooltip=LOC_TRAIT_LEADER_LAFAYETTE_ABILITY_NAME; Amount=1; YieldType=YIELD_CULTURE,YIELD_HAPPINESS; Tooltip=LOC_TRAIT_LEADER_LAFAYETTE_ABILITY_NAME; ModName=LOC_DIPLOMACY_AGENDA_FRENCH_QUARTERS_NAME; Tooltip=LOC_DIPLOMACY_AGENDA_FRENCH_QUARTERS_DESC; WeightType=DIPLOMACY_AGENDA_COMPARE_DISTRICT_BUILDINGS; FirstMeetDelay=20; UpdateFreq=10; AwardTo1=DIPLOMACY_AGENDA_AWARD_HIGHEST; AwardAmtType1=DIPLOMACY_AGENDA_AMT_SMALL; Arg1=DISTRICT_URBAN; Arg2=2; AwardTo2=DIPLOMACY_AGENDA_AWARD_LOWEST; AwardAmtType2=DIPLOMACY_AGENDA_NEG_AMT_SMALL; NotifyMessage=LOC_NOTIFICATION_DIPLOMATIC_AGENDA_DEFAULT_MESSAGE; NotifySummary=LOC_NOTIFICATION_DIPLOMATIC_AGENDA_DEFAULT_SUMMARY"
leader,LEADER_LAFAYETTE,Lafayette,35994bc7-gameplaycopy,,TRAIT_LEADER_ATTRIBUTE_CULTURAL,,,MOD_TRAIT_LEADER_ATTRIBUTE_CULTURAL_TYPE; MOD_TRAIT_LEADER_ATTRIBUTE_UNLOCK_CULTURAL_01_TYPE; MOD_TRAIT_LEADER_ATTRIBUTE_UNLOCK_CULTURAL_02_TYPE,ActionType=DIPLOMACY_ACTION_CULTURAL_EXCHANGE; ActionType=DIPLOMACY_ACTION_SABOTAGE_CIVIC_STUDY
leader,LEADER_LAFAYETTE,Lafayette,35994bc7-gameplaycopy,,TRAIT_LEADER_ATTRIBUTE_POLITICAL,,,MOD_TRAIT_LEADER_ATTRIBUTE_POLITICAL_TYPE; MOD_TRAIT_LEADER_ATTRIBUTE_UNLOCK_POLITICAL_01_TYPE; MOD_TRAIT_LEADER_ATTRIBUTE_UNLOCK_POLITICAL_02_TYPE,ActionType=DIPLOMACY_ACTION_LOCAL_FESTIVALS; ActionType=DIPLOMACY_ACTION_SABOTAGE_MORALE
leader,LEADER_LAFAYETTE,Lafayette,35994bc7-gameplaycopy,,TRAIT_AQ_CULTURE_VICTORY,,,,
leader,LEADER_LAFAYETTE,Lafayette,35994bc7-gameplaycopy,,TRAIT_EX_MILITARY_VICTORY,,,,
leader,LEADER_LAFAYETTE,Lafayette,35994bc7-gameplaycopy,,TRAIT_MO_CULTURE_VICTORY,,,,
leader,LEADER_MACHIAVELLI,Machiavelli,8d4c8700-frontendcopy,,,,,,
leader,LEADER_MACHIAVELLI,Machiavelli,35994bc7-gameplaycopy,Il Principe,TRAIT_LEADER_MACHIAVELLI_ABILITY,"[BLIST][LI]+3 [icon:YIELD_DIPLOMACY] Influence per [TIP:LOC_PEDIA_CONCEPTS_AGE_TOOLTIP]Age[/TIP].[LI]Gains 50 [icon:YIELD_GOLD] Gold per [TIP:LOC_PEDIA_CONCEPTS_AGE_TOOLTIP]Age[/TIP] when your [icon:DIPLOMATIC_ACTION] Diplomatic Action proposals are accepted, or 100 [icon:YIELD_GOLD] Gold when they are rejected.[LI]Ignores [icon:RELATIONSHIP] Relationship requirements for declaring [icon:WAR] Formal Wars.[LI]Can Levy Troops from [icon:CITYSTATE] [TIP:LOC_PEDIA_CONCEPTS_CITY_STATE_TOOLTIP]City-States[/TIP] you are not [TIP:LOC_PEDIA_CONCEPTS_SUZERAIN_TOOLTIP]Suzerain[/TIP] of.[/BLIST]","• +3 Influence per Age.
• Gains 50 Gold per Age when your Diplomatic Action proposals are accepted, or 100 Gold when they are rejected.
• Ignores Relationship requirements for declaring Formal Wars.
• Can Levy Troops from City-States you are not Suzerain of.",MACHIAVELLI_MOD_INFLUENCE_TYPE; MACHIAVELLI_MOD_GOLD_ACTION_ACCEPT_TYPE; MACHIAVELLI_MOD_GOLD_ACTION_REJECT_TYPE; MACHIAVELLI_MOD_FORMAL_WAR_TYPE; MACHIAVELLI_MOD_CITY_STATE_LEVY_TYPE; MACHIAVELLI_MOD_AGENDA_THE_SPIDER_TYPE,YieldType=YIELD_DIPLOMACY; Amount=3; Tooltip=LOC_TRAIT_LEADER_RIZAL_ABILITY_NAME; YieldType=YIELD_GOLD; Amount=50; YieldType=YIELD_GOLD; Amount=100; WarType=FORMAL_WAR; AllowLevy=true; ModName=LOC_DIPLOMACY_AGENDA_THE_SPIDER_NAME; Tooltip=LOC_DIPLOMACY_AGENDA_THE_SPIDER_DESC; WeightType=DIPLOMACY_AGENDA_WEIGHTING_AT_WAR; FirstMeetDelay=20; UpdateFreq=10; AwardTo1=DIPLOMACY_AGENDA_AWARD_FOR_EACH; AwardAmtType1=DIPLOMACY_AGENDA_AMT_MEDIUM; NotifyMessage=LOC_NOTIFICATION_DIPLOMATIC_AGENDA_DEFAULT_MESSAGE; NotifySummary=LOC_NOTIFICATION_DIPLOMATIC_AGENDA_DEFAULT_SUMMARY
leader,LEADER_MACHIAVELLI,Machiavelli,35994bc7-gameplaycopy,,TRAIT_LEADER_ATTRIBUTE_POLITICAL,,,MOD_TRAIT_LEADER_ATTRIBUTE_POLITICAL_TYPE; MOD_TRAIT_LEADER_ATTRIBUTE_UNLOCK_POLITICAL_01_TYPE; MOD_TRAIT_LEADER_ATTRIBUTE_UNLOCK_POLITICAL_02_TYPE,ActionType=DIPLOMACY_ACTION_LOCAL_FESTIVALS; ActionType=DIPLOMACY_ACTION_SABOTAGE_MORALE
leader,LEADER_MACHIAVELLI,Machiavelli,35994bc7-gameplaycopy,,TRAIT_LEADER_ATTRIBUTE_ECONOMIC,,,MOD_TRAIT_LEADER_ATTRIBUTE_ECONOMIC_TYPE; MOD_TRAIT_LEADER_ATTRIBUTE_UNLOCK_ECONOMIC_01_TYPE; MOD_TRAIT_LEADER_ATTRIBUTE_UNLOCK_ECONOMIC_02_TYPE,ActionType=DIPLOMACY_ACTION_MINOR_TRADE; ActionType=DIPLOMACY_ACTION_SABOTAGE_TREASURY
leader,LEADER_MACHIAVELLI,Machiavelli,35994bc7-gameplaycopy,,TRAIT_AQ_ECONOMIC_VICTORY,,,,
leader,LEADER_MACHIAVELLI,Machiavelli,35994bc7-gameplaycopy,,TRAIT_EX_ECONOMIC_VICTORY,,,,
leader,LEADER_MACHIAVELLI,Machiavelli,35994bc7-gameplaycopy,,TRAIT_MO_ECONOMIC_VICTORY,,,,
leader,LEADER_PACHACUTI,Pachacuti,8d4c8700-frontendcopy,,,,,,
leader,LEADER_PACHACUTI,Pachacuti,35994bc7-gameplaycopy,Earth Shaker,TRAIT_LEADER_PACHACUTI_ABILITY,[BLIST][LI]All [icon:CITY_BUILDING_LIST] [TIP:LOC_PEDIA_CONCEPTS_BUILDINGS_TOOLTIP]Buildings[/TIP] receive a +1 [icon:YIELD_FOOD] Food Adjacency for Mountains.[LI]-2 [icon:YIELD_HAPPINESS] [TIP:LOC_PEDIA_CONCEPTS_MAINTENANCE_TOOLTIP]Maintenance[/TIP] on [icon:SPECIALIST] [TIP:LOC_PEDIA_CONCEPTS_SPECIALIST_TOOLTIP]Specialists[/TIP] adjacent to Mountains. +1 [icon:YIELD_HAPPINESS] [TIP:LOC_PEDIA_CONCEPTS_MAINTENANCE_TOOLTIP]Maintenance[/TIP] on [icon:SPECIALIST] [TIP:LOC_PEDIA_CONCEPTS_SPECIALIST_TOOLTIP]Specialists[/TIP] not adjacent to Mountains. [LI][icon:YIELD_CITIES] [TIP:LOC_PEDIA_CONCEPTS_CITIES_TOOLTIP]Cities[/TIP] gain a bonus to [icon:YIELD_PRODUCTION] Production equal to 10% of that City’s [icon:YIELD_FOOD] Food.[/BLIST],"• All Buildings receive a +1 Food Adjacency for Mountains.
• -2 Happiness Maintenance on Specialists adjacent to Mountains. +1 Happiness Maintenance on Specialists not adjacent to Mountains.
• Cities gain a bonus to Production equal to 10% of that City’s Food.",PACHACUTI_MOD_WILDCARD_ADJACENCY_MOUNTAINS_TYPE; PACHACUTI_MOD_MOUNTAIN_SPECIALIST_HAPPINESS_TYPE; PACHACUTI_MOD_MOUNTAIN_SPECIALIST_HAPPINESS_INVERSE_TYPE; PACHACUTI_MOD_CITY_PRODUCTION_FROM_FOOD_TYPE; PACHACUTI_MOD_AGENDA_MOUNTAIN_KING_TYPE,ConstructibleAdjacency=PachacutiMountainFood; Tooltip=LOC_TRAIT_LEADER_PACHACUTI_ABILITY_NAME; YieldType=YIELD_HAPPINESS; Amount=-2; Tooltip=LOC_TRAIT_LEADER_PACHACUTI_ABILITY_NAME; YieldType=YIELD_HAPPINESS; Amount=1; Tooltip=LOC_TRAIT_LEADER_PACHACUTI_ABILITY_NAME; FromYieldType=YIELD_FOOD; ToYieldType=YIELD_PRODUCTION; Percent=10; Tooltip=LOC_TRAIT_LEADER_PACHACUTI_ABILITY_NAME; ModName=LOC_DIPLOMACY_AGENDA_MOUNTAIN_KING_NAME; Tooltip=LOC_DIPLOMACY_AGENDA_MOUNTAIN_KING_DESC; WeightType=DIPLOMACY_AGENDA_COMPARE_NUM_TERRAIN_TYPE; FirstMeetDelay=20; UpdateFreq=10; AwardTo1=DIPLOMACY_AGENDA_AWARD_LOWEST; AwardAmtType1=DIPLOMACY_AGENDA_AMT_MEDIUM; Arg1=TERRAIN_MOUNTAIN; AwardTo2=DIPLOMACY_AGENDA_AWARD_HIGHEST; AwardAmtType2=DIPLOMACY_AGENDA_NEG_AMT_MEDIUM; NotifyMessage=LOC_NOTIFICATION_DIPLOMATIC_AGENDA_DEFAULT_MESSAGE; NotifySummary=LOC_NOTIFICATION_DIPLOMATIC_AGENDA_DEFAULT_SUMMARY
leader,LEADER_PACHACUTI,Pachacuti,35994bc7-gameplaycopy,,TRAIT_LEADER_ATTRIBUTE_ECONOMIC,,,MOD_TRAIT_LEADER_ATTRIBUTE_ECONOMIC_TYPE; MOD_TRAIT_LEADER_ATTRIBUTE_UNLOCK_ECONOMIC_01_TYPE; MOD_TRAIT_LEADER_ATTRIBUTE_UNLOCK_ECONOMIC_02_TYPE,ActionType=DIPLOMACY_ACTION_MINOR_TRADE; ActionType=DIPLOMACY_ACTION_SABOTAGE_TREASURY
leader,LEADER_PACHACUTI,Pachacuti,35994bc7-gameplaycopy,,TRAIT_LEADER_ATTRIBUTE_EXPANSIONIST,,,MOD_TRAIT_LEADER_ATTRIBUTE_EXPANSIONIST_TYPE; MOD_TRAIT_LEADER_ATTRIBUTE_UNLOCK_EXPANSIONIST_01_TYPE; MOD_TRAIT_LEADER_ATTRIBUTE_UNLOCK_EXPANSIONIST_02_TYPE,ActionType=DIPLOMACY_ACTION_FARMERS_MARKET; ActionType=DIPLOMACY_ACTION_SABOTAGE_FOOD_PRODUCTION
leader,LEADER_PACHACUTI,Pachacuti,35994bc7-gameplaycopy,,TRAIT_AQ_ECONOMIC_VICTORY,,,,
leader,LEADER_PACHACUTI,Pachacuti,35994bc7-gameplaycopy,,TRAIT_EX_CULTURE_VICTORY,,,,
leader,LEADER_PACHACUTI,Pachacuti,35994bc7-gameplaycopy,,TRAIT_MO_ECONOMIC_VICTORY,,,,
leader,LEADER_TRUNG_TRAC,Trung Trac,8d4c8700-frontendcopy,,,,,,
leader,LEADER_TRUNG_TRAC,Trung Trac,35994bc7-gameplaycopy,Hai Bà Trung,TRAIT_LEADER_TRUNG_TRAC_ABILITY,"[BLIST][LI]Gain the Unique [icon:UNIT_ARMY_COMMANDER] [TIP:LOC_PEDIA_CONCEPTS_COMMANDER_TOOLTIP]Army Commander[/TIP] Trung Nhi after obtaining your first Land [TIP:LOC_PEDIA_CONCEPTS_MILITARY_UNIT_TOOLTIP]Military Unit[/TIP] of the [TIP:LOC_PEDIA_CONCEPTS_AGE_TOOLTIP]Age[/TIP]. [icon:UNIT_ARMY_COMMANDER] Trung Nhi persists across [TIP:LOC_PEDIA_CONCEPTS_AGE_TOOLTIP]Age[/TIP] Transitions, and begins with 2 [icon:NAR_REW_PROMOTION] Promotions in Exploration Advanced Starts or 3 [icon:NAR_REW_PROMOTION] Promotions in Modern Advanced Starts, and has a unique  [TIP:LOC_PEDIA_CONCEPTS_PROMOTION_TOOLTIP]Promotion[/TIP] Tree.[LI]+20% [icon:UNIT_ARMY_COMMANDER] [TIP:LOC_PEDIA_CONCEPTS_EXPERIENCE_TOOLTIP]Commander Experience[/TIP].[LI]+10% [icon:YIELD_SCIENCE] Science in [icon:YIELD_CITIES] [TIP:LOC_PEDIA_CONCEPTS_CITIES_TOOLTIP]Cities[/TIP] in Tropical. This is doubled while in a [icon:WAR] Formal War you declare.[/BLIST]","• Gain the Unique Army Commander Trung Nhi after obtaining your first Land Military Unit of the Age. Trung Nhi persists across Age Transitions, and begins with 2 Promotions in Exploration Advanced Starts or 3 Promotions in Modern Advanced Starts, and has a unique Promotion Tree.
• +20% Commander Experience.
• +10% Science in Cities in Tropical. This is doubled while in a Formal War you declare.",TRUNG_TRAC_MOD_TROPICAL_SCIENCE_TYPE; TRUNG_TRAC_MOD_TROPICAL_SCIENCE_AT_WAR_TYPE; TRUNG_TRAC_MOD_AGENDA_VAN_MINH_TYPE; TRUNG_TRAC_MOD_COMMANDER_XP_TYPE; TRUNG_TRAC_MOD_TRUNG_NHI_TYPE; TRUNG_TRAC_MOD_TRUNG_NHI_FASTER_RESPAWN_TYPE; TRUNG_TRAC_MOD_TRUNG_NHI_GRANT_HEROIC_ASSAULT_TYPE,YieldType=YIELD_SCIENCE; Percent=10; Tooltip=LOC_TRAIT_LEADER_TRUNG_TRAC_ABILITY_NAME; YieldType=YIELD_SCIENCE; Percent=10; Tooltip=LOC_TRAIT_LEADER_TRUNG_TRAC_ABILITY_NAME; ModName=LOC_DIPLOMACY_AGENDA_VAN_MINH_NAME; Tooltip=LOC_DIPLOMACY_AGENDA_VAN_MINH_DESC; WeightType=DIPLOMACY_AGENDA_COMPARE_COMMANDERS; FirstMeetDelay=20; UpdateFreq=10; AwardTo1=DIPLOMACY_AGENDA_AWARD_HIGHEST; AwardAmtType1=DIPLOMACY_AGENDA_NEG_AMT_MEDIUM; AwardTo2=DIPLOMACY_AGENDA_AWARD_LOWEST; AwardAmtType2=DIPLOMACY_AGENDA_AMT_MEDIUM; NotifyMessage=LOC_NOTIFICATION_DIPLOMATIC_AGENDA_DEFAULT_MESSAGE; NotifySummary=LOC_NOTIFICATION_DIPLOMATIC_AGENDA_DEFAULT_SUMMARY; Percent=20; ModifierId=ATTACH_TRUNG_TRAC_MOD_TRUNG_NHI; Percent=-50; AbilityType=ABILITY_SCALING_COMMANDER_ATTACK
leader,LEADER_TRUNG_TRAC,Trung Trac,35994bc7-gameplaycopy,,TRAIT_LEADER_AGGRESSIVE,,,,
leader,LEADER_TRUNG_TRAC,Trung Trac,35994bc7-gameplaycopy,,TRAIT_LEADER_ATTRIBUTE_MILITARISTIC,,,MOD_TRAIT_LEADER_ATTRIBUTE_MILITARISTIC_TYPE; MOD_TRAIT_LEADER_ATTRIBUTE_UNLOCK_MILITARISTIC_01_TYPE; MOD_TRAIT_LEADER_ATTRIBUTE_UNLOCK_MILITARISTIC_02_TYPE,ActionType=DIPLOMACY_ACTION_MILITARY_AID; ActionType=DIPLOMACY_ACTION_SABOTAGE_MILITARY_PRODUCTION
leader,LEADER_TRUNG_TRAC,Trung Trac,35994bc7-gameplaycopy,,TRAIT_LEADER_ATTRIBUTE_SCIENTIFIC,,,MOD_TRAIT_LEADER_ATTRIBUTE_SCIENTIFIC_TYPE; MOD_TRAIT_LEADER_ATTRIBUTE_UNLOCK_SCIENTIFIC_01_TYPE; MOD_TRAIT_LEADER_ATTRIBUTE_UNLOCK_SCIENTIFIC_02_TYPE,ActionType=DIPLOMACY_ACTION_RESEARCH_COLLABORATION; ActionType=DIPLOMACY_ACTION_SABOTAGE_RESEARCH
leader,LEADER_TRUNG_TRAC,Trung Trac,35994bc7-gameplaycopy,,TRAIT_AQ_MILITARY_VICTORY,,,,
leader,LEADER_TRUNG_TRAC,Trung Trac,35994bc7-gameplaycopy,,TRAIT_EX_SCIENCE_VICTORY,,,,
leader,LEADER_TRUNG_TRAC,Trung Trac,35994bc7-gameplaycopy,,TRAIT_MO_MILITARY_VICTORY,,,,
leader,LEADER_XERXES,"Xerxes, King of Kings",8d4c8700-frontendcopy,,,,,,
leader,LEADER_XERXES,"Xerxes, King of Kings",35994bc7-gameplaycopy,Crusher of Rebellions,TRAIT_LEADER_XERXES_ABILITY,"[BLIST][LI]+3 [icon:NAR_REW_COMBAT] [TIP:LOC_PEDIA_CONCEPTS_COMBAT_STRENGTH_TOOLTIP]Combat Strength[/TIP] for Units that are attacking in neutral or enemy territory.[LI]Gain 100 [icon:YIELD_CULTURE] Culture and [icon:YIELD_GOLD] Gold per [TIP:LOC_PEDIA_CONCEPTS_AGE_TOOLTIP]Age[/TIP] when you capture a [TIP:LOC_PEDIA_CONCEPTS_SETTLEMENT_TOOLTIP]Settlement[/TIP] for the first time.[LI]+10% [icon:YIELD_GOLD] Gold in all [TIP:LOC_PEDIA_CONCEPTS_SETTLEMENT_TOOLTIP]Settlements[/TIP], doubled in [TIP:LOC_PEDIA_CONCEPTS_SETTLEMENT_TOOLTIP]Captured Settlements[/TIP] from any Age.[LI]+1 [icon:SETTLEMENT_LIMIT] [TIP:LOC_PEDIA_CONCEPTS_SETTLEMENT_LIMIT_TOOLTIP]Settlement Limit[/TIP] each [TIP:LOC_PEDIA_CONCEPTS_AGE_TOOLTIP]Age[/TIP].[/BLIST]","• +3 Combat Strength for Units that are attacking in neutral or enemy territory.
• Gain 100 Culture and Gold per Age when you capture a Settlement for the first time.
• +10% Gold in all Settlements, doubled in Captured Settlements from any Age.
• +1 Settlement Limit each Age.",XERXES_MOD_UNIT_ATTACK_ABILITY_TYPE; XERXES_MOD_CULTURE_ON_CAPTURE_SETTLEMENT_TYPE; XERXES_MOD_GOLD_ON_CAPTURE_SETTLEMENT_TYPE; XERXES_MOD_SETTLEMENT_GOLD_TYPE; XERXES_MOD_CAPTURED_SETTLEMENT_GOLD_TYPE; XERXES_MOD_SETTLEMENT_CAP_TYPE; XERXES_MOD_AGENDA_LORD_OF_FIRE_TYPE,AbilityType=ABILITY_XERXES_UNIT_FOREIGN_TERRITORY; YieldType=YIELD_CULTURE; Amount=100; YieldType=YIELD_GOLD; Amount=100; YieldType=YIELD_GOLD; Percent=10; Tooltip=LOC_TRAIT_LEADER_XERXES_ABILITY_NAME; YieldType=YIELD_GOLD; Percent=20; Tooltip=LOC_TRAIT_LEADER_XERXES_ABILITY_NAME; Amount=1; Ageless=true; ModName=LOC_DIPLOMACY_AGENDA_LORD_OF_FIRE_NAME; Tooltip=LOC_DIPLOMACY_AGENDA_LORD_OF_FIRE_DESC; WeightType=DIPLOMACY_AGENDA_WEIGHTING_AT_WAR; FirstMeetDelay=20; UpdateFreq=10; AwardTo1=DIPLOMACY_AGENDA_AWARD_ALL_NOT; AwardAmtType1=DIPLOMACY_AGENDA_NEG_AMT_MEDIUM; AwardTo2=DIPLOMACY_AGENDA_AWARD_AT_LEAST_ONE; AwardAmtType2=DIPLOMACY_AGENDA_AMT_SMALL; NotifyMessage=LOC_NOTIFICATION_DIPLOMATIC_AGENDA_DEFAULT_MESSAGE; NotifySummary=LOC_NOTIFICATION_DIPLOMATIC_AGENDA_DEFAULT_SUMMARY
leader,LEADER_XERXES,"Xerxes, King of Kings",35994bc7-gameplaycopy,,TRAIT_LEADER_AGGRESSIVE,,,,
leader,LEADER_XERXES,"Xerxes, King of Kings",35994bc7-gameplaycopy,,TRAIT_LEADER_ATTRIBUTE_ECONOMIC,,,MOD_TRAIT_LEADER_ATTRIBUTE_ECONOMIC_TYPE; MOD_TRAIT_LEADER_ATTRIBUTE_UNLOCK_ECONOMIC_01_TYPE; MOD_TRAIT_LEADER_ATTRIBUTE_UNLOCK_ECONOMIC_02_TYPE,ActionType=DIPLOMACY_ACTION_MINOR_TRADE; ActionType=DIPLOMACY_ACTION_SABOTAGE_TREASURY
leader,LEADER_XERXES,"Xerxes, King of Kings",35994bc7-gameplaycopy,,TRAIT_LEADER_ATTRIBUTE_MILITARISTIC,,,MOD_TRAIT_LEADER_ATTRIBUTE_MILITARISTIC_TYPE; MOD_TRAIT_LEADER_ATTRIBUTE_UNLOCK_MILITARISTIC_01_TYPE; MOD_TRAIT_LEADER_ATTRIBUTE_UNLOCK_MILITARISTIC_02_TYPE,ActionType=DIPLOMACY_ACTION_MILITARY_AID; ActionType=DIPLOMACY_ACTION_SABOTAGE_MILITARY_PRODUCTION
leader,LEADER_XERXES,"Xerxes, King of Kings",35994bc7-gameplaycopy,,TRAIT_AQ_MILITARY_VICTORY,,,,
leader,LEADER_XERXES,"Xerxes, King of Kings",35994bc7-gameplaycopy,,TRAIT_EX_MILITARY_VICTORY,,,,
leader,LEADER_XERXES,"Xerxes, King of Kings",35994bc7-gameplaycopy,,TRAIT_MO_MILITARY_VICTORY,,,,
leader,LEADER_ALEXANDER,Alexander,8d4c8700-frontendcopy,,,,,,
leader,LEADER_ALEXANDER,Alexander,35994bc7-gameplaycopy,King of the World,TRAIT_LEADER_ALEXANDER_ABILITY,"[BLIST][LI][icon:YIELD_CITIES] [TIP:LOC_PEDIA_CONCEPTS_CITIES_TOOLTIP]Cities[/TIP] other than your Capital with a [icon:WONDER] [TIP:LOC_PEDIA_CONCEPTS_WONDERS_TOOLTIP]Wonder[/TIP] get [B]+10% [icon:YIELD_PRODUCTION] Production[/B] and [icon:YIELD_CULTURE] [B]Culture[/B], doubled if they are on a different Continent than your [icon:NOTIFICATION_SELECT_CAPITAL] [TIP:LOC_PEDIA_CONCEPTS_CAPITAL_TOOLTIP]Capital[/TIP].
				  [LI][B]+2[/B] [icon:NAR_REW_COMBAT] [B][TIP:LOC_PEDIA_CONCEPTS_COMBAT_STRENGTH_TOOLTIP]Combat Strength[/TIP][/B] for [B]Land [TIP:LOC_PEDIA_CONCEPTS_MILITARY_UNIT_TOOLTIP]Military Units[/TIP][/B]. [B]+1 [icon:NAR_REW_COMBAT] Combat Strength[/B] for [B]Unique Military Units[/B] for every [icon:YIELD_CITIES] [TIP:LOC_PEDIA_CONCEPTS_CITIES_TOOLTIP]City[/TIP] with a [icon:WONDER] [TIP:LOC_PEDIA_CONCEPTS_WONDERS_TOOLTIP]Wonder[/TIP] other than your Capital (max 6).
				  [LI][B]+2 [icon:MILITARY_VP] Dominion[/B] for every [icon:YIELD_CITIES] [TIP:LOC_PEDIA_CONCEPTS_CITIES_TOOLTIP]City[/TIP] with a [icon:WONDER] [TIP:LOC_PEDIA_CONCEPTS_WONDERS_TOOLTIP]Wonder[/TIP] other than your Capital.
				  [LI][icon:YIELD_TOWNS] [TIP:LOC_PEDIA_CONCEPTS_TOWN_TOOLTIP]Towns[/TIP] converted into [icon:YIELD_CITIES] [B]Cities[/B] are renamed after Alexander.[/LIST]","• Cities other than your Capital with a Wonder get +10% Production and Culture, doubled if they are on a different Continent than your Capital.
• +2 Combat Strength for Land Military Units. +1 Combat Strength for Unique Military Units for every City with a Wonder other than your Capital (max 6).
• +2 Dominion for every City with a Wonder other than your Capital.
• Towns converted into Cities are renamed after Alexander.",ALEXANDER_YIELD_BONUS_WITH_WONDER_CAPITAL_CONT_TYPE; ALEXANDER_YIELD_BONUS_WITH_WONDER_NOT_CAPITAL_CONT_TYPE; ALEXANDER_COMBAT_BONUS_BASE_TYPE; ALEXANDER_MOD_SETTLEMENT_MILITARY_VICTORY_TYPE; ALEXANDER_MOD_ALEXANDRIA_RENAME_TYPE; ALEXANDER_MOD_AGENDA_GODLIKE_BASILEUS_TYPE; ALEXANDER_WONDER_COMBAT_STRENGTH_1_TYPE; ALEXANDER_WONDER_COMBAT_STRENGTH_2_TYPE; ALEXANDER_WONDER_COMBAT_STRENGTH_3_TYPE; ALEXANDER_WONDER_COMBAT_STRENGTH_4_TYPE; ALEXANDER_WONDER_COMBAT_STRENGTH_5_TYPE; ALEXANDER_WONDER_COMBAT_STRENGTH_6_TYPE,"YieldType=YIELD_CULTURE, YIELD_PRODUCTION; Percent=10; Tooltip=LOC_ALEXANDER_KING_OF_THE_WORLD_NAME; YieldType=YIELD_CULTURE, YIELD_PRODUCTION; Percent=20; Tooltip=LOC_ALEXANDER_KING_OF_THE_WORLD_NAME; ModifierId=ALEXANDER_COMBAT_BONUS_BASE_ATTACH; TrackerName=VICTORY_TRACKER_SETTLEMENT_ALEXANDER; Rename=LOC_ALEXANDER_ALEXANDRIA_RENAME; AppendtoRename=true; ModName=LOC_DIPLOMACY_AGENDA_GODLIKE_BASILEUS_NAME; Tooltip=LOC_DIPLOMACY_AGENDA_GODLIKE_BASILEUS_DESC; WeightType=DIPLOMACY_AGENDA_COMPARE_NUM_CONQUERED_SETTLEMENTS; FirstMeetDelay=20; UpdateFreq=10; AwardTo1=DIPLOMACY_AGENDA_AWARD_HIGHEST; AwardAmtType1=DIPLOMACY_AGENDA_NEG_AMT_MEDIUM; AwardTo2=DIPLOMACY_AGENDA_AWARD_LOWEST; AwardAmtType2=DIPLOMACY_AGENDA_AMT_SMALL; NotifyMessage=LOC_NOTIFICATION_DIPLOMATIC_AGENDA_DEFAULT_MESSAGE; NotifySummary=LOC_NOTIFICATION_DIPLOMATIC_AGENDA_DEFAULT_SUMMARY; ModifierId=ATTACH_ALEXANDER_WONDER_COMBAT_STRENGTH_1; ModifierId=ATTACH_ALEXANDER_WONDER_COMBAT_STRENGTH_2; ModifierId=ATTACH_ALEXANDER_WONDER_COMBAT_STRENGTH_3; ModifierId=ATTACH_ALEXANDER_WONDER_COMBAT_STRENGTH_4; ModifierId=ATTACH_ALEXANDER_WONDER_COMBAT_STRENGTH_5; ModifierId=ATTACH_ALEXANDER_WONDER_COMBAT_STRENGTH_6"
leader,LEADER_ALEXANDER,Alexander,35994bc7-gameplaycopy,,TRAIT_LEADER_ATTRIBUTE_MILITARISTIC,,,MOD_TRAIT_LEADER_ATTRIBUTE_MILITARISTIC_TYPE; MOD_TRAIT_LEADER_ATTRIBUTE_UNLOCK_MILITARISTIC_01_TYPE; MOD_TRAIT_LEADER_ATTRIBUTE_UNLOCK_MILITARISTIC_02_TYPE,ActionType=DIPLOMACY_ACTION_MILITARY_AID; ActionType=DIPLOMACY_ACTION_SABOTAGE_MILITARY_PRODUCTION
leader,LEADER_ALEXANDER,Alexander,35994bc7-gameplaycopy,,TRAIT_LEADER_ATTRIBUTE_CULTURAL,,,MOD_TRAIT_LEADER_ATTRIBUTE_CULTURAL_TYPE; MOD_TRAIT_LEADER_ATTRIBUTE_UNLOCK_CULTURAL_01_TYPE; MOD_TRAIT_LEADER_ATTRIBUTE_UNLOCK_CULTURAL_02_TYPE,ActionType=DIPLOMACY_ACTION_CULTURAL_EXCHANGE; ActionType=DIPLOMACY_ACTION_SABOTAGE_CIVIC_STUDY
leader,LEADER_ALEXANDER,Alexander,35994bc7-gameplaycopy,,TRAIT_LEADER_AGGRESSIVE,,,,
leader,LEADER_ALEXANDER,Alexander,35994bc7-gameplaycopy,,TRAIT_AQ_MILITARY_VICTORY,,,,
leader,LEADER_ALEXANDER,Alexander,35994bc7-gameplaycopy,,TRAIT_EX_MILITARY_VICTORY,,,,
leader,LEADER_ALEXANDER,Alexander,35994bc7-gameplaycopy,,TRAIT_MO_MILITARY_VICTORY,,,,
leader,LEADER_ALEXANDER,Alexander,35994bc7-gameplaycopy,,TRAIT_AQ_CULTURE_VICTORY,,,,
leader,LEADER_ALEXANDER,Alexander,35994bc7-gameplaycopy,,TRAIT_EX_CULTURE_VICTORY,,,,
leader,LEADER_ALEXANDER,Alexander,35994bc7-gameplaycopy,,TRAIT_MO_CULTURE_VICTORY,,,,
leader,LEADER_GILGAMESH,Gilgamesh,8d4c8700-frontendcopy,,,,,,
leader,LEADER_GILGAMESH,Gilgamesh,35994bc7-gameplaycopy,"Once Mortal, Twice Divine",TRAIT_LEADER_GILGAMESH_ABILITY,"[BLIST][LI]+2 [B][icon:WAR_SUPPORT] War Support[/B] when in only one Alliance.
				[LI]When one of your Military Units defeats an enemy Unit, gain [B][icon:YIELD_DIPLOMACY] Influence[/B] equal to 50% of the defeated Unit's [icon:NAR_REW_COMBAT] Combat Strength. 
				[LI]All basic Endeavors are automatically unlocked. Endeavors with Allies don’t count against the limit of having one Endeavor of a given type active at a time. Allies can support your Endeavors for free. [/LIST]","• +2 War Support when in only one Alliance.
• When one of your Military Units defeats an enemy Unit, gain Influence equal to 50% of the defeated Unit's Combat Strength.
• All basic Endeavors are automatically unlocked. Endeavors with Allies don’t count against the limit of having one Endeavor of a given type active at a time. Allies can support your Endeavors for free.",GILGAMESH_SINGLE_ALLY_WAR_SUPPORT_TYPE; GILGAMESH_INFLUENCE_TYPE; GILGAMESH_ALLIES_CAN_SUPPORT_ENDEAVORS_FOR_FREE_TYPE; GILGAMESH_ENDEAVORS_WITH_ALLIES_HAVE_NO_LIMIT_PER_TYPE_TYPE; GILGAMESH_MOD_ULOCK_ALL_ENDEAVORS_TYPE; GILGAMESH_MOD_AGENDA_ALLY_OF_ENKIDU_TYPE,"ActionType=DIPLOMACY_ACTION_DECLARE_WAR; Amount=2; ModifierId=GILGAMESH_INFLUENCE_MODIFIER; ResponseType=DIPLOMACY_RESPONSE_SUPPORT; Percent=100; ApplyToAlliesOnly=true; Value=true; ActionType=DIPLOMACY_ACTION_RESEARCH_COLLABORATION, DIPLOMACY_ACTION_CULTURAL_EXCHANGE, DIPLOMACY_ACTION_MINOR_TRADE, DIPLOMACY_ACTION_LOCAL_FESTIVALS, DIPLOMACY_ACTION_FARMERS_MARKET, DIPLOMACY_ACTION_MILITARY_AID; ModName=LOC_DIPLOMACY_AGENDA_ALLY_OF_ENKIDU_NAME; Tooltip=LOC_DIPLOMACY_AGENDA_ALLY_OF_ENKIDU_DESC; WeightType=DIPLOMACY_AGENDA_COMPARE_NUM_STARTED_OR_SUPPORTED_ENDEAVORS_AND_ACTIVE_ALLIANCES; Arg1=DIPLOMACY_ACTION_GROUP_ENDEAVOR; AwardTo1=DIPLOMACY_AGENDA_AWARD_HIGHEST; AwardAmtType1=DIPLOMACY_AGENDA_AMT_MEDIUM; AwardTo2=DIPLOMACY_AGENDA_AWARD_FOR_EACH; AwardAmtType2=DIPLOMACY_AGENDA_NEG_AMT_SMALL; FirstMeetDelay=1; UpdateFreq=10; NotifyMessage=LOC_NOTIFICATION_DIPLOMATIC_AGENDA_DEFAULT_MESSAGE; NotifySummary=LOC_NOTIFICATION_DIPLOMATIC_AGENDA_DEFAULT_SUMMARY"
leader,LEADER_GILGAMESH,Gilgamesh,35994bc7-gameplaycopy,,TRAIT_LEADER_ATTRIBUTE_POLITICAL,,,MOD_TRAIT_LEADER_ATTRIBUTE_POLITICAL_TYPE; MOD_TRAIT_LEADER_ATTRIBUTE_UNLOCK_POLITICAL_01_TYPE; MOD_TRAIT_LEADER_ATTRIBUTE_UNLOCK_POLITICAL_02_TYPE,ActionType=DIPLOMACY_ACTION_LOCAL_FESTIVALS; ActionType=DIPLOMACY_ACTION_SABOTAGE_MORALE
leader,LEADER_GILGAMESH,Gilgamesh,35994bc7-gameplaycopy,,TRAIT_LEADER_ATTRIBUTE_MILITARISTIC,,,MOD_TRAIT_LEADER_ATTRIBUTE_MILITARISTIC_TYPE; MOD_TRAIT_LEADER_ATTRIBUTE_UNLOCK_MILITARISTIC_01_TYPE; MOD_TRAIT_LEADER_ATTRIBUTE_UNLOCK_MILITARISTIC_02_TYPE,ActionType=DIPLOMACY_ACTION_MILITARY_AID; ActionType=DIPLOMACY_ACTION_SABOTAGE_MILITARY_PRODUCTION
leader,LEADER_GILGAMESH,Gilgamesh,35994bc7-gameplaycopy,,TRAIT_LEADER_AGGRESSIVE,,,,
leader,LEADER_GILGAMESH,Gilgamesh,35994bc7-gameplaycopy,,TRAIT_AQ_MILITARY_VICTORY,,,,
leader,LEADER_GILGAMESH,Gilgamesh,35994bc7-gameplaycopy,,TRAIT_EX_MILITARY_VICTORY,,,,
leader,LEADER_GILGAMESH,Gilgamesh,35994bc7-gameplaycopy,,TRAIT_MO_MILITARY_VICTORY,,,,
leader,LEADER_ADA_LOVELACE,Ada Lovelace,8d4c8700-frontendcopy,,,,,,
leader,LEADER_ADA_LOVELACE,Ada Lovelace,35994bc7-gameplaycopy,Enchantress of Number,TRAIT_LEADER_ADA_LOVELACE_ABILITY,[BLIST][LI][icon:YIELD_CITIES] [B]Cities [/B]receive [B]+2[icon:YIELD_SCIENCE] Science [/B]per Age when you complete a [icon:RADIAL_CIVICS] [B]Civic Mastery[/B]. This resets at the start of each Age. [LI]Gain [B][icon:YIELD_CULTURE] Culture [/B]equal to 100% of your total [B][icon:YIELD_SCIENCE] Science [/B]per turn when you complete a [icon:RADIAL_TECH] [B]Technology Mastery[/B].[/LIST],"• Cities receive +2Science Science per Age when you complete a Civic Mastery. This resets at the start of each Age.
• Gain Culture equal to 100% of your total Science per turn when you complete a Technology Mastery.",ADA_LOVELACE_MOD_TECH_MASTERY_TYPE; ADA_LOVELACE_MOD_CIVIC_MASTERY_TYPE; ADA_LOVELACE_MOD_AGENDA_ANALYTICAL_ENGINE_TYPE,SystemType=SYSTEM_TECH; YieldTypeConverted=YIELD_SCIENCE; YieldType=YIELD_CULTURE; PercentYieldPerTurn=100; Depth=2; SystemType=SYSTEM_CULTURE; Amount=2; YieldType=YIELD_SCIENCE; ModName=LOC_DIPLOMACY_AGENDA_ANALYTICAL_ENGINE_NAME; Tooltip=LOC_DIPLOMACY_AGENDA_ANALYTICAL_ENGINE_DESC; WeightType=DIPLOMACY_AGENDA_COMPARE_NUM_MASTERIES; FirstMeetDelay=20; UpdateFreq=10; AwardTo1=DIPLOMACY_AGENDA_AWARD_HIGHEST; AwardAmtType1=DIPLOMACY_AGENDA_AMT_SMALL; AwardTo2=DIPLOMACY_AGENDA_AWARD_LOWEST; AwardAmtType2=DIPLOMACY_AGENDA_NEG_AMT_SMALL; NotifyMessage=LOC_NOTIFICATION_DIPLOMATIC_AGENDA_DEFAULT_MESSAGE; NotifySummary=LOC_NOTIFICATION_DIPLOMATIC_AGENDA_DEFAULT_SUMMARY
leader,LEADER_ADA_LOVELACE,Ada Lovelace,35994bc7-gameplaycopy,,TRAIT_LEADER_ATTRIBUTE_CULTURAL,,,MOD_TRAIT_LEADER_ATTRIBUTE_CULTURAL_TYPE; MOD_TRAIT_LEADER_ATTRIBUTE_UNLOCK_CULTURAL_01_TYPE; MOD_TRAIT_LEADER_ATTRIBUTE_UNLOCK_CULTURAL_02_TYPE,ActionType=DIPLOMACY_ACTION_CULTURAL_EXCHANGE; ActionType=DIPLOMACY_ACTION_SABOTAGE_CIVIC_STUDY
leader,LEADER_ADA_LOVELACE,Ada Lovelace,35994bc7-gameplaycopy,,TRAIT_LEADER_ATTRIBUTE_SCIENTIFIC,,,MOD_TRAIT_LEADER_ATTRIBUTE_SCIENTIFIC_TYPE; MOD_TRAIT_LEADER_ATTRIBUTE_UNLOCK_SCIENTIFIC_01_TYPE; MOD_TRAIT_LEADER_ATTRIBUTE_UNLOCK_SCIENTIFIC_02_TYPE,ActionType=DIPLOMACY_ACTION_RESEARCH_COLLABORATION; ActionType=DIPLOMACY_ACTION_SABOTAGE_RESEARCH
leader,LEADER_ADA_LOVELACE,Ada Lovelace,35994bc7-gameplaycopy,,TRAIT_AQ_SCIENCE_VICTORY,,,,
leader,LEADER_ADA_LOVELACE,Ada Lovelace,35994bc7-gameplaycopy,,TRAIT_EX_SCIENCE_VICTORY,,,,
leader,LEADER_ADA_LOVELACE,Ada Lovelace,35994bc7-gameplaycopy,,TRAIT_MO_CULTURE_VICTORY,,,,
leader,LEADER_ASHOKA_ALT,"Ashoka, World Conqueror",8d4c8700-frontendcopy,,,,,,
leader,LEADER_ASHOKA_ALT,"Ashoka, World Conqueror",35994bc7-gameplaycopy,Devaraja,TRAIT_LEADER_ASHOKA_ALT_ABILITY,[BLIST][LI][B]+1[icon:YIELD_PRODUCTION] Production [/B]for every [B]5 [/B]excess [icon:YIELD_HAPPINESS] [B]Happiness [/B]in [icon:YIELD_CITIES] [B]Cities[/B].[LI][B]+10% [icon:YIELD_PRODUCTION] Production [/B]in Settlements not founded by you.[LI]Declaring a [icon:WAR] [B]Formal War [/B]grants a [icon:CELEBRATION] [B]Celebration[/B].[LI][B]+5 [icon:NAR_REW_COMBAT] Combat Strength[/B] against [icon:CITY_FORTIFIED] [B]Fortified Districts[/B] for all Units during a [icon:CELEBRATION] [B]Celebration[/B].[/LIST],"• +1Production Production for every 5 excess Happiness in Cities.
• +10% Production in Settlements not founded by you.
• Declaring a Formal War grants a Celebration.
• +5 Combat Strength against Fortified Districts for all Units during a Celebration.",ASHOKA_ALT_MOD_HAPPINESS_PRODUCTION_TYPE; ASHOKA_ALT_MOD_CAPTURED_SETTLEMENT_PRODUCTION_TYPE; ASHOKA_ALT_MOD_WAR_CELEBRATION_TYPE; ASHOKA_ALT_MOD_CONQUEROR_ABILITY_TYPE; ASHOKA_ALT_MOD_AGENDA_WITHOUT_REGRET_TYPE,YieldType=YIELD_PRODUCTION; Amount=1; Divisor=5; Tooltip=LOC_TRAIT_LEADER_ASHOKA_ALT_ABILITY_NAME; YieldType=YIELD_PRODUCTION; Percent=10; Tooltip=LOC_TRAIT_LEADER_ASHOKA_ALT_ABILITY_NAME; ModifierId=ASHOKA_CONQUEROR_MOD_ADJUST_UNIT_COMBAT_STRENGTH_MODIFIER; ModName=LOC_DIPLOMACY_AGENDA_WITHOUT_REGRET_NAME; Tooltip=LOC_DIPLOMACY_AGENDA_WITHOUT_REGRET_DESC; WeightType=DIPLOMACY_AGENDA_COMPARE_NUM_OWNED_TILES; FirstMeetDelay=20; UpdateFreq=10; AwardTo1=DIPLOMACY_AGENDA_AWARD_HIGHEST; AwardAmtType1=DIPLOMACY_AGENDA_NEG_AMT_MEDIUM; AwardTo2=DIPLOMACY_AGENDA_AWARD_LOWEST; AwardAmtType2=DIPLOMACY_AGENDA_AMT_MEDIUM; NotifyMessage=LOC_NOTIFICATION_DIPLOMATIC_AGENDA_DEFAULT_MESSAGE; NotifySummary=LOC_NOTIFICATION_DIPLOMATIC_AGENDA_DEFAULT_SUMMARY
leader,LEADER_ASHOKA_ALT,"Ashoka, World Conqueror",35994bc7-gameplaycopy,,TRAIT_LEADER_ATTRIBUTE_POLITICAL,,,MOD_TRAIT_LEADER_ATTRIBUTE_POLITICAL_TYPE; MOD_TRAIT_LEADER_ATTRIBUTE_UNLOCK_POLITICAL_01_TYPE; MOD_TRAIT_LEADER_ATTRIBUTE_UNLOCK_POLITICAL_02_TYPE,ActionType=DIPLOMACY_ACTION_LOCAL_FESTIVALS; ActionType=DIPLOMACY_ACTION_SABOTAGE_MORALE
leader,LEADER_ASHOKA_ALT,"Ashoka, World Conqueror",35994bc7-gameplaycopy,,TRAIT_LEADER_ATTRIBUTE_MILITARISTIC,,,MOD_TRAIT_LEADER_ATTRIBUTE_MILITARISTIC_TYPE; MOD_TRAIT_LEADER_ATTRIBUTE_UNLOCK_MILITARISTIC_01_TYPE; MOD_TRAIT_LEADER_ATTRIBUTE_UNLOCK_MILITARISTIC_02_TYPE,ActionType=DIPLOMACY_ACTION_MILITARY_AID; ActionType=DIPLOMACY_ACTION_SABOTAGE_MILITARY_PRODUCTION
leader,LEADER_ASHOKA_ALT,"Ashoka, World Conqueror",35994bc7-gameplaycopy,,TRAIT_AQ_MILITARY_VICTORY,,,,
leader,LEADER_ASHOKA_ALT,"Ashoka, World Conqueror",35994bc7-gameplaycopy,,TRAIT_EX_CULTURE_VICTORY,,,,
leader,LEADER_ASHOKA_ALT,"Ashoka, World Conqueror",35994bc7-gameplaycopy,,TRAIT_MO_MILITARY_VICTORY,,,,
leader,LEADER_HIMIKO_ALT,"Himiko, High Shaman",8d4c8700-frontendcopy,,,,,,
leader,LEADER_HIMIKO_ALT,"Himiko, High Shaman",35994bc7-gameplaycopy,Miko of Amaterasu,TRAIT_LEADER_HIMIKO_ALT_ABILITY,"[BLIST][LI][B]+2 [icon:YIELD_HAPPINESS] Happiness [/B]per Age on [icon:YIELD_HAPPINESS] [B]Happiness [/B]and [icon:YIELD_DIPLOMACY] [B]Diplomacy Buildings[/B], doubled if a [B]Building[/B] is both.[LI][B]+50% [icon:YIELD_PRODUCTION] Production [/B]towards constructing [icon:YIELD_HAPPINESS] [B]Happiness[/B] and [icon:YIELD_DIPLOMACY] [B]Diplomacy Buildings[/B], doubled if a [B]Building[/B] is both.[LI][B]+15% [icon:YIELD_CULTURE] Culture [/B]but [B]-15% [icon:YIELD_SCIENCE] Science[/B], and these effects are [B]doubled [/B]while in a [icon:CELEBRATION] [B]Celebration[/B].[/LIST]","• +2 Happiness per Age on Happiness and Influence Diplomacy Buildings, doubled if a Building is both.
• +50% Production towards constructing Happiness and Influence Diplomacy Buildings, doubled if a Building is both.
• +15% Culture but -15% Science, and these effects are doubled while in a Celebration.",HIMIKO_ALT_MOD_HAPPINESS_BUILDING_HAPPINESS_TYPE; HIMIKO_ALT_MOD_DIPLOMACY_BUILDING_HAPPINESS_TYPE; HIMIKO_ALT_MOD_HAPPINESS_BUILDING_PRODUCTION_RATE_TYPE; HIMIKO_ALT_MOD_DIPLOMACY_BUILDING_PRODUCTION_RATE_TYPE; HIMIKO_ALT_MOD_CULTURE_BOOST_TYPE; HIMIKO_ALT_MOD_SCIENCE_PENALTY_TYPE; HIMIKO_ALT_MOD_CULTURE_BOOST_CELEBRATION_TYPE; HIMIKO_ALT_MOD_SCIENCE_PENALTY_CELEBRATION_TYPE; HIMIKO_ALT_MOD_AGENDA_SHAMAN_QUEEN_TYPE,YieldType=YIELD_HAPPINESS; Amount=2; Tag=HAPPINESS; Tooltip=LOC_TRAIT_LEADER_HIMIKO_ALT_ABILITY_NAME; YieldType=YIELD_HAPPINESS; Amount=2; Tag=DIPLOMACY; Tooltip=LOC_TRAIT_LEADER_HIMIKO_ALT_ABILITY_NAME; Tag=HAPPINESS; Percent=50; Tooltip=LOC_TRAIT_LEADER_HIMIKO_ALT_ABILITY_NAME; Tag=DIPLOMACY; Percent=50; Tooltip=LOC_TRAIT_LEADER_HIMIKO_ALT_ABILITY_NAME; YieldType=YIELD_CULTURE; Percent=15; Tooltip=LOC_TRAIT_LEADER_HIMIKO_ALT_ABILITY_NAME; YieldType=YIELD_SCIENCE; Percent=-15; Tooltip=LOC_TRAIT_LEADER_HIMIKO_ALT_ABILITY_NAME; YieldType=YIELD_CULTURE; Percent=30; Tooltip=LOC_TRAIT_LEADER_HIMIKO_ALT_ABILITY_NAME; YieldType=YIELD_SCIENCE; Percent=-30; Tooltip=LOC_TRAIT_LEADER_HIMIKO_ALT_ABILITY_NAME; ModName=LOC_DIPLOMACY_AGENDA_SHAMAN_QUEEN_NAME; Tooltip=LOC_DIPLOMACY_AGENDA_SHAMAN_QUEEN_DESC; WeightType=DIPLOMACY_AGENDA_COMPARE_DISTRICTS2; FirstMeetDelay=20; UpdateFreq=10; AwardTo1=DIPLOMACY_AGENDA_AWARD_ALL; AwardAmtType1=DIPLOMACY_AGENDA_AMT_SMALL; Arg1=CULTURE; Arg2=HAPPINESS; AwardTo2=DIPLOMACY_AGENDA_AWARD_ALL; AwardAmtType2=DIPLOMACY_AGENDA_NEG_AMT_SMALL; Arg3=SCIENCE; Arg4=GOLD; NotifyMessage=LOC_NOTIFICATION_DIPLOMATIC_AGENDA_DEFAULT_MESSAGE; NotifySummary=LOC_NOTIFICATION_DIPLOMATIC_AGENDA_DEFAULT_SUMMARY
leader,LEADER_HIMIKO_ALT,"Himiko, High Shaman",35994bc7-gameplaycopy,,TRAIT_LEADER_ATTRIBUTE_POLITICAL,,,MOD_TRAIT_LEADER_ATTRIBUTE_POLITICAL_TYPE; MOD_TRAIT_LEADER_ATTRIBUTE_UNLOCK_POLITICAL_01_TYPE; MOD_TRAIT_LEADER_ATTRIBUTE_UNLOCK_POLITICAL_02_TYPE,ActionType=DIPLOMACY_ACTION_LOCAL_FESTIVALS; ActionType=DIPLOMACY_ACTION_SABOTAGE_MORALE
leader,LEADER_HIMIKO_ALT,"Himiko, High Shaman",35994bc7-gameplaycopy,,TRAIT_LEADER_ATTRIBUTE_CULTURAL,,,MOD_TRAIT_LEADER_ATTRIBUTE_CULTURAL_TYPE; MOD_TRAIT_LEADER_ATTRIBUTE_UNLOCK_CULTURAL_01_TYPE; MOD_TRAIT_LEADER_ATTRIBUTE_UNLOCK_CULTURAL_02_TYPE,ActionType=DIPLOMACY_ACTION_CULTURAL_EXCHANGE; ActionType=DIPLOMACY_ACTION_SABOTAGE_CIVIC_STUDY
leader,LEADER_HIMIKO_ALT,"Himiko, High Shaman",35994bc7-gameplaycopy,,TRAIT_AQ_CULTURE_VICTORY,,,,
leader,LEADER_HIMIKO_ALT,"Himiko, High Shaman",35994bc7-gameplaycopy,,TRAIT_EX_SCIENCE_VICTORY,,,,
leader,LEADER_HIMIKO_ALT,"Himiko, High Shaman",35994bc7-gameplaycopy,,TRAIT_MO_CULTURE_VICTORY,,,,
leader,LEADER_BOLIVAR,Simón Bolívar,8d4c8700-frontendcopy,,,,,,
leader,LEADER_BOLIVAR,Simón Bolívar,35994bc7-gameplaycopy,El Libertador,TRAIT_LEADER_BOLIVAR_ABILITY,[BLIST][LI]Gain [B]2 [icon:WAR_SUPPORT] War Support [/B]on [icon:WAR] [B]Wars[/B] you declare.[LI]When you conquer a Settlement for the first time the Settlement can [B]purchase 1 [icon:CITY_BUILDING_LIST] Building or [icon:CITY_RURAL] Improvement for free[/B].[LI][icon:YIELD_ANGRY] [B]Unrest [/B]does not prevent Purchasing.[/LIST],"• Gain 2 War Support on Wars you declare.
• When you conquer a Settlement for the first time the Settlement can purchase 1 Building or Improvement for free.
• Unhappiness Unrest does not prevent Purchasing.",BOLIVAR_MOD_WAR_SUPPORT_AGGRO_TYPE; BOLIVAR_MOD_FREE_BUILDING_TYPE; BOLIVAR_MOD_PURCHASE_UNREST_TYPE; BOLIVAR_MOD_AGENDA_CORNERSTONE_FREEDOM_TYPE,Amount=2; IsAggressor=true; ModifierId=ATTACH_BOLIVAR_MOD_FREE_BUILDING; ModName=LOC_DIPLOMACY_AGENDA_CORNERSTONE_FREEDOM_NAME; Tooltip=LOC_DIPLOMACY_AGENDA_CORNERSTONE_FREEDOM_DESC; WeightType=DIPLOMACY_AGENDA_COMPARE_NUM_UNHAPPY_SETTLEMENTS; FirstMeetDelay=20; UpdateFreq=10; AwardTo1=DIPLOMACY_AGENDA_AWARD_LOWEST; AwardAmtType1=DIPLOMACY_AGENDA_AMT_MEDIUM; AwardTo2=DIPLOMACY_AGENDA_AWARD_HIGHEST; AwardAmtType2=DIPLOMACY_AGENDA_NEG_AMT_MEDIUM; NotifyMessage=LOC_NOTIFICATION_DIPLOMATIC_AGENDA_DEFAULT_MESSAGE; NotifySummary=LOC_NOTIFICATION_DIPLOMATIC_AGENDA_DEFAULT_SUMMARY
leader,LEADER_BOLIVAR,Simón Bolívar,35994bc7-gameplaycopy,,TRAIT_LEADER_ATTRIBUTE_EXPANSIONIST,,,MOD_TRAIT_LEADER_ATTRIBUTE_EXPANSIONIST_TYPE; MOD_TRAIT_LEADER_ATTRIBUTE_UNLOCK_EXPANSIONIST_01_TYPE; MOD_TRAIT_LEADER_ATTRIBUTE_UNLOCK_EXPANSIONIST_02_TYPE,ActionType=DIPLOMACY_ACTION_FARMERS_MARKET; ActionType=DIPLOMACY_ACTION_SABOTAGE_FOOD_PRODUCTION
leader,LEADER_BOLIVAR,Simón Bolívar,35994bc7-gameplaycopy,,TRAIT_LEADER_ATTRIBUTE_MILITARISTIC,,,MOD_TRAIT_LEADER_ATTRIBUTE_MILITARISTIC_TYPE; MOD_TRAIT_LEADER_ATTRIBUTE_UNLOCK_MILITARISTIC_01_TYPE; MOD_TRAIT_LEADER_ATTRIBUTE_UNLOCK_MILITARISTIC_02_TYPE,ActionType=DIPLOMACY_ACTION_MILITARY_AID; ActionType=DIPLOMACY_ACTION_SABOTAGE_MILITARY_PRODUCTION
leader,LEADER_BOLIVAR,Simón Bolívar,35994bc7-gameplaycopy,,TRAIT_LEADER_AGGRESSIVE,,,,
leader,LEADER_BOLIVAR,Simón Bolívar,35994bc7-gameplaycopy,,TRAIT_AQ_MILITARY_VICTORY,,,,
leader,LEADER_BOLIVAR,Simón Bolívar,35994bc7-gameplaycopy,,TRAIT_EX_ECONOMIC_VICTORY,,,,
leader,LEADER_BOLIVAR,Simón Bolívar,35994bc7-gameplaycopy,,TRAIT_MO_MILITARY_VICTORY,,,,
leader,LEADER_EDWARD_TEACH,Edward Teach,8d4c8700-frontendcopy,,,,,,
leader,LEADER_EDWARD_TEACH,Edward Teach,35994bc7-gameplaycopy,Blackbeard,TRAIT_LEADER_EDWARD_TEACH_ABILITY,"[BLIST][LI]All Naval Units gain the [icon:UNIT_CAUTION] [B]Pirate Ability[/B], allowing them to cross borders of other Civilizations, [icon:Action_Pillage] [B]Plunder Trade Routes[/B] from non-Allied Civilizations, and attack Units of non-Allied Civilizations [B]without declaring [icon:WAR] War[/B].[LI]Defeating any Naval Unit with your own Naval Units provides [B][icon:YIELD_GOLD] Gold[/B] equal to 50% of its [icon:NAR_REW_COMBAT] [B]Combat Strength[/B] and captures that Unit under your control. [LI][B]+1 [icon:YIELD_GOLD] Gold [/B]Maintenance for [B]Naval Units[/B].[/LIST]","• All Naval Units gain the Pirate Ability, allowing them to cross borders of other Civilizations, Plunder Trade Routes from non-Allied Civilizations, and attack Units of non-Allied Civilizations without declaring War.
• Defeating any Naval Unit with your own Naval Units provides Gold equal to 50% of its Combat Strength and captures that Unit under your control.
• +1 Gold Maintenance for Naval Units.",EDWARD_TEACH_MOD_ALL_NAVAL_UNITS_PIRATES_TYPE; EDWARD_TEACH_MOD_ENTER_FOREIGN_MOD_ADJUST_UNIT_ENTER_FOREIGN_LANDS_TYPE; EDWARD_TEACH_MOD_PLUNDER_TRADE_ROUTES_BETWEEN_OTHER_CIVS_TYPE; EDWARD_TEACH_MOD_GOLD_KILLS_TYPE; EDWARD_TEACH_MOD_CAPTURE_TYPE; EDWARD_TEACH_MOD_NAVAL_MAINTENANCE_TYPE; EDWARD_TEACH_MOD_AGENDA_TYPE,Privateer=true; Enter=true; CanPlunder=true; ModifierId=EDWARD_TEACH_MOD_GOLD_KILLS_MODIFIER; CanCapture=true; Amount=-1; UnitTag=UNIT_CLASS_NAVAL; Tooltip=LOC_TRAIT_LEADER_EDWARD_TEACH_ABILITY_NAME; ModName=LOC_DIPLOMACY_AGENDA_EDWARD_TEACH_NAME; Tooltip=LOC_DIPLOMACY_AGENDA_EDWARD_TEACH_DESC; WeightType=DIPLOMACY_AGENDA_COMPARE_NUM_UNIT_TAGS; FirstMeetDelay=20; UpdateFreq=10; AwardTo1=DIPLOMACY_AGENDA_AWARD_HIGHEST; AwardAmtType1=DIPLOMACY_AGENDA_AMT_SMALL; Arg1=UNIT_CLASS_NAVAL; AwardTo2=DIPLOMACY_AGENDA_AWARD_LOWEST; AwardAmtType2=DIPLOMACY_AGENDA_NEG_AMT_SMALL; NotifyMessage=LOC_NOTIFICATION_DIPLOMATIC_AGENDA_DEFAULT_MESSAGE; NotifySummary=LOC_NOTIFICATION_DIPLOMATIC_AGENDA_DEFAULT_SUMMARY
leader,LEADER_EDWARD_TEACH,Edward Teach,35994bc7-gameplaycopy,,TRAIT_LEADER_ATTRIBUTE_ECONOMIC,,,MOD_TRAIT_LEADER_ATTRIBUTE_ECONOMIC_TYPE; MOD_TRAIT_LEADER_ATTRIBUTE_UNLOCK_ECONOMIC_01_TYPE; MOD_TRAIT_LEADER_ATTRIBUTE_UNLOCK_ECONOMIC_02_TYPE,ActionType=DIPLOMACY_ACTION_MINOR_TRADE; ActionType=DIPLOMACY_ACTION_SABOTAGE_TREASURY
leader,LEADER_EDWARD_TEACH,Edward Teach,35994bc7-gameplaycopy,,TRAIT_LEADER_ATTRIBUTE_MILITARISTIC,,,MOD_TRAIT_LEADER_ATTRIBUTE_MILITARISTIC_TYPE; MOD_TRAIT_LEADER_ATTRIBUTE_UNLOCK_MILITARISTIC_01_TYPE; MOD_TRAIT_LEADER_ATTRIBUTE_UNLOCK_MILITARISTIC_02_TYPE,ActionType=DIPLOMACY_ACTION_MILITARY_AID; ActionType=DIPLOMACY_ACTION_SABOTAGE_MILITARY_PRODUCTION
leader,LEADER_EDWARD_TEACH,Edward Teach,35994bc7-gameplaycopy,,TRAIT_AQ_ECONOMIC_VICTORY,,,,
leader,LEADER_EDWARD_TEACH,Edward Teach,35994bc7-gameplaycopy,,TRAIT_EX_ECONOMIC_VICTORY,,,,
leader,LEADER_EDWARD_TEACH,Edward Teach,35994bc7-gameplaycopy,,TRAIT_MO_ECONOMIC_VICTORY,,,,
leader,LEADER_FRIEDRICH_ALT,"Friedrich, Baroque",8d4c8700-frontendcopy,,,,,,
leader,LEADER_FRIEDRICH_ALT,"Friedrich, Baroque",35994bc7-gameplaycopy,Hohenfriedberger Marsch,TRAIT_LEADER_FRIEDRICH_ALT_ABILITY,[BLIST][LI]Gain a [icon:NAR_REW_GREATWORK] [B]Great Work [/B]when you capture a Settlement for the first time.[LI][B]+1 [icon:YIELD_CULTURE] Culture [/B]per Age on displayed [icon:NAR_REW_GREATWORK] [B]Great Works[/B].[LI]Gain an [B]Infantry Unit [/B]when you complete a [icon:RADIAL_CIVICS] [B]Civic Mastery[/B] or construct a [icon:YIELD_CULTURE] [B]Culture Building[/B].[/LIST],"• Gain a Great Work when you capture a Settlement for the first time.
• +1 Culture per Age on displayed Great Works.
• Gain an Infantry Unit when you complete a Civic Mastery or construct a Culture Building.",FRIEDRICH_ALT_MOD_GREATWORK_TYPE; FRIEDRICH_ALT_MOD_INFANTRY_CONSTRUCT_CULTURE_TYPE; FRIEDRICH_ALT_MOD_INFANTRY_CIVIC_TYPE; FRIEDRICH_ALT_MOD_GREAT_WORK_CULTURE_TYPE; FRIEDRICH_ALT_MOD_AGENDA_BAROQUE_TYPE,Amount=1; AllowUniqueOverride=true; UnitTag=UNIT_CLASS_INFANTRY; Amount=1; SystemType=SYSTEM_CULTURE; UnitTag=UNIT_CLASS_INFANTRY; AllowUniqueOverride=true; Amount=1; Depth=2; YieldType=YIELD_CULTURE; Amount=1; Tooltip=LOC_TRAIT_LEADER_FRIEDRICH_ALT_ABILITY_NAME; ModName=LOC_DIPLOMACY_AGENDA_BAROQUE_NAME; Tooltip=LOC_DIPLOMACY_AGENDA_BAROQUE_DESC; WeightType=DIPLOMACY_AGENDA_COMPARE_BAROQUE; FirstMeetDelay=10; UpdateFreq=10; AwardTo1=DIPLOMACY_AGENDA_AWARD_ALL; AwardAmtType1=DIPLOMACY_AGENDA_AMT_SMALL; AwardTo2=DIPLOMACY_AGENDA_AWARD_ALL; AwardAmtType2=DIPLOMACY_AGENDA_AMT_CUSTOM; AwardAmt2=-1; NotifyMessage=LOC_NOTIFICATION_DIPLOMATIC_AGENDA_DEFAULT_MESSAGE; NotifySummary=LOC_NOTIFICATION_DIPLOMATIC_AGENDA_DEFAULT_SUMMARY
leader,LEADER_FRIEDRICH_ALT,"Friedrich, Baroque",35994bc7-gameplaycopy,,TRAIT_LEADER_ATTRIBUTE_CULTURAL,,,MOD_TRAIT_LEADER_ATTRIBUTE_CULTURAL_TYPE; MOD_TRAIT_LEADER_ATTRIBUTE_UNLOCK_CULTURAL_01_TYPE; MOD_TRAIT_LEADER_ATTRIBUTE_UNLOCK_CULTURAL_02_TYPE,ActionType=DIPLOMACY_ACTION_CULTURAL_EXCHANGE; ActionType=DIPLOMACY_ACTION_SABOTAGE_CIVIC_STUDY
leader,LEADER_FRIEDRICH_ALT,"Friedrich, Baroque",35994bc7-gameplaycopy,,TRAIT_LEADER_ATTRIBUTE_MILITARISTIC,,,MOD_TRAIT_LEADER_ATTRIBUTE_MILITARISTIC_TYPE; MOD_TRAIT_LEADER_ATTRIBUTE_UNLOCK_MILITARISTIC_01_TYPE; MOD_TRAIT_LEADER_ATTRIBUTE_UNLOCK_MILITARISTIC_02_TYPE,ActionType=DIPLOMACY_ACTION_MILITARY_AID; ActionType=DIPLOMACY_ACTION_SABOTAGE_MILITARY_PRODUCTION
leader,LEADER_FRIEDRICH_ALT,"Friedrich, Baroque",35994bc7-gameplaycopy,,TRAIT_AQ_MILITARY_VICTORY,,,,
leader,LEADER_FRIEDRICH_ALT,"Friedrich, Baroque",35994bc7-gameplaycopy,,TRAIT_EX_SCIENCE_VICTORY,,,,
leader,LEADER_FRIEDRICH_ALT,"Friedrich, Baroque",35994bc7-gameplaycopy,,TRAIT_MO_CULTURE_VICTORY,,,,
leader,LEADER_XERXES_ALT,"Xerxes, the Achaemenid",8d4c8700-frontendcopy,,,,,,
leader,LEADER_XERXES_ALT,"Xerxes, the Achaemenid",35994bc7-gameplaycopy,Silk Road,TRAIT_LEADER_XERXES_ALT_ABILITY,[BLIST][LI][B]+1 [icon:TRADE_ROUTE] Trade Route Limit[/B] with all other Leaders.[LI][B]+10 [/B]Trade Range.[LI]Gain [B]50 [icon:YIELD_CULTURE] Culture [/B]and [B]100 [icon:YIELD_GOLD] Gold [/B]per Age when you create a [icon:TRADE_ROUTE] [B]Trade Route [/B]or [B]Road[/B].[LI][B]+1 [icon:YIELD_CULTURE] Culture [/B]and [icon:YIELD_GOLD] [B]Gold [/B]per Age on [B]Unique Buildings [/B]and [B]Improvements[/B].[/LIST],"• +1 Trade Route Limit with all other Leaders.
• +10 Trade Range.
• Gain 50 Culture and 100 Gold per Age when you create a Trade Route or Road.
• +1 Culture and Gold per Age on Unique Buildings and Improvements.",XERXES_ALT_MOD_TRADE_ROUTE_CAP_TYPE; XERXES_ALT_MOD_TRADE_RANGE_EXTEND_LAND_TYPE; XERXES_ALT_MOD_TRADE_RANGE_EXTEND_SEA_TYPE; XERXES_ALT_MOD_TRADE_ROUTE_CULTURE_TYPE; XERXES_ALT_MOD_ROAD_CULTURE_TYPE; XERXES_ALT_MOD_TRADE_ROUTE_GOLD_TYPE; XERXES_ALT_MOD_ROAD_GOLD_TYPE; XERXES_ALT_MOD_UNIQUE_BUILDING_YIELD_TYPE; XERXES_ALT_MOD_UNIQUE_IMPROVEMENT_YIELD_TYPE; XERXES_ALT_MOD_AGENDA_LORD_OF_COIN_TYPE,"Amount=1; MajorsOnly=true; Amount=10; DomainType=DOMAIN_LAND; Amount=10; DomainType=DOMAIN_SEA; YieldType=YIELD_CULTURE; Amount=50; AdjustByGameSpeed=true; CommandType=UNITCOMMAND_MAKE_TRADE_ROUTE; YieldType=YIELD_CULTURE; Amount=50; AdjustByGameSpeed=true; CommandType=UNITCOMMAND_CONNECT_WITH_ROAD; YieldType=YIELD_GOLD; Amount=100; AdjustByGameSpeed=true; CommandType=UNITCOMMAND_MAKE_TRADE_ROUTE; YieldType=YIELD_GOLD; Amount=100; AdjustByGameSpeed=true; CommandType=UNITCOMMAND_CONNECT_WITH_ROAD; Tag=UNIQUE; YieldType=YIELD_CULTURE, YIELD_GOLD; Amount=1; Tooltip=LOC_TRAIT_LEADER_XERXES_ALT_ABILITY_NAME; Tag=UNIQUE_IMPROVEMENT; YieldType=YIELD_CULTURE, YIELD_GOLD; Amount=1; Tooltip=LOC_TRAIT_LEADER_XERXES_ALT_ABILITY_NAME; ModName=LOC_DIPLOMACY_AGENDA_LORD_OF_COIN_NAME; Tooltip=LOC_DIPLOMACY_AGENDA_LORD_OF_COIN_DESC; WeightType=DIPLOMACY_AGENDA_COMPARE_NUM_TRADE_ROUTES; FirstMeetDelay=20; UpdateFreq=10; AwardTo1=DIPLOMACY_AGENDA_AWARD_HIGHER_OR_EQUAL; AwardAmtType1=DIPLOMACY_AGENDA_NEG_AMT_MEDIUM; AwardTo2=DIPLOMACY_AGENDA_AWARD_LOWER; AwardAmtType2=DIPLOMACY_AGENDA_AMT_SMALL; NotifyMessage=LOC_NOTIFICATION_DIPLOMATIC_AGENDA_DEFAULT_MESSAGE; NotifySummary=LOC_NOTIFICATION_DIPLOMATIC_AGENDA_DEFAULT_SUMMARY"
leader,LEADER_XERXES_ALT,"Xerxes, the Achaemenid",35994bc7-gameplaycopy,,TRAIT_LEADER_ATTRIBUTE_ECONOMIC,,,MOD_TRAIT_LEADER_ATTRIBUTE_ECONOMIC_TYPE; MOD_TRAIT_LEADER_ATTRIBUTE_UNLOCK_ECONOMIC_01_TYPE; MOD_TRAIT_LEADER_ATTRIBUTE_UNLOCK_ECONOMIC_02_TYPE,ActionType=DIPLOMACY_ACTION_MINOR_TRADE; ActionType=DIPLOMACY_ACTION_SABOTAGE_TREASURY
leader,LEADER_XERXES_ALT,"Xerxes, the Achaemenid",35994bc7-gameplaycopy,,TRAIT_LEADER_ATTRIBUTE_CULTURAL,,,MOD_TRAIT_LEADER_ATTRIBUTE_CULTURAL_TYPE; MOD_TRAIT_LEADER_ATTRIBUTE_UNLOCK_CULTURAL_01_TYPE; MOD_TRAIT_LEADER_ATTRIBUTE_UNLOCK_CULTURAL_02_TYPE,ActionType=DIPLOMACY_ACTION_CULTURAL_EXCHANGE; ActionType=DIPLOMACY_ACTION_SABOTAGE_CIVIC_STUDY
leader,LEADER_XERXES_ALT,"Xerxes, the Achaemenid",35994bc7-gameplaycopy,,TRAIT_AQ_ECONOMIC_VICTORY,,,,
leader,LEADER_XERXES_ALT,"Xerxes, the Achaemenid",35994bc7-gameplaycopy,,TRAIT_EX_ECONOMIC_VICTORY,,,,
leader,LEADER_XERXES_ALT,"Xerxes, the Achaemenid",35994bc7-gameplaycopy,,TRAIT_MO_ECONOMIC_VICTORY,,,,
leader,LEADER_NAPOLEON,"Napoleon, Emperor",8d4c8700-frontendcopy,,,,,,
leader,LEADER_NAPOLEON,"Napoleon, Emperor",35994bc7-gameplaycopy,Continental System,TRAIT_LEADER_NAPOLEON_ABILITY,"[BLIST][LI]All basic [icon:SANCTIONS] [B]Sanctions [/B]are automatically unlocked.[LI][B]+50% [icon:DIPLOMACY]Influence [/B]towards initiating [icon:SANCTIONS][B] Sanctions[/B]. [LI][B]+5 [icon:YIELD_CULTURE] Culture and [icon:YIELD_GOLD] Gold per Age [/B]for each Leader you have an active [B][icon:SANCTIONS] Sanction [/B]on, except [B] Denouncement [/B].[LI][B]+1 [icon:NAR_REW_COMBAT] Combat Strength [/B]for [B]Land Units [/B]for every [icon:SANCTIONS][B] Sanction [/B]you have active, except [B]Denouncement[/B].[/LIST]","• All basic Sanctions are automatically unlocked.
• +50% Influence towards initiating Sanctions.
• +5 Culture and Gold per Age for each Leader you have an active Sanction on, except Denouncement .
• +1 Combat Strength for Land Units for every Sanction you have active, except Denouncement.",NAPOLEON_MOD_AGENDA_NAPOLEONIC_CODE_TYPE; NAPOLEON_MOD_CULTURE_PER_SANCTIONED_PLAYER_TYPE; NAPOLEON_MOD_GOLD_PER_SANCTIONED_PLAYER_TYPE; NAPOLEON_MOD_COMBAT_STRENGTH_PER_ACTIVE_SANCTION_TYPE; NAPOLEON_MOD_LOWER_COST_SANCTIONS_TYPE; NAPOLEON_MOD_ULOCK_ALL_SANCTIONS_TYPE,"ModName=LOC_DIPLOMACY_AGENDA_NAPOLEONIC_CODE_NAME; Tooltip=LOC_DIPLOMACY_AGENDA_NAPOLEONIC_CODE_DESC; WeightType=DIPLOMACY_AGENDA_COMPARE_NAPOLEONIC_CODE; FirstMeetDelay=20; UpdateFreq=10; AwardTo1=DIPLOMACY_AGENDA_AWARD_LOWEST; AwardAmtType1=DIPLOMACY_AGENDA_AMT_MEDIUM; Arg1=DOMAIN_LAND; AwardTo2=DIPLOMACY_AGENDA_AWARD_HIGHEST; AwardAmtType2=DIPLOMACY_AGENDA_NEG_AMT_MEDIUM; Arg2=DOMAIN_SEA; NotifyMessage=LOC_NOTIFICATION_DIPLOMATIC_AGENDA_DEFAULT_MESSAGE; NotifySummary=LOC_NOTIFICATION_DIPLOMATIC_AGENDA_DEFAULT_SUMMARY; YieldType=YIELD_CULTURE; Amount=5; YieldType=YIELD_GOLD; Amount=5; Amount=1; DiplomacyActionGroups=DIPLOMACY_ACTION_GROUP_SANCTION; Percent=50; ActionGroupType=DIPLOMACY_ACTION_GROUP_SANCTION; ActionType=DIPLOMACY_ACTION_SABOTAGE_TREASURY, DIPLOMACY_ACTION_SABOTAGE_MORALE, DIPLOMACY_ACTION_SABOTAGE_RESEARCH, DIPLOMACY_ACTION_SABOTAGE_CIVIC_STUDY, DIPLOMACY_ACTION_SABOTAGE_MILITARY_PRODUCTION, DIPLOMACY_ACTION_SABOTAGE_FOOD_PRODUCTION"
leader,LEADER_NAPOLEON,"Napoleon, Emperor",35994bc7-gameplaycopy,,TRAIT_LEADER_ATTRIBUTE_POLITICAL,,,MOD_TRAIT_LEADER_ATTRIBUTE_POLITICAL_TYPE; MOD_TRAIT_LEADER_ATTRIBUTE_UNLOCK_POLITICAL_01_TYPE; MOD_TRAIT_LEADER_ATTRIBUTE_UNLOCK_POLITICAL_02_TYPE,ActionType=DIPLOMACY_ACTION_LOCAL_FESTIVALS; ActionType=DIPLOMACY_ACTION_SABOTAGE_MORALE
leader,LEADER_NAPOLEON,"Napoleon, Emperor",35994bc7-gameplaycopy,,TRAIT_LEADER_ATTRIBUTE_ECONOMIC,,,MOD_TRAIT_LEADER_ATTRIBUTE_ECONOMIC_TYPE; MOD_TRAIT_LEADER_ATTRIBUTE_UNLOCK_ECONOMIC_01_TYPE; MOD_TRAIT_LEADER_ATTRIBUTE_UNLOCK_ECONOMIC_02_TYPE,ActionType=DIPLOMACY_ACTION_MINOR_TRADE; ActionType=DIPLOMACY_ACTION_SABOTAGE_TREASURY
leader,LEADER_NAPOLEON,"Napoleon, Emperor",35994bc7-gameplaycopy,,TRAIT_AQ_MILITARY_VICTORY,,,,
leader,LEADER_NAPOLEON,"Napoleon, Emperor",35994bc7-gameplaycopy,,TRAIT_EX_SCIENCE_VICTORY,,,,
leader,LEADER_NAPOLEON,"Napoleon, Emperor",35994bc7-gameplaycopy,,TRAIT_MO_ECONOMIC_VICTORY,,,,
leader,LEADER_NAPOLEON_ALT,"Napoleon, Revolutionary",8d4c8700-frontendcopy,,,,,,
leader,LEADER_NAPOLEON_ALT,"Napoleon, Revolutionary",35994bc7-gameplaycopy,Enemy of the Coalitions,TRAIT_LEADER_NAPOLEON_ALT_ABILITY,"[BLIST][LI][B]+1 [icon:Action_Move] Movement [/B]for all [B]Land Units[/B].[LI]Defeating an enemy Unit provides [icon:YIELD_CULTURE] [B]Culture [/B]equal to [B]100% [/B]of its [icon:NAR_REW_COMBAT] [B]Combat Strength[/B].[LI]The first time each Age that a [icon:WAR] [B]War[/B] is declared against you, gain an [icon:UNIT_ARMY_COMMANDER] [B]Army Commander[/B] in your [icon:NOTIFICATION_SELECT_CAPITAL] [B] Capital[/B] packed with [B]1 Infantry Unit, 1 Cavalry Unit, 1 Ranged Unit, and 1 Siege Unit[/B], even if those Units have not been unlocked.[/LIST]","• +1 Movement for all Land Units.
• Defeating an enemy Unit provides Culture equal to 100% of its Combat Strength.
• The first time each Age that a War is declared against you, gain an Army Commander in your Capital packed with 1 Infantry Unit, 1 Cavalry Unit, 1 Ranged Unit, and 1 Siege Unit, even if those Units have not been unlocked.",NAPOLEON_ALT_MOD_LAND_UNIT_MOVEMENT_TYPE; NAPOLEON_ALT_MOD_CULTURE_ON_UNIT_DEFEAT_TYPE; NAPOLEON_ALT_MOD_AGENDA_CULTURE_FROM_CONQUEST_TYPE; NAPOLEON_ALT_MOD_SPAWN_ARMY_TYPE,"Amount=1; YieldType=YIELD_CULTURE; PercentDefeatedStrength=100; ModName=LOC_DIPLOMACY_AGENDA_CULTURE_FROM_CONQUEST_NAME; Tooltip=LOC_DIPLOMACY_AGENDA_CULTURE_FROM_CONQUEST_DESC; WeightType=DIPLOMACY_AGENDA_COMPARE_ALLIANCES_AND_CULTURE; FirstMeetDelay=10; UpdateFreq=10; AwardTo1=DIPLOMACY_AGENDA_AWARD_FOR_EACH; AwardAmtType1=DIPLOMACY_AGENDA_NEG_AMT_SMALL; Arg1=YIELD_CULTURE; AwardTo2=DIPLOMACY_AGENDA_AWARD_HIGHEST; AwardAmtType2=DIPLOMACY_AGENDA_AMT_MEDIUM; NotifyMessage=LOC_NOTIFICATION_DIPLOMATIC_AGENDA_DEFAULT_MESSAGE; NotifySummary=LOC_NOTIFICATION_DIPLOMATIC_AGENDA_DEFAULT_SUMMARY; CommanderType=UNIT_ARMY_COMMANDER; UnitTags=UNIT_CLASS_INFANTRY, UNIT_CLASS_RANGED, UNIT_CLASS_SIEGE, UNIT_CLASS_CAVALRY"
leader,LEADER_NAPOLEON_ALT,"Napoleon, Revolutionary",35994bc7-gameplaycopy,,TRAIT_LEADER_ATTRIBUTE_CULTURAL,,,MOD_TRAIT_LEADER_ATTRIBUTE_CULTURAL_TYPE; MOD_TRAIT_LEADER_ATTRIBUTE_UNLOCK_CULTURAL_01_TYPE; MOD_TRAIT_LEADER_ATTRIBUTE_UNLOCK_CULTURAL_02_TYPE,ActionType=DIPLOMACY_ACTION_CULTURAL_EXCHANGE; ActionType=DIPLOMACY_ACTION_SABOTAGE_CIVIC_STUDY
leader,LEADER_NAPOLEON_ALT,"Napoleon, Revolutionary",35994bc7-gameplaycopy,,TRAIT_LEADER_ATTRIBUTE_MILITARISTIC,,,MOD_TRAIT_LEADER_ATTRIBUTE_MILITARISTIC_TYPE; MOD_TRAIT_LEADER_ATTRIBUTE_UNLOCK_MILITARISTIC_01_TYPE; MOD_TRAIT_LEADER_ATTRIBUTE_UNLOCK_MILITARISTIC_02_TYPE,ActionType=DIPLOMACY_ACTION_MILITARY_AID; ActionType=DIPLOMACY_ACTION_SABOTAGE_MILITARY_PRODUCTION
leader,LEADER_NAPOLEON_ALT,"Napoleon, Revolutionary",35994bc7-gameplaycopy,,TRAIT_AQ_MILITARY_VICTORY,,,,
leader,LEADER_NAPOLEON_ALT,"Napoleon, Revolutionary",35994bc7-gameplaycopy,,TRAIT_EX_MILITARY_VICTORY,,,,
leader,LEADER_NAPOLEON_ALT,"Napoleon, Revolutionary",35994bc7-gameplaycopy,,TRAIT_MO_MILITARY_VICTORY,,,,
leader,LEADER_SAYYIDA_AL_HURRA,Sayyida al Hurra,8d4c8700-frontendcopy,,,,,,
leader,LEADER_SAYYIDA_AL_HURRA,Sayyida al Hurra,35994bc7-gameplaycopy,Hakima Tatwan,TRAIT_LEADER_SAYYIDA_AL_HURRA_ABILITY,"[BLIST][LI]Receive the strongest [B]Naval Unit [/B]every time you succeed in an [B][icon:ESPIONAGE] Espionage Action[/B], if you can place a Naval Unit.[LI][B]+2 [icon:YIELD_CULTURE] Culture[/B] and [B]+1 [icon:YIELD_DIPLOMACY] Influence[/B] per Age for every [B]Naval Unit[/B] stationed on a [icon:CITY_URBAN] [B]District [/B]. [LI]No [B][icon:YIELD_DIPLOMACY] Influence[/B] penalty for your [B][icon:ESPIONAGE] Espionage[/B] being revealed. [LI]Opponents cannot use [B]Counter Spy[/B] against you.[/LIST]","• Receive the strongest Naval Unit every time you succeed in an Espionage Action, if you can place a Naval Unit.
• +2 Culture and +1 Influence per Age for every Naval Unit stationed on a District .
• No Influence penalty for your Espionage being revealed.
• Opponents cannot use Counter Spy against you.",SAYYIDA_MOD_FREE_NAVAL_UNIT_TYPE; SAYYIDA_MOD_STATIONED_ON_DISTRICT_YIELDS_TYPE; SAYYIDA_MOD_NO_COUNTERSPY_AGAINST_TYPE; SAYYIDA_MOD_NO_INFLUENCE_PENALTY_REVEALED_SPIES_TYPE; SAYYIDA_MOD_AGENDA_TYPE,"ModifierId=SAYYIDA_MOD_STATIONED_ON_DISTRICT_CULTURE, SAYYIDA_MOD_STATIONED_ON_DISTRICT_INFLUENCE; ModName=LOC_DIPLOMACY_AGENDA_SAYYIDA_NAME; Tooltip=LOC_DIPLOMACY_AGENDA_SAYYIDA_DESC; WeightType=DIPLOMACY_AGENDA_COMPARE_NUM_UNIT_TAGS; FirstMeetDelay=20; UpdateFreq=10; AwardTo1=DIPLOMACY_AGENDA_AWARD_LOWEST; AwardAmtType1=DIPLOMACY_AGENDA_AMT_MEDIUM; Arg1=UNIT_CLASS_NAVAL; AwardTo2=DIPLOMACY_AGENDA_AWARD_HIGHEST; AwardAmtType2=DIPLOMACY_AGENDA_NEG_AMT_SMALL; NotifyMessage=LOC_NOTIFICATION_DIPLOMATIC_AGENDA_DEFAULT_MESSAGE; NotifySummary=LOC_NOTIFICATION_DIPLOMATIC_AGENDA_DEFAULT_SUMMARY"
leader,LEADER_SAYYIDA_AL_HURRA,Sayyida al Hurra,35994bc7-gameplaycopy,,TRAIT_LEADER_ATTRIBUTE_POLITICAL,,,MOD_TRAIT_LEADER_ATTRIBUTE_POLITICAL_TYPE; MOD_TRAIT_LEADER_ATTRIBUTE_UNLOCK_POLITICAL_01_TYPE; MOD_TRAIT_LEADER_ATTRIBUTE_UNLOCK_POLITICAL_02_TYPE,ActionType=DIPLOMACY_ACTION_LOCAL_FESTIVALS; ActionType=DIPLOMACY_ACTION_SABOTAGE_MORALE
leader,LEADER_SAYYIDA_AL_HURRA,Sayyida al Hurra,35994bc7-gameplaycopy,,TRAIT_LEADER_ATTRIBUTE_MILITARISTIC,,,MOD_TRAIT_LEADER_ATTRIBUTE_MILITARISTIC_TYPE; MOD_TRAIT_LEADER_ATTRIBUTE_UNLOCK_MILITARISTIC_01_TYPE; MOD_TRAIT_LEADER_ATTRIBUTE_UNLOCK_MILITARISTIC_02_TYPE,ActionType=DIPLOMACY_ACTION_MILITARY_AID; ActionType=DIPLOMACY_ACTION_SABOTAGE_MILITARY_PRODUCTION
leader,LEADER_SAYYIDA_AL_HURRA,Sayyida al Hurra,35994bc7-gameplaycopy,,TRAIT_AQ_MILITARY_VICTORY,,,,
leader,LEADER_SAYYIDA_AL_HURRA,Sayyida al Hurra,35994bc7-gameplaycopy,,TRAIT_EX_MILITARY_VICTORY,,,,
leader,LEADER_SAYYIDA_AL_HURRA,Sayyida al Hurra,35994bc7-gameplaycopy,,TRAIT_MO_MILITARY_VICTORY,,,,
leader,LEADER_TECUMSEH,Tecumseh,8d4c8700-frontendcopy,,,,,,
leader,LEADER_TECUMSEH,Tecumseh,35994bc7-gameplaycopy,Nicaakiyakoolaakwe,TRAIT_LEADER_TECUMSEH_ABILITY,[BLIST][LI][B]+1 [icon:YIELD_FOOD] Food[/B] per [TIP:LOC_PEDIA_CONCEPTS_AGE_TOOLTIP]Age[/TIP] in [B][icon:YIELD_TOWNS] [TIP:LOC_PEDIA_CONCEPTS_TOWN_TOOLTIP]Towns[/TIP][/B] and [B]+1 [icon:YIELD_PRODUCTION] Production[/B] per Age in [B][icon:YIELD_CITIES] [TIP:LOC_PEDIA_CONCEPTS_CITIES_TOOLTIP]Cities[/TIP][/B] for every [B][icon:CITYSTATE] [TIP:LOC_PEDIA_CONCEPTS_CITY_STATE_TOOLTIP]City-State[/TIP][/B] you are [B][TIP:LOC_PEDIA_CONCEPTS_SUZERAIN_TOOLTIP]Suzerain[/TIP][/B] of.[LI][B]+1 [icon:NAR_REW_COMBAT] Combat Strength[/B] for all [B][TIP:LOC_PEDIA_CONCEPTS_INFANTRY_UNITS_TOOLTIP]Infantry[/TIP][/B] and [B][TIP:LOC_PEDIA_CONCEPTS_RANGED_UNITS_TOOLTIP]Ranged units[/TIP][/B] for every [B][icon:CITYSTATE] [TIP:LOC_PEDIA_CONCEPTS_CITY_STATE_TOOLTIP]City-State[/TIP][/B] you are [B][TIP:LOC_PEDIA_CONCEPTS_SUZERAIN_TOOLTIP]Suzerain[/TIP][/B] of.[LI][B]+2 [icon:MILITARY_VP] [TIP:LOC_PEDIA_CONCEPTS_DOMINION_TOOLTIP]Dominion[/TIP][/B] for every [B][icon:CITYSTATE] [TIP:LOC_PEDIA_CONCEPTS_CITY_STATE_TOOLTIP]City-State[/TIP][/B] you are [B][TIP:LOC_PEDIA_CONCEPTS_SUZERAIN_TOOLTIP]Suzerain[/TIP][/B] of.[LI]All [B][icon:INDEPENDENT_POWER] [TIP:LOC_PEDIA_CONCEPTS_INDEPENDENT_POWER_TOOLTIP]Independent Powers[/TIP][/B] start [B][icon:PLAYER_RELATIONSHIP_FRIENDLY] Friendly[/B] with you.[/BLIST],"• +1 Food per Age in Towns and +1 Production per Age in Cities for every City-State you are Suzerain of.
• +1 Combat Strength for all Infantry and Ranged units for every City-State you are Suzerain of.
• +2 Dominion for every City-State you are Suzerain of.
• All Independent Powers start Friendly with you.",TECUMSEH_MOD_SUZERAIN_FOOD_TYPE; TECUMSEH_MOD_SUZERAIN_PRODUCTION_TYPE; TECUMSEH_MOD_SUZERAIN_ABILITY_TYPE; TECUMSEH_MOD_SUZERAIN_MILITARY_VICTORY_TYPE; TECUMSEH_MOD_IP_FRIENDLY_TYPE; TECUMSEH_MOD_AGENDA_SUZERAIN_OF_THE_WORLD_1_TYPE; TECUMSEH_MOD_AGENDA_SUZERAIN_OF_THE_WORLD_2_TYPE,YieldType=YIELD_FOOD; Amount=1; Tooltip=LOC_TRAIT_LEADER_TECUMSEH_ABILITY_NAME; YieldType=YIELD_PRODUCTION; Amount=1; Tooltip=LOC_TRAIT_LEADER_TECUMSEH_ABILITY_NAME; AbilityType=ABILITY_TECUMSEH_SUZERAIN; TrackerName=VICTORY_TRACKER_TECUMSEH_SUZERAIN; IndependentRelationship=FRIENDLY; AwardAmtType=DIPLOMACY_AGENDA_NEG_AMT_LARGE; NotifyMessage=LOC_NOTIFICATION_DIPLOMATIC_AGENDA_DEFAULT_MESSAGE; NotifySummary=LOC_NOTIFICATION_DIPLOMATIC_AGENDA_DEFAULT_SUMMARY; ModName=LOC_DIPLOMACY_AGENDA_SUZERAIN_OF_THE_WORLD_NAME; Tooltip=LOC_DIPLOMACY_AGENDA_SUZERAIN_OF_THE_WORLD_DESC; WeightType=DIPLOMACY_AGENDA_COMPARE_ACTIVE_ACTIONS_OF_TYPE; FirstMeetDelay=20; UpdateFreq=10; AwardTo1=DIPLOMACY_AGENDA_AWARD_NONE; AwardAmtType1=DIPLOMACY_AGENDA_AMT_SMALL; Arg1=DIPLOMACY_ACTION_GIVE_INFLUENCE_TOKEN; NotifyMessage=LOC_NOTIFICATION_DIPLOMATIC_AGENDA_DEFAULT_MESSAGE; NotifySummary=LOC_NOTIFICATION_DIPLOMATIC_AGENDA_DEFAULT_SUMMARY
leader,LEADER_TECUMSEH,Tecumseh,35994bc7-gameplaycopy,,TRAIT_LEADER_ATTRIBUTE_POLITICAL,,,MOD_TRAIT_LEADER_ATTRIBUTE_POLITICAL_TYPE; MOD_TRAIT_LEADER_ATTRIBUTE_UNLOCK_POLITICAL_01_TYPE; MOD_TRAIT_LEADER_ATTRIBUTE_UNLOCK_POLITICAL_02_TYPE,ActionType=DIPLOMACY_ACTION_LOCAL_FESTIVALS; ActionType=DIPLOMACY_ACTION_SABOTAGE_MORALE
leader,LEADER_TECUMSEH,Tecumseh,35994bc7-gameplaycopy,,TRAIT_LEADER_ATTRIBUTE_MILITARISTIC,,,MOD_TRAIT_LEADER_ATTRIBUTE_MILITARISTIC_TYPE; MOD_TRAIT_LEADER_ATTRIBUTE_UNLOCK_MILITARISTIC_01_TYPE; MOD_TRAIT_LEADER_ATTRIBUTE_UNLOCK_MILITARISTIC_02_TYPE,ActionType=DIPLOMACY_ACTION_MILITARY_AID; ActionType=DIPLOMACY_ACTION_SABOTAGE_MILITARY_PRODUCTION
leader,LEADER_TECUMSEH,Tecumseh,35994bc7-gameplaycopy,,TRAIT_AQ_MILITARY_VICTORY,,,,
leader,LEADER_TECUMSEH,Tecumseh,35994bc7-gameplaycopy,,TRAIT_EX_MILITARY_VICTORY,,,,
leader,LEADER_TECUMSEH,Tecumseh,35994bc7-gameplaycopy,,TRAIT_MO_MILITARY_VICTORY,,,,
leader,LEADER_GENGHIS_KHAN,Genghis Khan,8d4c8700-frontendcopy,,,,,,
leader,LEADER_GENGHIS_KHAN,Genghis Khan,35994bc7-gameplaycopy,Chosen of Tengri,TRAIT_LEADER_GENGHIS_KHAN_ABILITY,"[BLIST][LI][B]+3 [icon:NAR_REW_COMBAT] Combat Strength [/B]for [B]Cavalry Units[/B], or [B]+5[/B] when in an [B]Army [icon:COMMANDER_RADIUS] Command Radius[/B].[LI][icon:UNIT_ARMY_COMMANDER] [B]Army Commanders [/B]have [B]+1 [icon:Action_Move] Movement [/B]even when no Units are packed into them.[LI]Once per Age, [icon:UNIT_ARMY_COMMANDER] [B]Army Commanders [/B]can use the [B]Convert Independents Action[/B] to convert adjacent [icon:INDEPENDENT_POWER] [B]Independent Military Units [/B]to your control.[/LIST]","• +3 Combat Strength for Cavalry Units, or +5 when in an Army Command Radius.
• Army Commanders have +1 Movement even when no Units are packed into them.
• Once per Age, Army Commanders can use the Convert Independents Action to convert adjacent Independent Military Units to your control.",GENGHIS_KHAN_ARMY_COMMANDER_ABILITY_TYPE; GENGHIS_KHAN_MOD_AGENDA_TUMEN_TYPE; GENGHIS_KHAN_CAVALRY_COMBAT_STRENGTH_TYPE,AbilityType=ABILITY_GENGHIS_KHAN_ARMY_COMMANDER; ModName=LOC_DIPLOMACY_AGENDA_TUMEN_NAME; Tooltip=LOC_DIPLOMACY_AGENDA_TUMEN_DESC; WeightType=DIPLOMACY_AGENDA_COMPARE_NUM_UNIT_TAGS; FirstMeetDelay=20; UpdateFreq=10; AwardTo1=DIPLOMACY_AGENDA_AWARD_LOWEST; AwardAmtType1=DIPLOMACY_AGENDA_AMT_MEDIUM; Arg1=UNIT_CLASS_CAVALRY; AwardTo2=DIPLOMACY_AGENDA_AWARD_HIGHEST; AwardAmtType2=DIPLOMACY_AGENDA_NEG_AMT_SMALL; NotifyMessage=LOC_NOTIFICATION_DIPLOMATIC_AGENDA_DEFAULT_MESSAGE; NotifySummary=LOC_NOTIFICATION_DIPLOMATIC_AGENDA_DEFAULT_SUMMARY; AbilityType=ABILITY_GENGHIS_KHAN_NO_COMMAND_RADIUS_COMBAT
leader,LEADER_GENGHIS_KHAN,Genghis Khan,35994bc7-gameplaycopy,,TRAIT_LEADER_ATTRIBUTE_EXPANSIONIST,,,MOD_TRAIT_LEADER_ATTRIBUTE_EXPANSIONIST_TYPE; MOD_TRAIT_LEADER_ATTRIBUTE_UNLOCK_EXPANSIONIST_01_TYPE; MOD_TRAIT_LEADER_ATTRIBUTE_UNLOCK_EXPANSIONIST_02_TYPE,ActionType=DIPLOMACY_ACTION_FARMERS_MARKET; ActionType=DIPLOMACY_ACTION_SABOTAGE_FOOD_PRODUCTION
leader,LEADER_GENGHIS_KHAN,Genghis Khan,35994bc7-gameplaycopy,,TRAIT_LEADER_ATTRIBUTE_MILITARISTIC,,,MOD_TRAIT_LEADER_ATTRIBUTE_MILITARISTIC_TYPE; MOD_TRAIT_LEADER_ATTRIBUTE_UNLOCK_MILITARISTIC_01_TYPE; MOD_TRAIT_LEADER_ATTRIBUTE_UNLOCK_MILITARISTIC_02_TYPE,ActionType=DIPLOMACY_ACTION_MILITARY_AID; ActionType=DIPLOMACY_ACTION_SABOTAGE_MILITARY_PRODUCTION
leader,LEADER_GENGHIS_KHAN,Genghis Khan,35994bc7-gameplaycopy,,TRAIT_LEADER_AGGRESSIVE,,,,
leader,LEADER_GENGHIS_KHAN,Genghis Khan,35994bc7-gameplaycopy,,TRAIT_AQ_MILITARY_VICTORY,,,,
leader,LEADER_GENGHIS_KHAN,Genghis Khan,35994bc7-gameplaycopy,,TRAIT_EX_MILITARY_VICTORY,,,,
leader,LEADER_GENGHIS_KHAN,Genghis Khan,35994bc7-gameplaycopy,,TRAIT_MO_MILITARY_VICTORY,,,,
leader,LEADER_LAKSHMIBAI,Lakshmibai,8d4c8700-frontendcopy,,,,,,
leader,LEADER_LAKSHMIBAI,Lakshmibai,35994bc7-gameplaycopy,Rani of Jhansi,TRAIT_LEADER_LAKSHMIBAI_ABILITY,"[BLIST][LI][B]+50% [icon:YIELD_DIPLOMACY] Influence [/B]towards initiating the [icon:PROJECT] [B]City-State - Incorporate[/B] Action.[LI]When you incorporate a [icon:CITYSTATE] [B][TIP:LOC_PEDIA_CONCEPTS_CITY_STATE_TOOLTIP]City-State[/TIP] [/B], you gain all of their Units.[LI]When one of your [B]Land Military Units [/B]defeats an enemy Unit, gain [icon:YIELD_DIPLOMACY] [B]Influence [/B]equal to [B]100% [/B]of the defeated Unit's [icon:NAR_REW_COMBAT] [B]Combat Strength[/B].[/LIST]","• +50% Influence towards initiating the City-State - Incorporate Action.
• When you incorporate a City-State , you gain all of their Units.
• When one of your Land Military Units defeats an enemy Unit, gain Influence equal to 100% of the defeated Unit's Combat Strength.",LAKSHMIBAI_MOD_CS_INCORPORATE_TYPE; LAKSHMIBAI_MOD_CS_INCORPORATE_UNITS_TYPE; LAKSHMIBAI_INFLUENCE_TYPE; LAKSHMIBAI_MOD_AGENDA_ETERNAL_GLORY_TYPE,ActionType=DIPLOMACY_ACTION_CS_INCORPORATE; Percent=50; ModifierId=LAKSHMIBAI_INFLUENCE_MODIFIER; ModName=LOC_DIPLOMACY_AGENDA_ETERNAL_GLORY_NAME; Tooltip=LOC_DIPLOMACY_AGENDA_ETERNAL_GLORY_DESC; WeightType=DIPLOMACY_AGENDA_COMPARE_YIELD_TYPE; FirstMeetDelay=20; UpdateFreq=10; AwardTo1=DIPLOMACY_AGENDA_AWARD_HIGHEST; AwardAmtType1=DIPLOMACY_AGENDA_AMT_MEDIUM; Arg1=YIELD_DIPLOMACY; AwardTo2=DIPLOMACY_AGENDA_AWARD_LOWEST; AwardAmtType2=DIPLOMACY_AGENDA_NEG_AMT_MEDIUM; NotifyMessage=LOC_NOTIFICATION_DIPLOMATIC_AGENDA_DEFAULT_MESSAGE; NotifySummary=LOC_NOTIFICATION_DIPLOMATIC_AGENDA_DEFAULT_SUMMARY
leader,LEADER_LAKSHMIBAI,Lakshmibai,35994bc7-gameplaycopy,,TRAIT_LEADER_ATTRIBUTE_POLITICAL,,,MOD_TRAIT_LEADER_ATTRIBUTE_POLITICAL_TYPE; MOD_TRAIT_LEADER_ATTRIBUTE_UNLOCK_POLITICAL_01_TYPE; MOD_TRAIT_LEADER_ATTRIBUTE_UNLOCK_POLITICAL_02_TYPE,ActionType=DIPLOMACY_ACTION_LOCAL_FESTIVALS; ActionType=DIPLOMACY_ACTION_SABOTAGE_MORALE
leader,LEADER_LAKSHMIBAI,Lakshmibai,35994bc7-gameplaycopy,,TRAIT_LEADER_ATTRIBUTE_MILITARISTIC,,,MOD_TRAIT_LEADER_ATTRIBUTE_MILITARISTIC_TYPE; MOD_TRAIT_LEADER_ATTRIBUTE_UNLOCK_MILITARISTIC_01_TYPE; MOD_TRAIT_LEADER_ATTRIBUTE_UNLOCK_MILITARISTIC_02_TYPE,ActionType=DIPLOMACY_ACTION_MILITARY_AID; ActionType=DIPLOMACY_ACTION_SABOTAGE_MILITARY_PRODUCTION
leader,LEADER_LAKSHMIBAI,Lakshmibai,35994bc7-gameplaycopy,,TRAIT_AQ_MILITARY_VICTORY,,,,
leader,LEADER_LAKSHMIBAI,Lakshmibai,35994bc7-gameplaycopy,,TRAIT_EX_MILITARY_VICTORY,,,,
leader,LEADER_LAKSHMIBAI,Lakshmibai,35994bc7-gameplaycopy,,TRAIT_MO_CULTURE_VICTORY,,,,
leader,LEADER_DEFAULT,,35994bc7-gameplaycopy,,TRAIT_LEADER_MAJOR_CIV,,,MODIFIER_PLAYER_ARMIES_ADJUST_EXPERIENCE_RATE; MODIFIER_PLAYER_UNITS_ADJUST_COMBAT_STRENGTH_PER_DIFFICULTY; MODIFIER_PLAYER_ADJUST_YIELD; MODIFIER_PLAYER_ADJUST_YIELD; MODIFIER_PLAYER_ADJUST_YIELD; MODIFIER_PLAYER_ADJUST_YIELD; MODIFIER_PLAYER_ADJUST_CONSTRUCTIBLE_PRODUCTION; MODIFIER_PLAYER_ADJUST_UNIT_PRODUCTION; MODIFIER_PLAYER_UNITS_ADJUST_WATER_DAMAGE; MODIFIER_PLAYER_ADJUST_PROGRESSION_TREE_EFFICIENCY; MODIFIER_PLAYER_ADJUST_PROGRESSION_TREE_EFFICIENCY; MOD_CITY_PRODUCTION_TYPE; MAJOR_CIV_MOD_BASE_TRADE_CAPACITY_TYPE; MOD_HILLFORT_ABILITY_TYPE; MOD_PAIRIDAEZA_HEAL_ABILITY_TYPE; MODIFIER_PLAYER_GRANT_CITY_WALLS; MODIFIER_PLAYER_GRANT_TOWN_WALLS,Percent=-20; Type=ALL; Amount=-4; YieldType=YIELD_CULTURE; Percent=-20; YieldType=YIELD_GOLD; Percent=-20; YieldType=YIELD_HAPPINESS; Percent=-20; YieldType=YIELD_SCIENCE; Percent=-20; Percent=-20; Percent=-40; WaterDamage=33; SystemType=SYSTEM_TECH; Percent=10; SystemType=SYSTEM_CULTURE; Percent=10; YieldType=YIELD_PRODUCTION; Amount=3; ConstructibleType=BUILDING_CITY_HALL; Amount=1; MajorsOnly=false; AbilityType=ABILITY_HILLFORT; AbilityType=ABILITY_PAIRIDAEZA; BuildingType=BUILDING_ANCIENT_WALLS; Amount=0; BuildingType=BUILDING_ANCIENT_WALLS; Amount=0
leader,LEADER_INDEPENDENT,Villages,35994bc7-gameplaycopy,,TRAIT_LEADER_INDEPENDENT,,,,
leader,LEADER_MINOR_CIV_DEFAULT,Villages,35994bc7-gameplaycopy,,TRAIT_LEADER_MINOR_CIV,,,,
